# This file uses centimeters as units for non-parametric coordinates.

mtllib Full house prop.mtl
g default
v 10.714880 1.785190 -4.858044
v 11.417112 1.763489 -4.858044
v 10.982307 10.439200 -5.703011
v 11.684540 10.417500 -5.703011
v 10.980199 10.370993 -6.402257
v 11.682431 10.349292 -6.402257
v 10.712771 1.716981 -5.557290
v 11.415004 1.695281 -5.557290
v 10.847372 1.828331 -13.894279
v 11.549940 1.828331 -13.894279
v 10.847372 10.417550 -15.273658
v 11.549940 10.417550 -15.273658
v 10.847372 10.306149 -15.967338
v 11.549940 10.306149 -15.967338
v 10.847372 1.716930 -14.587959
v 11.549940 1.716930 -14.587959
v 10.807015 1.709444 5.470469
v 11.504300 1.700477 5.555996
v 10.807015 10.361294 6.377586
v 11.504300 10.352326 6.463114
v 10.893012 10.434004 5.684101
v 11.590297 10.425036 5.769629
v 10.893012 1.782153 4.776985
v 11.590297 1.773186 4.862513
v 4.469581 3.909424 -9.264370
v 4.469581 8.809720 -9.264370
v 4.469581 8.809720 -12.557766
v 4.469581 3.909424 -12.557766
v 4.968937 3.909424 -9.264370
v 4.968937 8.809720 -9.264370
v 4.968937 8.809720 -12.557766
v 4.968937 3.909424 -12.557766
v 4.469581 6.280717 -9.264370
v 4.469581 6.438426 -9.264370
v 4.968937 6.438426 -9.264370
v 4.968937 6.280717 -9.264370
v 4.968937 6.438426 -12.557766
v 4.968937 6.280717 -12.557766
v 4.469581 6.438426 -12.557766
v 4.469581 6.280717 -12.557766
v 4.469581 8.809720 -10.839443
v 4.469581 8.809720 -10.982698
v 4.968937 8.809720 -10.982698
v 4.968937 8.809720 -10.839443
v 4.968937 3.909424 -10.982698
v 4.968937 3.909424 -10.839443
v 4.469581 3.909424 -10.982698
v 4.469581 3.909424 -10.839443
v 4.987487 6.438426 -10.982698
v 4.987487 8.574156 -10.982698
v 4.987487 6.438426 -12.343786
v 4.987487 8.574156 -12.343786
v 4.987487 4.144988 -10.982698
v 4.987487 6.280717 -10.982698
v 4.987487 4.144988 -12.343786
v 4.987487 6.280717 -12.343786
v 4.987487 6.438426 -10.839443
v 4.987487 6.438426 -9.478350
v 4.987487 8.574156 -10.839443
v 4.987487 8.574156 -9.478350
v 4.987487 4.144988 -9.478350
v 4.987487 4.144988 -10.839443
v 4.987487 6.280717 -10.839443
v 4.987487 6.280717 -9.478350
v 5.182916 6.312255 -9.449701
v 5.154268 6.280717 -9.478350
v 5.182916 6.312255 -10.868092
v 5.154268 6.280717 -10.839443
v 5.182916 6.406889 -9.449701
v 5.154268 6.438426 -9.478350
v 5.182916 6.406889 -10.868092
v 5.154268 6.438426 -10.839443
v 5.182916 4.113450 -10.868092
v 5.154268 4.144988 -10.839443
v 5.182916 6.312255 -10.954050
v 5.154268 6.280717 -10.982698
v 5.182916 4.113450 -10.954050
v 5.154268 4.144988 -10.982698
v 5.182916 6.312255 -12.372436
v 5.154268 6.280717 -12.343786
v 5.182916 6.406889 -10.954050
v 5.154268 6.438426 -10.982698
v 5.182916 6.406889 -12.372436
v 5.154268 6.438426 -12.343786
v 5.182916 8.605694 -10.954050
v 5.154268 8.574156 -10.982698
v 5.182916 8.605694 -10.868092
v 5.154268 8.574156 -10.839443
v 5.182916 8.605694 -12.372436
v 5.154268 8.574156 -12.343786
v 5.182916 3.940962 -12.529118
v 5.154268 3.909424 -12.557766
v 5.182916 3.940962 -10.982698
v 5.182916 3.909424 -10.962440
v 5.154268 3.909424 -10.982698
v 5.182916 4.113450 -12.372436
v 5.154268 4.144988 -12.343786
v 5.154268 8.809720 -9.264370
v 5.182916 8.778182 -9.293017
v 5.154268 6.438426 -9.264370
v 5.182916 6.416126 -9.264370
v 5.182916 6.438426 -9.293017
v 5.182916 8.605694 -9.449701
v 5.154268 8.574156 -9.478350
v 5.154268 8.809720 -12.557766
v 5.182916 8.778182 -12.529118
v 5.154268 8.809720 -10.982698
v 5.182916 8.809720 -10.962440
v 5.182916 8.778182 -10.982698
v 5.182916 6.438426 -12.529118
v 5.182916 6.416126 -12.557766
v 5.154268 6.438426 -12.557766
v 5.182916 3.940962 -9.293017
v 5.154268 3.909424 -9.264370
v 5.182916 6.280717 -9.293017
v 5.182916 6.303018 -9.264370
v 5.154268 6.280717 -9.264370
v 5.182916 4.113450 -9.449701
v 5.154268 4.144988 -9.478350
v 5.154268 6.280717 -12.557766
v 5.182916 6.303018 -12.557766
v 5.182916 6.280717 -12.529118
v 5.182916 8.778182 -10.839443
v 5.182916 8.809720 -10.859700
v 5.154268 8.809720 -10.839443
v 5.154268 3.909424 -10.839443
v 5.182916 3.909424 -10.859700
v 5.182916 3.940962 -10.839443
v 5.402226 4.643980 -7.009664
v 4.646662 8.772974 -4.781828
v 5.189552 7.960318 -3.091560
v 5.945117 3.831325 -5.319397
v 5.543775 4.729527 -6.888542
v 5.530845 4.680366 -7.033480
v 5.427958 4.651259 -7.014427
v 4.672394 8.780252 -4.786592
v 4.775280 8.809359 -4.805643
v 4.822745 8.669790 -4.762537
v 5.215284 7.967598 -3.096327
v 5.318172 7.996704 -3.115377
v 5.970849 3.838604 -5.324162
v 6.073736 3.867711 -5.343213
v 5.013630 6.767575 -5.863859
v 5.035258 6.649378 -5.927632
v 5.578149 5.836723 -4.237366
v 5.556520 5.954919 -4.173592
v 5.603881 5.844003 -4.242130
v 5.582253 5.962199 -4.178358
v 5.706769 5.873109 -4.261183
v 5.685140 5.991306 -4.197409
v 5.676569 5.918314 -4.355204
v 5.654941 6.036510 -4.291430
v 5.163877 6.685763 -5.951448
v 5.142248 6.803960 -5.887674
v 5.060990 6.656657 -5.932397
v 5.039362 6.774854 -5.868623
v 5.319644 7.868828 -3.302784
v 5.309965 7.965505 -3.207363
v 5.285367 7.977293 -3.322191
v 5.158041 6.837471 -5.751182
v 5.183260 6.699658 -5.825540
v 5.192319 6.729008 -5.731777
v 6.006396 4.037029 -5.448196
v 6.043611 3.956290 -5.370571
v 6.011865 4.085995 -5.343847
v 5.213948 6.610811 -5.795551
v 5.208478 6.561845 -5.899899
v 5.100875 6.578823 -5.774613
v 5.898792 4.054006 -5.322908
v 5.563496 5.886324 -4.334265
v 5.206571 7.836840 -3.281847
v 5.079246 6.697019 -5.710839
v 5.541867 6.004521 -4.270491
v 5.044969 6.805484 -5.730245
v 5.172294 7.945304 -3.301252
v 4.709673 8.637802 -4.741600
v 5.893322 4.005040 -5.427258
v 5.430702 4.697538 -6.867605
v 5.095406 6.529858 -5.878962
v 4.929114 8.788685 -13.079350
v 5.326649 4.134362 -12.206450
v 5.874606 3.834239 -14.056263
v 5.477071 8.488563 -14.929163
v 5.098497 8.683380 -13.126723
v 5.058932 8.806445 -13.043777
v 4.955086 8.792238 -13.072233
v 5.352621 4.137915 -12.199333
v 5.456467 4.152122 -12.170877
v 5.477861 4.241797 -12.293722
v 5.900578 3.837792 -14.049145
v 6.004426 3.851998 -14.020689
v 5.503044 8.492116 -14.922045
v 5.606891 8.506323 -14.893589
v 5.133571 6.394907 -12.630406
v 5.122191 6.528141 -12.655394
v 5.670149 6.228018 -14.505206
v 5.681529 6.094784 -14.480219
v 5.696121 6.231571 -14.498089
v 5.707501 6.098337 -14.473101
v 5.799969 6.245778 -14.469633
v 5.811348 6.112544 -14.444645
v 5.769488 6.262471 -14.366737
v 5.780868 6.129237 -14.341750
v 5.252010 6.545900 -12.619822
v 5.263390 6.412666 -12.594833
v 5.148163 6.531693 -12.648277
v 5.159543 6.398459 -12.623289
v 5.957282 4.063793 -13.954384
v 5.979315 3.930103 -13.968045
v 5.944801 3.986051 -13.870025
v 5.301448 6.307241 -12.681087
v 5.288179 6.462588 -12.710222
v 5.313928 6.384985 -12.765445
v 5.565436 8.427632 -14.703026
v 5.593312 8.449409 -14.815623
v 5.593074 8.327916 -14.754104
v 5.302548 6.518219 -12.790432
v 5.274911 6.617935 -12.739357
v 5.188420 6.502606 -12.821707
v 5.478946 8.312303 -14.785378
v 5.655359 6.246859 -14.398012
v 5.843153 4.048180 -13.985659
v 5.199800 6.369372 -12.796720
v 5.666739 6.113625 -14.373025
v 5.187320 6.291629 -12.712360
v 5.830672 3.970437 -13.901299
v 5.363733 4.226184 -12.324995
v 5.451308 8.412019 -14.734302
v 4.984369 8.667767 -13.157996
v 5.160783 6.602323 -12.770630
v 4.263062 12.599537 11.336507
v 4.263062 15.620001 11.336507
v 4.263062 15.620001 8.616502
v 4.263062 12.599537 8.616502
v 4.675479 12.599537 11.336507
v 4.675479 15.620001 11.336507
v 4.675479 15.620001 8.616502
v 4.675479 12.599537 8.616502
v 4.263062 14.061164 11.336507
v 4.263062 14.158373 11.336507
v 4.675479 14.158373 11.336507
v 4.675479 14.061164 11.336507
v 4.675479 14.158373 8.616502
v 4.675479 14.061164 8.616502
v 4.263062 14.158373 8.616502
v 4.263062 14.061164 8.616502
v 4.263062 15.620001 10.035659
v 4.263062 15.620001 9.917345
v 4.675479 15.620001 9.917345
v 4.675479 15.620001 10.035659
v 4.675479 12.599537 9.917345
v 4.675479 12.599537 10.035659
v 4.263062 12.599537 9.917345
v 4.263062 12.599537 10.035659
v 4.690799 14.158373 9.917345
v 4.690799 15.474802 9.917345
v 4.690799 14.158373 8.793227
v 4.690799 15.474802 8.793227
v 4.690799 12.744735 9.917345
v 4.690799 14.061164 9.917345
v 4.690799 12.744735 8.793227
v 4.690799 14.061164 8.793227
v 4.690799 14.158373 10.035659
v 4.690799 14.158373 11.159781
v 4.690799 15.474802 10.035659
v 4.690799 15.474802 11.159781
v 4.690799 12.744735 11.159781
v 4.690799 12.744735 10.035659
v 4.690799 14.061164 10.035659
v 4.690799 14.061164 11.159781
v 4.852203 14.080603 11.183442
v 4.828543 14.061164 11.159781
v 4.852203 14.080603 10.011998
v 4.828543 14.061164 10.035659
v 4.852203 14.138934 11.183442
v 4.828543 14.158373 11.159781
v 4.852203 14.138934 10.011998
v 4.828543 14.158373 10.035659
v 4.852203 12.725295 10.011998
v 4.828543 12.744735 10.035659
v 4.852203 14.080603 9.941006
v 4.828543 14.061164 9.917345
v 4.852203 12.725295 9.941006
v 4.828543 12.744735 9.917345
v 4.852203 14.080603 8.769566
v 4.828543 14.061164 8.793227
v 4.852203 14.138934 9.941006
v 4.828543 14.158373 9.917345
v 4.852203 14.138934 8.769566
v 4.828543 14.158373 8.793227
v 4.852203 15.494242 9.941006
v 4.828543 15.474802 9.917345
v 4.852203 15.494242 10.011998
v 4.828543 15.474802 10.035659
v 4.852203 15.494242 8.769566
v 4.828543 15.474802 8.793227
v 4.852203 12.618977 8.640162
v 4.828543 12.599537 8.616502
v 4.852203 12.618977 9.917345
v 4.852203 12.599537 9.934076
v 4.828543 12.599537 9.917345
v 4.852203 12.725295 8.769566
v 4.828543 12.744735 8.793227
v 4.828543 15.620001 11.336507
v 4.852203 15.600561 11.312847
v 4.828543 14.158373 11.336507
v 4.852203 14.144628 11.336507
v 4.852203 14.158373 11.312847
v 4.852203 15.494242 11.183442
v 4.828543 15.474802 11.159781
v 4.828543 15.620001 8.616502
v 4.852203 15.600561 8.640162
v 4.828543 15.620001 9.917345
v 4.852203 15.620001 9.934076
v 4.852203 15.600561 9.917345
v 4.852203 14.158373 8.640162
v 4.852203 14.144628 8.616502
v 4.828543 14.158373 8.616502
v 4.852203 12.618977 11.312847
v 4.828543 12.599537 11.336507
v 4.852203 14.061164 11.312847
v 4.852203 14.074909 11.336507
v 4.828543 14.061164 11.336507
v 4.852203 12.725295 11.183442
v 4.828543 12.744735 11.159781
v 4.828543 14.061164 8.616502
v 4.852203 14.074909 8.616502
v 4.852203 14.061164 8.640162
v 4.852203 15.600561 10.035659
v 4.852203 15.620001 10.018929
v 4.828543 15.620001 10.035659
v 4.828543 12.599537 10.035659
v 4.852203 12.599537 10.018929
v 4.852203 12.618977 10.035659
v 4.469581 3.909424 -5.967312
v 4.469581 8.809720 -5.967312
v 4.469581 8.809720 -9.260708
v 4.469581 3.909424 -9.260708
v 4.968937 3.909424 -5.967312
v 4.968937 8.809720 -5.967312
v 4.968937 8.809720 -9.260708
v 4.968937 3.909424 -9.260708
v 4.469581 6.280717 -5.967312
v 4.469581 6.438426 -5.967312
v 4.968937 6.438426 -5.967312
v 4.968937 6.280717 -5.967312
v 4.968937 6.438426 -9.260708
v 4.968937 6.280717 -9.260708
v 4.469581 6.438426 -9.260708
v 4.469581 6.280717 -9.260708
v 4.469581 8.809720 -7.542385
v 4.469581 8.809720 -7.685640
v 4.968937 8.809720 -7.685640
v 4.968937 8.809720 -7.542385
v 4.968937 3.909424 -7.685640
v 4.968937 3.909424 -7.542385
v 4.469581 3.909424 -7.685640
v 4.469581 3.909424 -7.542385
v 4.987487 6.438426 -7.685640
v 4.987487 8.574156 -7.685640
v 4.987487 6.438426 -9.046728
v 4.987487 8.574156 -9.046728
v 4.987487 4.144988 -7.685640
v 4.987487 6.280717 -7.685640
v 4.987487 4.144988 -9.046728
v 4.987487 6.280717 -9.046728
v 4.987487 6.438426 -7.542385
v 4.987487 6.438426 -6.181292
v 4.987487 8.574156 -7.542385
v 4.987487 8.574156 -6.181292
v 4.987487 4.144988 -6.181292
v 4.987487 4.144988 -7.542385
v 4.987487 6.280717 -7.542385
v 4.987487 6.280717 -6.181292
v 5.182916 6.312255 -6.152643
v 5.154268 6.280717 -6.181292
v 5.182916 6.312255 -7.571033
v 5.154268 6.280717 -7.542385
v 5.182916 6.406889 -6.152643
v 5.154268 6.438426 -6.181292
v 5.182916 6.406889 -7.571033
v 5.154268 6.438426 -7.542385
v 5.182916 4.113450 -7.571033
v 5.154268 4.144988 -7.542385
v 5.182916 6.312255 -7.656992
v 5.154268 6.280717 -7.685640
v 5.182916 4.113450 -7.656992
v 5.154268 4.144988 -7.685640
v 5.182916 6.312255 -9.075377
v 5.154268 6.280717 -9.046728
v 5.182916 6.406889 -7.656992
v 5.154268 6.438426 -7.685640
v 5.182916 6.406889 -9.075377
v 5.154268 6.438426 -9.046728
v 5.182916 8.605694 -7.656992
v 5.154268 8.574156 -7.685640
v 5.182916 8.605694 -7.571033
v 5.154268 8.574156 -7.542385
v 5.182916 8.605694 -9.075377
v 5.154268 8.574156 -9.046728
v 5.182916 3.940962 -9.232059
v 5.154268 3.909424 -9.260708
v 5.182916 3.940962 -7.685640
v 5.182916 3.909424 -7.665382
v 5.154268 3.909424 -7.685640
v 5.182916 4.113450 -9.075377
v 5.154268 4.144988 -9.046728
v 5.154268 8.809720 -5.967312
v 5.182916 8.778182 -5.995959
v 5.154268 6.438426 -5.967312
v 5.182916 6.416126 -5.967312
v 5.182916 6.438426 -5.995959
v 5.182916 8.605694 -6.152643
v 5.154268 8.574156 -6.181292
v 5.154268 8.809720 -9.260708
v 5.182916 8.778182 -9.232059
v 5.154268 8.809720 -7.685640
v 5.182916 8.809720 -7.665382
v 5.182916 8.778182 -7.685640
v 5.182916 6.438426 -9.232059
v 5.182916 6.416126 -9.260708
v 5.154268 6.438426 -9.260708
v 5.182916 3.940962 -5.995959
v 5.154268 3.909424 -5.967312
v 5.182916 6.280717 -5.995959
v 5.182916 6.303018 -5.967312
v 5.154268 6.280717 -5.967312
v 5.182916 4.113450 -6.152643
v 5.154268 4.144988 -6.181292
v 5.154268 6.280717 -9.260708
v 5.182916 6.303018 -9.260708
v 5.182916 6.280717 -9.232059
v 5.182916 8.778182 -7.542385
v 5.182916 8.809720 -7.562642
v 5.154268 8.809720 -7.542385
v 5.154268 3.909424 -7.542385
v 5.182916 3.909424 -7.562642
v 5.182916 3.940962 -7.542385
v 4.561975 11.357067 15.773291
v -3.330049 10.440892 15.773292
v -3.330049 2.000326 15.773292
v 4.561975 2.000326 15.773291
v 4.561975 2.000326 -15.811939
v -3.330049 2.000326 -15.811939
v -3.330049 10.440892 -15.811939
v 4.561975 11.357067 -15.811939
v 4.886637 8.478850 1.688063
v 4.886637 1.917799 1.688063
v 4.407255 1.917799 1.888458
v 4.407255 8.852127 1.888458
v 4.914548 1.917799 1.888458
v 4.914548 8.852127 1.888458
v 5.004896 1.917799 1.688063
v 5.004896 8.478850 1.688063
v 5.020714 8.690372 1.801620
v 5.020714 1.917799 1.801620
v 5.032810 8.852127 1.888458
v 5.032810 1.917799 1.888458
v 5.118000 1.917799 1.801620
v 5.118000 8.690372 1.801620
v 5.130095 8.852127 1.888458
v 5.130095 1.917799 1.888458
v 4.886637 8.478850 -1.553203
v 4.886637 1.917799 -1.553203
v 4.407255 1.917799 -1.753599
v 4.407255 8.852127 -1.753599
v 4.914548 1.917799 -1.753599
v 4.914548 8.852127 -1.753599
v 5.004896 1.917799 -1.553203
v 5.004896 8.478850 -1.553203
v 5.020714 8.690372 -1.666761
v 5.020714 1.917799 -1.666761
v 5.032810 8.852127 -1.753599
v 5.032810 1.917799 -1.753599
v 5.118000 1.917799 -1.666761
v 5.118000 8.690372 -1.666761
v 5.130095 8.852127 -1.753599
v 5.130095 1.917799 -1.753599
v 4.886637 1.973998 1.688063
v 4.886637 1.973998 -1.553203
v -3.330049 16.340855 15.833879
v -3.330049 11.321775 15.833879
v 4.561975 11.124273 15.833879
v 3.841151 11.370359 15.833879
v -3.330049 11.124273 15.833879
v -3.330049 10.440892 -15.811939
v -3.330049 11.321775 -15.811939
v -3.330049 11.124273 -15.811939
v -3.330049 16.340855 -15.811939
v 3.841151 11.370359 -15.811939
v 4.561975 11.124273 -15.811939
v 4.561975 10.403626 -15.811939
v 4.561975 10.446273 15.833879
v -3.330049 10.446273 15.833879
v 11.724610 -0.020269 4.345277
v 14.811495 -0.020269 4.345277
v 11.724610 0.916577 4.345277
v 14.811495 0.726336 4.345277
v 11.724610 0.916577 -4.099592
v 14.811495 0.797651 -4.099592
v 11.724610 -0.020269 -4.099592
v 14.811495 -0.020269 -4.099592
v 13.268053 -0.020269 4.345277
v 13.268053 0.726336 4.345277
v 13.268053 0.797651 -4.099592
v 13.268053 -0.020269 -4.099592
v 11.724610 1.713250 4.345277
v 13.268053 1.713250 4.345277
v 13.268053 1.386595 -4.099592
v 11.724610 1.386595 -4.099592
v 11.724610 1.542970 4.345277
v 13.268053 1.229858 -4.099592
v 13.268053 1.542970 4.345277
v 11.724610 0.788321 4.345277
v 11.724610 0.788321 -4.099592
v 13.268053 0.681945 -4.099592
v 14.811495 0.681945 -4.099592
v 14.811495 0.598081 4.345277
v 13.268053 0.598081 4.345277
v 13.268053 -0.020269 -4.099592
v 13.268053 -0.020269 4.345277
v 14.811495 -0.020269 -4.099592
v 14.811495 -0.020269 4.345277
v 11.724610 1.245473 -4.099592
v 13.268053 1.229858 -4.099592
v 11.724610 1.386595 -4.099592
v 13.268053 1.386595 -4.099592
v 13.268053 1.542970 4.345277
v 13.268053 1.713250 4.345277
v 11.724610 1.542970 4.345277
v 11.724610 1.713250 4.345277
v 13.268053 0.681945 -4.099592
v 14.811495 0.681945 -4.099592
v 13.268053 0.797651 -4.099592
v 14.811495 0.797651 -4.099592
v 14.811495 0.598081 4.345277
v 14.811495 0.726336 4.345277
v 13.268053 0.598081 4.345277
v 13.268053 0.726336 4.345277
v 11.724610 1.245473 -4.250041
v 13.343277 1.229858 -4.174816
v 11.724610 1.386595 -4.250041
v 13.343277 1.386595 -4.174816
v 13.343277 1.542970 4.420501
v 13.343277 1.713250 4.420501
v 11.724610 1.542970 4.495725
v 11.724610 1.713250 4.495725
v 13.268053 0.681945 -4.250041
v 14.886717 0.681945 -4.174816
v 13.268053 0.797651 -4.250041
v 14.886717 0.797651 -4.174816
v 14.886717 0.598081 4.420501
v 14.886717 0.726336 4.420501
v 13.268053 0.598081 4.495725
v 13.268053 0.726336 4.495725
v 4.561975 2.000326 16.207373
v 4.561975 -0.084326 16.207373
v 11.686793 -0.084326 16.207373
v 11.686793 -0.084326 -0.054086
v 4.561975 -0.084326 -0.054086
v 4.561975 2.000326 -16.315544
v 4.561975 -0.084326 -16.315544
v 11.686793 -0.084326 -16.315544
v 4.561975 2.000326 15.773291
v 4.561975 2.000326 -15.811939
v 4.561975 1.479436 16.207373
v 11.686793 1.479436 16.207373
v 11.686793 1.479436 -0.054086
v 11.686793 1.479436 -16.315544
v 4.561975 1.479436 -16.315544
v 4.561975 2.000326 16.532141
v 4.561975 1.479436 16.532141
v 11.849177 1.479436 16.369757
v 12.011561 1.479436 -0.054086
v 4.561975 2.000326 -16.640312
v 11.849177 1.479436 -16.477928
v 4.561975 1.479436 -16.640312
v -3.330049 2.000326 16.207373
v -3.330049 -0.084326 16.207373
v -3.330049 -0.084326 -0.054086
v -3.330049 2.000326 -16.315544
v -3.330049 -0.084326 -16.315544
v -3.330049 2.000326 15.773292
v -3.330049 2.000326 -15.811939
v -3.330049 1.479436 16.207373
v -3.330049 1.479436 -16.315544
v 10.847372 1.717603 15.757746
v 11.549940 1.717603 15.757746
v 10.847372 10.416878 15.757746
v 11.549940 10.416878 15.757746
v 10.847372 10.416878 15.055178
v 11.549940 10.416878 15.055178
v 10.847372 1.717603 15.055178
v 11.549940 1.717603 15.055178
v 11.686793 2.000326 16.207373
v 4.561975 2.000326 -0.054086
v 11.686793 2.000326 -0.054086
v 11.686793 2.000326 -16.315544
v 11.849177 2.000326 16.369757
v 12.011561 2.000326 -0.054086
v 11.849177 2.000326 -16.477928
v 4.561975 2.000326 16.532141
v 4.561975 1.479436 16.532141
v 11.849177 1.479436 16.369757
v 12.011561 1.479436 -0.054086
v 11.849177 1.479436 -16.477928
v 4.561975 1.479436 -16.640312
v 4.561975 2.000326 -16.640312
v 4.561975 2.000326 16.207373
v 4.561975 2.000326 -16.315544
v 4.561975 11.124273 15.921902
v 12.787044 10.712498 16.119085
v 13.169500 10.101713 16.119085
v 12.787044 10.712498 -0.142374
v 13.169500 10.101713 -0.142374
v 3.841151 11.370359 15.921902
v 4.179517 11.735058 16.861917
v 4.561975 11.124273 16.861917
v 13.169500 10.101713 16.861917
v 12.787044 10.712498 16.861917
v 3.841151 11.370359 16.861917
v 4.561975 11.124273 -16.403831
v 12.787044 10.712498 -16.403831
v 13.169500 10.101713 -16.403831
v 3.841151 11.370359 -16.403831
v 4.179517 11.735058 -17.146664
v 4.561975 11.124273 -17.146664
v 13.169500 10.101713 -17.146664
v 12.787044 10.712498 -17.146664
v 3.841151 11.370359 -17.146664
v -3.330049 16.340855 15.921902
v -3.330049 16.340855 16.861917
v -3.330049 17.198568 16.861917
v -3.330049 16.340855 -16.403831
v -3.330049 16.340855 -17.146664
v -3.330049 17.198568 -17.146664
v 4.469581 3.909424 13.390614
v 4.469581 8.809720 13.390614
v 4.469581 8.809720 10.097218
v 4.469581 3.909424 10.097218
v 4.968937 3.909424 13.390614
v 4.968937 8.809720 13.390614
v 4.968937 8.809720 10.097218
v 4.968937 3.909424 10.097218
v 4.469581 6.280717 13.390614
v 4.469581 6.438426 13.390614
v 4.968937 6.438426 13.390614
v 4.968937 6.280717 13.390614
v 4.968937 6.438426 10.097218
v 4.968937 6.280717 10.097218
v 4.469581 6.438426 10.097218
v 4.469581 6.280717 10.097218
v 4.469581 8.809720 11.815540
v 4.469581 8.809720 11.672285
v 4.968937 8.809720 11.672285
v 4.968937 8.809720 11.815540
v 4.968937 3.909424 11.672285
v 4.968937 3.909424 11.815540
v 4.469581 3.909424 11.672285
v 4.469581 3.909424 11.815540
v 4.987487 6.438426 11.672285
v 4.987487 8.574156 11.672285
v 4.987487 6.438426 10.311197
v 4.987487 8.574156 10.311197
v 4.987487 4.144988 11.672285
v 4.987487 6.280717 11.672285
v 4.987487 4.144988 10.311197
v 4.987487 6.280717 10.311197
v 4.987487 6.438426 11.815540
v 4.987487 6.438426 13.176634
v 4.987487 8.574156 11.815540
v 4.987487 8.574156 13.176634
v 4.987487 4.144988 13.176634
v 4.987487 4.144988 11.815540
v 4.987487 6.280717 11.815540
v 4.987487 6.280717 13.176634
v 5.182916 6.312255 13.205282
v 5.154268 6.280717 13.176634
v 5.182916 6.312255 11.786892
v 5.154268 6.280717 11.815540
v 5.182916 6.406889 13.205282
v 5.154268 6.438426 13.176634
v 5.182916 6.406889 11.786892
v 5.154268 6.438426 11.815540
v 5.182916 4.113450 11.786892
v 5.154268 4.144988 11.815540
v 5.182916 6.312255 11.700933
v 5.154268 6.280717 11.672285
v 5.182916 4.113450 11.700933
v 5.154268 4.144988 11.672285
v 5.182916 6.312255 10.282548
v 5.154268 6.280717 10.311197
v 5.182916 6.406889 11.700933
v 5.154268 6.438426 11.672285
v 5.182916 6.406889 10.282548
v 5.154268 6.438426 10.311197
v 5.182916 8.605694 11.700933
v 5.154268 8.574156 11.672285
v 5.182916 8.605694 11.786892
v 5.154268 8.574156 11.815540
v 5.182916 8.605694 10.282548
v 5.154268 8.574156 10.311197
v 5.182916 3.940962 10.125866
v 5.154268 3.909424 10.097218
v 5.182916 3.940962 11.672285
v 5.182916 3.909424 11.692543
v 5.154268 3.909424 11.672285
v 5.182916 4.113450 10.282548
v 5.154268 4.144988 10.311197
v 5.154268 8.809720 13.390614
v 5.182916 8.778182 13.361966
v 5.154268 6.438426 13.390614
v 5.182916 6.416126 13.390614
v 5.182916 6.438426 13.361966
v 5.182916 8.605694 13.205282
v 5.154268 8.574156 13.176634
v 5.154268 8.809720 10.097218
v 5.182916 8.778182 10.125866
v 5.154268 8.809720 11.672285
v 5.182916 8.809720 11.692543
v 5.182916 8.778182 11.672285
v 5.182916 6.438426 10.125866
v 5.182916 6.416126 10.097218
v 5.154268 6.438426 10.097218
v 5.182916 3.940962 13.361966
v 5.154268 3.909424 13.390614
v 5.182916 6.280717 13.361966
v 5.182916 6.303018 13.390614
v 5.154268 6.280717 13.390614
v 5.182916 4.113450 13.205282
v 5.154268 4.144988 13.176634
v 5.154268 6.280717 10.097218
v 5.182916 6.303018 10.097218
v 5.182916 6.280717 10.125866
v 5.182916 8.778182 11.815540
v 5.182916 8.809720 11.795283
v 5.154268 8.809720 11.815540
v 5.154268 3.909424 11.815540
v 5.182916 3.909424 11.795283
v 5.182916 3.940962 11.815540
v 4.309637 12.378364 11.705548
v 4.309637 15.787430 11.705548
v 4.309637 17.152174 9.897383
v 4.309637 12.378364 9.897383
v 4.309637 15.787430 9.897383
v 4.309637 15.932426 11.956276
v 4.309637 17.408007 10.148112
v 4.708591 15.787430 11.705548
v 4.708591 17.152174 9.897383
v 4.708591 17.408007 10.148112
v 4.708591 15.932426 11.956276
v 4.309637 15.543061 12.029325
v 4.309637 15.688055 12.280053
v 4.708591 15.543061 12.029325
v 4.708591 15.688055 12.280053
v 4.309637 12.378364 8.089215
v 4.309637 15.787430 8.089215
v 4.309637 15.932426 7.838484
v 4.309637 17.408007 9.646654
v 4.708591 15.787430 8.089215
v 4.708591 17.152174 9.897383
v 4.708591 17.408007 9.646654
v 4.708591 15.932426 7.838484
v 4.309637 15.543061 7.765436
v 4.309637 15.688055 7.514708
v 4.708591 15.543061 7.765436
v 4.708591 15.688055 7.514708
v 4.708591 17.618565 9.897384
v 4.309637 17.618567 9.897384
v -3.330049 12.378365 11.705552
v -3.330049 15.787431 11.705552
v -3.330049 12.378365 9.897383
v -3.330049 15.932427 11.956280
v -3.330049 17.408009 10.148112
v -3.330049 15.543062 12.029325
v -3.330049 15.688056 12.280053
v -3.330049 12.378365 8.089216
v -3.330049 15.787431 8.089216
v -3.330049 15.932427 7.838484
v -3.330049 17.408009 9.646654
v -3.330049 15.543062 7.765436
v -3.330049 15.688056 7.514708
v -3.330049 17.618567 9.897383
v 2.326183 11.102196 14.931341
v 12.107389 9.583686 14.931341
v 2.441217 11.843174 14.931341
v 12.222425 10.324665 14.931341
v 2.441217 11.843174 14.181486
v 12.222425 10.324665 14.181486
v 2.326183 11.102196 14.181486
v 12.107389 9.583686 14.181486
v 4.179517 11.735058 -0.142374
v 4.179517 11.735058 16.119085
v 4.179517 11.735058 -16.403831
v -3.330049 17.198568 -0.142374
v -3.330049 17.198568 16.119085
v -3.330049 17.198568 -16.403831
v 12.787044 10.712498 16.119085
v 12.787044 10.712498 -0.142374
v 4.179517 11.735058 16.861917
v 12.787044 10.712498 16.861917
v -3.330049 17.198568 16.861917
v 12.787044 10.712498 -16.403831
v 12.787044 10.712498 -17.146664
v 4.179517 11.735058 -17.146664
v -3.330049 17.198568 -17.146664
v 4.876218 3.969364 13.377804
v 5.165278 8.712692 13.377804
v 5.714144 8.679244 15.251241
v 5.425085 3.935916 15.251241
v 5.043388 4.067985 13.443777
v 5.006252 3.961440 13.339567
v 4.902233 3.967779 13.370154
v 5.191293 8.711106 13.370154
v 5.295312 8.704767 13.339567
v 5.319236 8.594502 13.443777
v 5.740160 8.677658 15.243590
v 5.844180 8.671319 15.213003
v 5.451100 3.934330 15.243590
v 5.555120 3.927992 15.213003
v 5.024886 6.408919 13.377804
v 5.016611 6.273137 13.377804
v 5.565477 6.239689 15.251241
v 5.573752 6.375471 15.251241
v 5.591493 6.238104 15.243590
v 5.599768 6.373886 15.243590
v 5.695512 6.231765 15.213003
v 5.703787 6.367547 15.213003
v 5.664981 6.233626 15.108793
v 5.673256 6.369408 15.108793
v 5.146645 6.265213 13.339567
v 5.154920 6.400995 13.339567
v 5.042625 6.271552 13.370154
v 5.050900 6.407334 13.370154
v 5.801532 8.474349 15.108793
v 5.820611 8.603702 15.146864
v 5.786950 8.566000 15.040211
v 5.190960 6.489562 13.443777
v 5.181312 6.331244 13.443777
v 5.205542 6.397910 13.512358
v 5.511102 4.039482 15.040211
v 5.539936 3.997973 15.146864
v 5.536705 4.128684 15.108793
v 5.197268 6.262128 13.512358
v 5.171664 6.172926 13.443777
v 5.082950 6.269095 13.545975
v 5.422388 4.135651 15.142410
v 5.550663 6.240592 15.142410
v 5.687214 8.481316 15.142410
v 5.091224 6.404877 13.545975
v 5.558938 6.376374 15.142410
v 5.076643 6.496528 13.477392
v 5.672632 8.572967 15.073828
v 5.204918 8.601469 13.477392
v 5.396784 4.046448 15.073828
v 4.929071 4.074951 13.477392
v 5.057347 6.179893 13.477392
v 11.435586 8.995357 16.350191
v 12.079681 8.956928 16.350191
v 11.474007 9.639452 16.350191
v 12.118108 9.601025 16.350191
v 11.474007 9.639452 -16.350191
v 12.118108 9.601025 -16.350191
v 11.435586 8.995357 -16.350191
v 12.079681 8.956928 -16.350191
v 11.474007 9.639452 -15.858099
v 11.474007 9.639452 15.858099
v 11.435586 8.995357 15.858099
v 11.435586 8.995357 -15.858099
v 12.079681 8.956928 15.858099
v 12.079681 8.956928 -15.858099
v 12.118108 9.601025 15.858099
v 12.118108 9.601025 -15.858099
v 4.476099 10.050663 15.858099
v 4.514527 10.694758 15.858099
v 4.476099 10.050663 16.350191
v 4.514527 10.694758 16.350191
v 4.476099 10.050663 -16.350191
v 4.476099 10.050663 -15.858099
v 4.514527 10.694758 -15.858099
v 4.514527 10.694758 -16.350191
v 11.474008 10.435607 15.858099
v 11.474008 10.435607 16.350191
v 4.514527 11.490913 15.858099
v 4.514527 11.490913 16.350191
v 11.474008 10.435607 -15.858099
v 11.474008 10.435607 -16.350191
v 4.514527 11.490913 -16.350191
v 4.514527 11.490913 -15.858099
v 4.309637 12.378364 -8.241097
v 4.309637 15.787430 -8.241097
v 4.309637 17.152174 -10.049263
v 4.309637 12.378364 -10.049263
v 4.309637 15.787430 -10.049263
v 4.309637 15.932426 -7.990370
v 4.309637 17.408007 -9.798533
v 4.708591 15.787430 -8.241097
v 4.708591 17.152174 -10.049263
v 4.708591 17.408007 -9.798533
v 4.708591 15.932426 -7.990370
v 4.309637 15.543061 -7.917320
v 4.309637 15.688055 -7.666593
v 4.708591 15.543061 -7.917320
v 4.708591 15.688055 -7.666593
v 4.309637 12.378364 -11.857430
v 4.309637 15.787430 -11.857430
v 4.309637 15.932426 -12.108162
v 4.309637 17.408007 -10.299992
v 4.708591 15.787430 -11.857430
v 4.708591 17.152174 -10.049263
v 4.708591 17.408007 -10.299992
v 4.708591 15.932426 -12.108162
v 4.309637 15.543061 -12.181210
v 4.309637 15.688055 -12.431938
v 4.708591 15.543061 -12.181210
v 4.708591 15.688055 -12.431938
v 4.708591 17.618565 -10.049262
v 4.309637 17.618567 -10.049262
v -3.330049 12.378365 -8.241094
v -3.330049 15.787431 -8.241094
v -3.330049 12.378365 -10.049263
v -3.330049 15.932427 -7.990366
v -3.330049 17.408009 -9.798533
v -3.330049 15.543062 -7.917320
v -3.330049 15.688056 -7.666593
v -3.330049 12.378365 -11.857430
v -3.330049 15.787431 -11.857430
v -3.330049 15.932427 -12.108162
v -3.330049 17.408009 -10.299992
v -3.330049 15.543062 -12.181210
v -3.330049 15.688056 -12.431938
v -3.330049 17.618567 -10.049263
v 4.263062 12.599537 -8.610138
v 4.263062 15.620001 -8.610138
v 4.263062 15.620001 -11.330143
v 4.263062 12.599537 -11.330143
v 4.675479 12.599537 -8.610138
v 4.675479 15.620001 -8.610138
v 4.675479 15.620001 -11.330143
v 4.675479 12.599537 -11.330143
v 4.263062 14.061164 -8.610138
v 4.263062 14.158373 -8.610138
v 4.675479 14.158373 -8.610138
v 4.675479 14.061164 -8.610138
v 4.675479 14.158373 -11.330143
v 4.675479 14.061164 -11.330143
v 4.263062 14.158373 -11.330143
v 4.263062 14.061164 -11.330143
v 4.263062 15.620001 -9.910986
v 4.263062 15.620001 -10.029300
v 4.675479 15.620001 -10.029300
v 4.675479 15.620001 -9.910986
v 4.675479 12.599537 -10.029300
v 4.675479 12.599537 -9.910986
v 4.263062 12.599537 -10.029300
v 4.263062 12.599537 -9.910986
v 4.690799 14.158373 -10.029300
v 4.690799 15.474802 -10.029300
v 4.690799 14.158373 -11.153418
v 4.690799 15.474802 -11.153418
v 4.690799 12.744735 -10.029300
v 4.690799 14.061164 -10.029300
v 4.690799 12.744735 -11.153418
v 4.690799 14.061164 -11.153418
v 4.690799 14.158373 -9.910986
v 4.690799 14.158373 -8.786863
v 4.690799 15.474802 -9.910986
v 4.690799 15.474802 -8.786863
v 4.690799 12.744735 -8.786863
v 4.690799 12.744735 -9.910986
v 4.690799 14.061164 -9.910986
v 4.690799 14.061164 -8.786863
v 4.852203 14.080603 -8.763203
v 4.828543 14.061164 -8.786863
v 4.852203 14.080603 -9.934647
v 4.828543 14.061164 -9.910986
v 4.852203 14.138934 -8.763203
v 4.828543 14.158373 -8.786863
v 4.852203 14.138934 -9.934647
v 4.828543 14.158373 -9.910986
v 4.852203 12.725295 -9.934647
v 4.828543 12.744735 -9.910986
v 4.852203 14.080603 -10.005639
v 4.828543 14.061164 -10.029300
v 4.852203 12.725295 -10.005639
v 4.828543 12.744735 -10.029300
v 4.852203 14.080603 -11.177079
v 4.828543 14.061164 -11.153418
v 4.852203 14.138934 -10.005639
v 4.828543 14.158373 -10.029300
v 4.852203 14.138934 -11.177079
v 4.828543 14.158373 -11.153418
v 4.852203 15.494242 -10.005639
v 4.828543 15.474802 -10.029300
v 4.852203 15.494242 -9.934647
v 4.828543 15.474802 -9.910986
v 4.852203 15.494242 -11.177079
v 4.828543 15.474802 -11.153418
v 4.852203 12.618977 -11.306482
v 4.828543 12.599537 -11.330143
v 4.852203 12.618977 -10.029300
v 4.852203 12.599537 -10.012568
v 4.828543 12.599537 -10.029300
v 4.852203 12.725295 -11.177079
v 4.828543 12.744735 -11.153418
v 4.828543 15.620001 -8.610138
v 4.852203 15.600561 -8.633798
v 4.828543 14.158373 -8.610138
v 4.852203 14.144628 -8.610138
v 4.852203 14.158373 -8.633798
v 4.852203 15.494242 -8.763203
v 4.828543 15.474802 -8.786863
v 4.828543 15.620001 -11.330143
v 4.852203 15.600561 -11.306482
v 4.828543 15.620001 -10.029300
v 4.852203 15.620001 -10.012568
v 4.852203 15.600561 -10.029300
v 4.852203 14.158373 -11.306482
v 4.852203 14.144628 -11.330143
v 4.828543 14.158373 -11.330143
v 4.852203 12.618977 -8.633798
v 4.828543 12.599537 -8.610138
v 4.852203 14.061164 -8.633798
v 4.852203 14.074909 -8.610138
v 4.828543 14.061164 -8.610138
v 4.852203 12.725295 -8.763203
v 4.828543 12.744735 -8.786863
v 4.828543 14.061164 -11.330143
v 4.852203 14.074909 -11.330143
v 4.852203 14.061164 -11.306482
v 4.852203 15.600561 -9.910986
v 4.852203 15.620001 -9.927716
v 4.828543 15.620001 -9.910986
v 4.828543 12.599537 -9.910986
v 4.852203 12.599537 -9.927716
v 4.852203 12.618977 -9.910986
v 2.326183 11.102196 5.245937
v 12.107389 9.583686 5.245937
v 2.441217 11.843174 5.245937
v 12.222425 10.324665 5.245937
v 2.441217 11.843174 4.496082
v 12.222425 10.324665 4.496082
v 2.326183 11.102196 4.496082
v 12.107389 9.583686 4.496082
v 2.326183 11.102196 10.810358
v 12.107389 9.583686 10.810358
v 2.441217 11.843174 10.810358
v 12.222425 10.324665 10.810358
v 2.441217 11.843174 10.060503
v 12.222425 10.324665 10.060503
v 2.326183 11.102196 10.060503
v 12.107389 9.583686 10.060503
v 2.326183 11.102196 -4.257202
v 12.107389 9.583686 -4.257202
v 2.441217 11.843174 -4.257202
v 12.222425 10.324665 -4.257202
v 2.441217 11.843174 -5.007057
v 12.222425 10.324665 -5.007057
v 2.326183 11.102196 -5.007057
v 12.107389 9.583686 -5.007057
v 4.469581 3.909424 10.093555
v 4.469581 8.809720 10.093555
v 4.469581 8.809720 6.800159
v 4.469581 3.909424 6.800159
v 4.968937 3.909424 10.093555
v 4.968937 8.809720 10.093555
v 4.968937 8.809720 6.800159
v 4.968937 3.909424 6.800159
v 4.469581 6.280717 10.093555
v 4.469581 6.438426 10.093555
v 4.968937 6.438426 10.093555
v 4.968937 6.280717 10.093555
v 4.968937 6.438426 6.800159
v 4.968937 6.280717 6.800159
v 4.469581 6.438426 6.800159
v 4.469581 6.280717 6.800159
v 4.469581 8.809720 8.518482
v 4.469581 8.809720 8.375227
v 4.968937 8.809720 8.375227
v 4.968937 8.809720 8.518482
v 4.968937 3.909424 8.375227
v 4.968937 3.909424 8.518482
v 4.469581 3.909424 8.375227
v 4.469581 3.909424 8.518482
v 4.987487 6.438426 8.375227
v 4.987487 8.574156 8.375227
v 4.987487 6.438426 7.014139
v 4.987487 8.574156 7.014139
v 4.987487 4.144988 8.375227
v 4.987487 6.280717 8.375227
v 4.987487 4.144988 7.014139
v 4.987487 6.280717 7.014139
v 4.987487 6.438426 8.518482
v 4.987487 6.438426 9.879576
v 4.987487 8.574156 8.518482
v 4.987487 8.574156 9.879576
v 4.987487 4.144988 9.879576
v 4.987487 4.144988 8.518482
v 4.987487 6.280717 8.518482
v 4.987487 6.280717 9.879576
v 5.182916 6.312255 9.908224
v 5.154268 6.280717 9.879576
v 5.182916 6.312255 8.489834
v 5.154268 6.280717 8.518482
v 5.182916 6.406889 9.908224
v 5.154268 6.438426 9.879576
v 5.182916 6.406889 8.489834
v 5.154268 6.438426 8.518482
v 5.182916 4.113450 8.489834
v 5.154268 4.144988 8.518482
v 5.182916 6.312255 8.403875
v 5.154268 6.280717 8.375227
v 5.182916 4.113450 8.403875
v 5.154268 4.144988 8.375227
v 5.182916 6.312255 6.985489
v 5.154268 6.280717 7.014139
v 5.182916 6.406889 8.403875
v 5.154268 6.438426 8.375227
v 5.182916 6.406889 6.985489
v 5.154268 6.438426 7.014139
v 5.182916 8.605694 8.403875
v 5.154268 8.574156 8.375227
v 5.182916 8.605694 8.489834
v 5.154268 8.574156 8.518482
v 5.182916 8.605694 6.985489
v 5.154268 8.574156 7.014139
v 5.182916 3.940962 6.828807
v 5.154268 3.909424 6.800159
v 5.182916 3.940962 8.375227
v 5.182916 3.909424 8.395485
v 5.154268 3.909424 8.375227
v 5.182916 4.113450 6.985489
v 5.154268 4.144988 7.014139
v 5.154268 8.809720 10.093555
v 5.182916 8.778182 10.064907
v 5.154268 6.438426 10.093555
v 5.182916 6.416126 10.093555
v 5.182916 6.438426 10.064907
v 5.182916 8.605694 9.908224
v 5.154268 8.574156 9.879576
v 5.154268 8.809720 6.800159
v 5.182916 8.778182 6.828807
v 5.154268 8.809720 8.375227
v 5.182916 8.809720 8.395485
v 5.182916 8.778182 8.375227
v 5.182916 6.438426 6.828807
v 5.182916 6.416126 6.800159
v 5.154268 6.438426 6.800159
v 5.182916 3.940962 10.064907
v 5.154268 3.909424 10.093555
v 5.182916 6.280717 10.064907
v 5.182916 6.303018 10.093555
v 5.154268 6.280717 10.093555
v 5.182916 4.113450 9.908224
v 5.154268 4.144988 9.879576
v 5.154268 6.280717 6.800159
v 5.182916 6.303018 6.800159
v 5.182916 6.280717 6.828807
v 5.182916 8.778182 8.518482
v 5.182916 8.809720 8.498224
v 5.154268 8.809720 8.518482
v 5.154268 3.909424 8.518482
v 5.182916 3.909424 8.498224
v 5.182916 3.940962 8.518482
v 2.326183 11.102196 -14.331799
v 12.107389 9.583686 -14.331799
v 2.441217 11.843174 -14.331799
v 12.222425 10.324665 -14.331799
v 2.441217 11.843174 -15.081654
v 12.222425 10.324665 -15.081654
v 2.326183 11.102196 -15.081654
v 12.107389 9.583686 -15.081654
v 4.929114 8.788685 6.278576
v 5.326649 4.134362 7.151476
v 5.874606 3.834239 5.301662
v 5.477071 8.488563 4.428762
v 5.098497 8.683380 6.231202
v 5.058932 8.806445 6.314148
v 4.955086 8.792238 6.285692
v 5.352621 4.137915 7.158592
v 5.456467 4.152122 7.187048
v 5.477861 4.241797 7.064203
v 5.900578 3.837792 5.308781
v 6.004426 3.851998 5.337236
v 5.503044 8.492116 4.435881
v 5.606891 8.506323 4.464336
v 5.133571 6.394907 6.727519
v 5.122191 6.528141 6.702532
v 5.670149 6.228018 4.852719
v 5.681529 6.094784 4.877707
v 5.696121 6.231571 4.859837
v 5.707501 6.098337 4.884825
v 5.799969 6.245778 4.888292
v 5.811348 6.112544 4.913280
v 5.769488 6.262471 4.991188
v 5.780868 6.129237 5.016175
v 5.252010 6.545900 6.738104
v 5.263390 6.412666 6.763092
v 5.148163 6.531693 6.709648
v 5.159543 6.398459 6.734636
v 5.957282 4.063793 5.403542
v 5.979315 3.930103 5.389880
v 5.944801 3.986051 5.487901
v 5.301448 6.307241 6.676838
v 5.288179 6.462588 6.647703
v 5.313928 6.384985 6.592481
v 5.565436 8.427632 4.654900
v 5.593312 8.449409 4.542302
v 5.593074 8.327916 4.603822
v 5.302548 6.518219 6.567493
v 5.274911 6.617935 6.618568
v 5.188420 6.502606 6.536219
v 5.478946 8.312303 4.572547
v 5.655359 6.246859 4.959913
v 5.843153 4.048180 5.372267
v 5.199800 6.369372 6.561206
v 5.666739 6.113625 4.984900
v 5.187320 6.291629 6.645565
v 5.830672 3.970437 5.456626
v 5.363733 4.226184 7.032930
v 5.451308 8.412019 4.623624
v 4.984369 8.667767 6.199929
v 5.160783 6.602323 6.587296
v 2.326183 11.102196 0.286895
v 12.107389 9.583686 0.286895
v 2.441217 11.843174 0.286895
v 12.222425 10.324665 0.286895
v 2.441217 11.843174 -0.462960
v 12.222425 10.324665 -0.462960
v 2.326183 11.102196 -0.462960
v 12.107389 9.583686 -0.462960
v 2.326183 11.102196 -9.536589
v 12.107389 9.583686 -9.536589
v 2.441217 11.843174 -9.536589
v 12.222425 10.324665 -9.536589
v 2.441217 11.843174 -10.286444
v 12.222425 10.324665 -10.286444
v 2.326183 11.102196 -10.286444
v 12.107389 9.583686 -10.286444
v -17.374977 1.785190 -4.858044
v -18.077209 1.763489 -4.858044
v -17.642405 10.439200 -5.703011
v -18.344637 10.417500 -5.703011
v -17.640297 10.370993 -6.402257
v -18.342529 10.349292 -6.402257
v -17.372868 1.716981 -5.557290
v -18.075100 1.695281 -5.557290
v -17.507469 1.828331 -13.894279
v -18.210037 1.828331 -13.894279
v -17.507469 10.417550 -15.273658
v -18.210037 10.417550 -15.273658
v -17.507469 10.306149 -15.967338
v -18.210037 10.306149 -15.967338
v -17.507469 1.716930 -14.587959
v -18.210037 1.716930 -14.587959
v -17.467113 1.709444 5.470469
v -18.164398 1.700477 5.555996
v -17.467113 10.361294 6.377586
v -18.164398 10.352326 6.463114
v -17.553108 10.434004 5.684101
v -18.250393 10.425036 5.769629
v -17.553108 1.782153 4.776985
v -18.250393 1.773186 4.862513
v -11.129678 3.909424 -9.264370
v -11.129678 8.809720 -9.264370
v -11.129678 8.809720 -12.557766
v -11.129678 3.909424 -12.557766
v -11.629034 3.909424 -9.264370
v -11.629034 8.809720 -9.264370
v -11.629034 8.809720 -12.557766
v -11.629034 3.909424 -12.557766
v -11.129678 6.280717 -9.264370
v -11.129678 6.438426 -9.264370
v -11.629034 6.438426 -9.264370
v -11.629034 6.280717 -9.264370
v -11.629034 6.438426 -12.557766
v -11.629034 6.280717 -12.557766
v -11.129678 6.438426 -12.557766
v -11.129678 6.280717 -12.557766
v -11.129678 8.809720 -10.839443
v -11.129678 8.809720 -10.982698
v -11.629034 8.809720 -10.982698
v -11.629034 8.809720 -10.839443
v -11.629034 3.909424 -10.982698
v -11.629034 3.909424 -10.839443
v -11.129678 3.909424 -10.982698
v -11.129678 3.909424 -10.839443
v -11.647585 6.438426 -10.982698
v -11.647585 8.574156 -10.982698
v -11.647585 6.438426 -12.343786
v -11.647585 8.574156 -12.343786
v -11.647585 4.144988 -10.982698
v -11.647585 6.280717 -10.982698
v -11.647585 4.144988 -12.343786
v -11.647585 6.280717 -12.343786
v -11.647585 6.438426 -10.839443
v -11.647585 6.438426 -9.478350
v -11.647585 8.574156 -10.839443
v -11.647585 8.574156 -9.478350
v -11.647585 4.144988 -9.478350
v -11.647585 4.144988 -10.839443
v -11.647585 6.280717 -10.839443
v -11.647585 6.280717 -9.478350
v -11.843014 6.312255 -9.449701
v -11.814365 6.280717 -9.478350
v -11.843014 6.312255 -10.868092
v -11.814365 6.280717 -10.839443
v -11.843014 6.406889 -9.449701
v -11.814365 6.438426 -9.478350
v -11.843014 6.406889 -10.868092
v -11.814365 6.438426 -10.839443
v -11.843014 4.113450 -10.868092
v -11.814365 4.144988 -10.839443
v -11.843014 6.312255 -10.954050
v -11.814365 6.280717 -10.982698
v -11.843014 4.113450 -10.954050
v -11.814365 4.144988 -10.982698
v -11.843014 6.312255 -12.372436
v -11.814365 6.280717 -12.343786
v -11.843014 6.406889 -10.954050
v -11.814365 6.438426 -10.982698
v -11.843014 6.406889 -12.372436
v -11.814365 6.438426 -12.343786
v -11.843014 8.605694 -10.954050
v -11.814365 8.574156 -10.982698
v -11.843014 8.605694 -10.868092
v -11.814365 8.574156 -10.839443
v -11.843014 8.605694 -12.372436
v -11.814365 8.574156 -12.343786
v -11.843014 3.940962 -12.529118
v -11.814365 3.909424 -12.557766
v -11.843014 3.940962 -10.982698
v -11.843014 3.909424 -10.962440
v -11.814365 3.909424 -10.982698
v -11.843014 4.113450 -12.372436
v -11.814365 4.144988 -12.343786
v -11.814365 8.809720 -9.264370
v -11.843014 8.778182 -9.293017
v -11.814365 6.438426 -9.264370
v -11.843014 6.416126 -9.264370
v -11.843014 6.438426 -9.293017
v -11.843014 8.605694 -9.449701
v -11.814365 8.574156 -9.478350
v -11.814365 8.809720 -12.557766
v -11.843014 8.778182 -12.529118
v -11.814365 8.809720 -10.982698
v -11.843014 8.809720 -10.962440
v -11.843014 8.778182 -10.982698
v -11.843014 6.438426 -12.529118
v -11.843014 6.416126 -12.557766
v -11.814365 6.438426 -12.557766
v -11.843014 3.940962 -9.293017
v -11.814365 3.909424 -9.264370
v -11.843014 6.280717 -9.293017
v -11.843014 6.303018 -9.264370
v -11.814365 6.280717 -9.264370
v -11.843014 4.113450 -9.449701
v -11.814365 4.144988 -9.478350
v -11.814365 6.280717 -12.557766
v -11.843014 6.303018 -12.557766
v -11.843014 6.280717 -12.529118
v -11.843014 8.778182 -10.839443
v -11.843014 8.809720 -10.859700
v -11.814365 8.809720 -10.839443
v -11.814365 3.909424 -10.839443
v -11.843014 3.909424 -10.859700
v -11.843014 3.940962 -10.839443
v -12.062324 4.643980 -7.009664
v -11.306759 8.772974 -4.781828
v -11.849649 7.960318 -3.091560
v -12.605213 3.831325 -5.319397
v -12.203872 4.729527 -6.888542
v -12.190942 4.680366 -7.033480
v -12.088056 4.651259 -7.014427
v -11.332491 8.780252 -4.786592
v -11.435377 8.809359 -4.805643
v -11.482842 8.669790 -4.762537
v -11.875381 7.967598 -3.096327
v -11.978269 7.996704 -3.115377
v -12.630946 3.838604 -5.324162
v -12.733833 3.867711 -5.343213
v -11.673727 6.767575 -5.863859
v -11.695355 6.649378 -5.927632
v -12.238246 5.836723 -4.237366
v -12.216618 5.954919 -4.173592
v -12.263979 5.844003 -4.242130
v -12.242350 5.962199 -4.178358
v -12.366865 5.873109 -4.261183
v -12.345237 5.991306 -4.197409
v -12.336666 5.918314 -4.355204
v -12.315038 6.036510 -4.291430
v -11.823975 6.685763 -5.951448
v -11.802345 6.803960 -5.887674
v -11.721087 6.656657 -5.932397
v -11.699459 6.774854 -5.868623
v -11.979742 7.868828 -3.302784
v -11.970062 7.965505 -3.207363
v -11.945464 7.977293 -3.322191
v -11.818138 6.837471 -5.751182
v -11.843357 6.699658 -5.825540
v -11.852417 6.729008 -5.731777
v -12.666492 4.037029 -5.448196
v -12.703709 3.956290 -5.370571
v -12.671963 4.085995 -5.343847
v -11.874045 6.610811 -5.795551
v -11.868576 6.561845 -5.899899
v -11.760972 6.578823 -5.774613
v -12.558889 4.054006 -5.322908
v -12.223593 5.886324 -4.334265
v -11.866669 7.836840 -3.281847
v -11.739344 6.697019 -5.710839
v -12.201964 6.004521 -4.270491
v -11.705066 6.805484 -5.730245
v -11.832391 7.945304 -3.301252
v -11.369770 8.637802 -4.741600
v -12.553419 4.005040 -5.427258
v -12.090799 4.697538 -6.867605
v -11.755503 6.529858 -5.878962
v -11.589211 8.788685 -13.079350
v -11.986746 4.134362 -12.206450
v -12.534703 3.834239 -14.056263
v -12.137169 8.488563 -14.929163
v -11.758595 8.683380 -13.126723
v -11.719029 8.806445 -13.043777
v -11.615183 8.792238 -13.072233
v -12.012718 4.137915 -12.199333
v -12.116564 4.152122 -12.170877
v -12.137959 4.241797 -12.293722
v -12.560676 3.837792 -14.049145
v -12.664523 3.851998 -14.020689
v -12.163141 8.492116 -14.922045
v -12.266989 8.506323 -14.893589
v -11.793669 6.394907 -12.630406
v -11.782289 6.528141 -12.655394
v -12.330246 6.228018 -14.505206
v -12.341625 6.094784 -14.480219
v -12.356218 6.231571 -14.498089
v -12.367598 6.098337 -14.473101
v -12.460066 6.245778 -14.469633
v -12.471445 6.112544 -14.444645
v -12.429585 6.262471 -14.366737
v -12.440965 6.129237 -14.341750
v -11.912107 6.545900 -12.619822
v -11.923487 6.412666 -12.594833
v -11.808260 6.531693 -12.648277
v -11.819640 6.398459 -12.623289
v -12.617378 4.063793 -13.954384
v -12.639412 3.930103 -13.968045
v -12.604898 3.986051 -13.870025
v -11.961545 6.307241 -12.681087
v -11.948277 6.462588 -12.710222
v -11.974026 6.384985 -12.765445
v -12.225533 8.427632 -14.703026
v -12.253409 8.449409 -14.815623
v -12.253172 8.327916 -14.754104
v -11.962646 6.518219 -12.790432
v -11.935008 6.617935 -12.739357
v -11.848516 6.502606 -12.821707
v -12.139043 8.312303 -14.785378
v -12.315456 6.246859 -14.398012
v -12.503250 4.048180 -13.985659
v -11.859897 6.369372 -12.796720
v -12.326836 6.113625 -14.373025
v -11.847417 6.291629 -12.712360
v -12.490769 3.970437 -13.901299
v -12.023830 4.226184 -12.324995
v -12.111404 8.412019 -14.734302
v -11.644466 8.667767 -13.157996
v -11.820880 6.602323 -12.770630
v -10.923159 12.599537 11.336507
v -10.923159 15.620001 11.336507
v -10.923159 15.620001 8.616502
v -10.923159 12.599537 8.616502
v -11.335576 12.599537 11.336507
v -11.335576 15.620001 11.336507
v -11.335576 15.620001 8.616502
v -11.335576 12.599537 8.616502
v -10.923159 14.061164 11.336507
v -10.923159 14.158373 11.336507
v -11.335576 14.158373 11.336507
v -11.335576 14.061164 11.336507
v -11.335576 14.158373 8.616502
v -11.335576 14.061164 8.616502
v -10.923159 14.158373 8.616502
v -10.923159 14.061164 8.616502
v -10.923159 15.620001 10.035659
v -10.923159 15.620001 9.917345
v -11.335576 15.620001 9.917345
v -11.335576 15.620001 10.035659
v -11.335576 12.599537 9.917345
v -11.335576 12.599537 10.035659
v -10.923159 12.599537 9.917345
v -10.923159 12.599537 10.035659
v -11.350896 14.158373 9.917345
v -11.350896 15.474802 9.917345
v -11.350896 14.158373 8.793227
v -11.350896 15.474802 8.793227
v -11.350896 12.744735 9.917345
v -11.350896 14.061164 9.917345
v -11.350896 12.744735 8.793227
v -11.350896 14.061164 8.793227
v -11.350896 14.158373 10.035659
v -11.350896 14.158373 11.159781
v -11.350896 15.474802 10.035659
v -11.350896 15.474802 11.159781
v -11.350896 12.744735 11.159781
v -11.350896 12.744735 10.035659
v -11.350896 14.061164 10.035659
v -11.350896 14.061164 11.159781
v -11.512300 14.080603 11.183442
v -11.488640 14.061164 11.159781
v -11.512300 14.080603 10.011998
v -11.488640 14.061164 10.035659
v -11.512300 14.138934 11.183442
v -11.488640 14.158373 11.159781
v -11.512300 14.138934 10.011998
v -11.488640 14.158373 10.035659
v -11.512300 12.725295 10.011998
v -11.488640 12.744735 10.035659
v -11.512300 14.080603 9.941006
v -11.488640 14.061164 9.917345
v -11.512300 12.725295 9.941006
v -11.488640 12.744735 9.917345
v -11.512300 14.080603 8.769566
v -11.488640 14.061164 8.793227
v -11.512300 14.138934 9.941006
v -11.488640 14.158373 9.917345
v -11.512300 14.138934 8.769566
v -11.488640 14.158373 8.793227
v -11.512300 15.494242 9.941006
v -11.488640 15.474802 9.917345
v -11.512300 15.494242 10.011998
v -11.488640 15.474802 10.035659
v -11.512300 15.494242 8.769566
v -11.488640 15.474802 8.793227
v -11.512300 12.618977 8.640162
v -11.488640 12.599537 8.616502
v -11.512300 12.618977 9.917345
v -11.512300 12.599537 9.934076
v -11.488640 12.599537 9.917345
v -11.512300 12.725295 8.769566
v -11.488640 12.744735 8.793227
v -11.488640 15.620001 11.336507
v -11.512300 15.600561 11.312847
v -11.488640 14.158373 11.336507
v -11.512300 14.144628 11.336507
v -11.512300 14.158373 11.312847
v -11.512300 15.494242 11.183442
v -11.488640 15.474802 11.159781
v -11.488640 15.620001 8.616502
v -11.512300 15.600561 8.640162
v -11.488640 15.620001 9.917345
v -11.512300 15.620001 9.934076
v -11.512300 15.600561 9.917345
v -11.512300 14.158373 8.640162
v -11.512300 14.144628 8.616502
v -11.488640 14.158373 8.616502
v -11.512300 12.618977 11.312847
v -11.488640 12.599537 11.336507
v -11.512300 14.061164 11.312847
v -11.512300 14.074909 11.336507
v -11.488640 14.061164 11.336507
v -11.512300 12.725295 11.183442
v -11.488640 12.744735 11.159781
v -11.488640 14.061164 8.616502
v -11.512300 14.074909 8.616502
v -11.512300 14.061164 8.640162
v -11.512300 15.600561 10.035659
v -11.512300 15.620001 10.018929
v -11.488640 15.620001 10.035659
v -11.488640 12.599537 10.035659
v -11.512300 12.599537 10.018929
v -11.512300 12.618977 10.035659
v -11.129678 3.909424 -5.967312
v -11.129678 8.809720 -5.967312
v -11.129678 8.809720 -9.260708
v -11.129678 3.909424 -9.260708
v -11.629034 3.909424 -5.967312
v -11.629034 8.809720 -5.967312
v -11.629034 8.809720 -9.260708
v -11.629034 3.909424 -9.260708
v -11.129678 6.280717 -5.967312
v -11.129678 6.438426 -5.967312
v -11.629034 6.438426 -5.967312
v -11.629034 6.280717 -5.967312
v -11.629034 6.438426 -9.260708
v -11.629034 6.280717 -9.260708
v -11.129678 6.438426 -9.260708
v -11.129678 6.280717 -9.260708
v -11.129678 8.809720 -7.542385
v -11.129678 8.809720 -7.685640
v -11.629034 8.809720 -7.685640
v -11.629034 8.809720 -7.542385
v -11.629034 3.909424 -7.685640
v -11.629034 3.909424 -7.542385
v -11.129678 3.909424 -7.685640
v -11.129678 3.909424 -7.542385
v -11.647585 6.438426 -7.685640
v -11.647585 8.574156 -7.685640
v -11.647585 6.438426 -9.046728
v -11.647585 8.574156 -9.046728
v -11.647585 4.144988 -7.685640
v -11.647585 6.280717 -7.685640
v -11.647585 4.144988 -9.046728
v -11.647585 6.280717 -9.046728
v -11.647585 6.438426 -7.542385
v -11.647585 6.438426 -6.181292
v -11.647585 8.574156 -7.542385
v -11.647585 8.574156 -6.181292
v -11.647585 4.144988 -6.181292
v -11.647585 4.144988 -7.542385
v -11.647585 6.280717 -7.542385
v -11.647585 6.280717 -6.181292
v -11.843014 6.312255 -6.152643
v -11.814365 6.280717 -6.181292
v -11.843014 6.312255 -7.571033
v -11.814365 6.280717 -7.542385
v -11.843014 6.406889 -6.152643
v -11.814365 6.438426 -6.181292
v -11.843014 6.406889 -7.571033
v -11.814365 6.438426 -7.542385
v -11.843014 4.113450 -7.571033
v -11.814365 4.144988 -7.542385
v -11.843014 6.312255 -7.656992
v -11.814365 6.280717 -7.685640
v -11.843014 4.113450 -7.656992
v -11.814365 4.144988 -7.685640
v -11.843014 6.312255 -9.075377
v -11.814365 6.280717 -9.046728
v -11.843014 6.406889 -7.656992
v -11.814365 6.438426 -7.685640
v -11.843014 6.406889 -9.075377
v -11.814365 6.438426 -9.046728
v -11.843014 8.605694 -7.656992
v -11.814365 8.574156 -7.685640
v -11.843014 8.605694 -7.571033
v -11.814365 8.574156 -7.542385
v -11.843014 8.605694 -9.075377
v -11.814365 8.574156 -9.046728
v -11.843014 3.940962 -9.232059
v -11.814365 3.909424 -9.260708
v -11.843014 3.940962 -7.685640
v -11.843014 3.909424 -7.665382
v -11.814365 3.909424 -7.685640
v -11.843014 4.113450 -9.075377
v -11.814365 4.144988 -9.046728
v -11.814365 8.809720 -5.967312
v -11.843014 8.778182 -5.995959
v -11.814365 6.438426 -5.967312
v -11.843014 6.416126 -5.967312
v -11.843014 6.438426 -5.995959
v -11.843014 8.605694 -6.152643
v -11.814365 8.574156 -6.181292
v -11.814365 8.809720 -9.260708
v -11.843014 8.778182 -9.232059
v -11.814365 8.809720 -7.685640
v -11.843014 8.809720 -7.665382
v -11.843014 8.778182 -7.685640
v -11.843014 6.438426 -9.232059
v -11.843014 6.416126 -9.260708
v -11.814365 6.438426 -9.260708
v -11.843014 3.940962 -5.995959
v -11.814365 3.909424 -5.967312
v -11.843014 6.280717 -5.995959
v -11.843014 6.303018 -5.967312
v -11.814365 6.280717 -5.967312
v -11.843014 4.113450 -6.152643
v -11.814365 4.144988 -6.181292
v -11.814365 6.280717 -9.260708
v -11.843014 6.303018 -9.260708
v -11.843014 6.280717 -9.232059
v -11.843014 8.778182 -7.542385
v -11.843014 8.809720 -7.562642
v -11.814365 8.809720 -7.542385
v -11.814365 3.909424 -7.542385
v -11.843014 3.909424 -7.562642
v -11.843014 3.940962 -7.542385
v -11.222072 11.357067 15.773291
v -11.222072 2.000326 15.773291
v -11.222072 2.000326 -15.811939
v -11.222072 11.357067 -15.811939
v -11.546734 8.478850 1.688063
v -11.546734 1.917799 1.688063
v -11.067352 1.917799 1.888458
v -11.067352 8.852127 1.888458
v -11.574646 1.917799 1.888458
v -11.574646 8.852127 1.888458
v -11.664993 1.917799 1.688063
v -11.664993 8.478850 1.688063
v -11.680811 8.690372 1.801620
v -11.680811 1.917799 1.801620
v -11.692907 8.852127 1.888458
v -11.692907 1.917799 1.888458
v -11.778097 1.917799 1.801620
v -11.778097 8.690372 1.801620
v -11.790193 8.852127 1.888458
v -11.790193 1.917799 1.888458
v -11.546734 8.478850 -1.553203
v -11.546734 1.917799 -1.553203
v -11.067352 1.917799 -1.753599
v -11.067352 8.852127 -1.753599
v -11.574646 1.917799 -1.753599
v -11.574646 8.852127 -1.753599
v -11.664993 1.917799 -1.553203
v -11.664993 8.478850 -1.553203
v -11.680811 8.690372 -1.666761
v -11.680811 1.917799 -1.666761
v -11.692907 8.852127 -1.753599
v -11.692907 1.917799 -1.753599
v -11.778097 1.917799 -1.666761
v -11.778097 8.690372 -1.666761
v -11.790193 8.852127 -1.753599
v -11.790193 1.917799 -1.753599
v -11.546734 1.973998 1.688063
v -11.546734 1.973998 -1.553203
v -11.222072 11.124273 15.833879
v -10.501247 11.370359 15.833879
v -10.501247 11.370359 -15.811939
v -11.222072 11.124273 -15.811939
v -11.222072 10.403626 -15.811939
v -11.222072 10.446273 15.833879
v -18.384708 -0.020269 4.345277
v -21.471592 -0.020269 4.345277
v -18.384708 0.916577 4.345277
v -21.471592 0.726336 4.345277
v -18.384708 0.916577 -4.099592
v -21.471592 0.797651 -4.099592
v -18.384708 -0.020269 -4.099592
v -21.471592 -0.020269 -4.099592
v -19.928150 -0.020269 4.345277
v -19.928150 0.726336 4.345277
v -19.928150 0.797651 -4.099592
v -19.928150 -0.020269 -4.099592
v -18.384708 1.713250 4.345277
v -19.928150 1.713250 4.345277
v -19.928150 1.386595 -4.099592
v -18.384708 1.386595 -4.099592
v -18.384708 1.542970 4.345277
v -19.928150 1.229858 -4.099592
v -19.928150 1.542970 4.345277
v -18.384708 0.788321 4.345277
v -18.384708 0.788321 -4.099592
v -19.928150 0.681945 -4.099592
v -21.471592 0.681945 -4.099592
v -21.471592 0.598081 4.345277
v -19.928150 0.598081 4.345277
v -19.928150 -0.020269 -4.099592
v -19.928150 -0.020269 4.345277
v -21.471592 -0.020269 -4.099592
v -21.471592 -0.020269 4.345277
v -18.384708 1.245473 -4.099592
v -19.928150 1.229858 -4.099592
v -18.384708 1.386595 -4.099592
v -19.928150 1.386595 -4.099592
v -19.928150 1.542970 4.345277
v -19.928150 1.713250 4.345277
v -18.384708 1.542970 4.345277
v -18.384708 1.713250 4.345277
v -19.928150 0.681945 -4.099592
v -21.471592 0.681945 -4.099592
v -19.928150 0.797651 -4.099592
v -21.471592 0.797651 -4.099592
v -21.471592 0.598081 4.345277
v -21.471592 0.726336 4.345277
v -19.928150 0.598081 4.345277
v -19.928150 0.726336 4.345277
v -18.384708 1.245473 -4.250041
v -20.003374 1.229858 -4.174816
v -18.384708 1.386595 -4.250041
v -20.003374 1.386595 -4.174816
v -20.003374 1.542970 4.420501
v -20.003374 1.713250 4.420501
v -18.384708 1.542970 4.495725
v -18.384708 1.713250 4.495725
v -19.928150 0.681945 -4.250041
v -21.546814 0.681945 -4.174816
v -19.928150 0.797651 -4.250041
v -21.546814 0.797651 -4.174816
v -21.546814 0.598081 4.420501
v -21.546814 0.726336 4.420501
v -19.928150 0.598081 4.495725
v -19.928150 0.726336 4.495725
v -11.222072 2.000326 16.207373
v -11.222072 -0.084326 16.207373
v -18.346889 -0.084326 16.207373
v -18.346889 -0.084326 -0.054086
v -11.222072 -0.084326 -0.054086
v -11.222072 2.000326 -16.315544
v -11.222072 -0.084326 -16.315544
v -18.346889 -0.084326 -16.315544
v -11.222072 2.000326 15.773291
v -11.222072 2.000326 -15.811939
v -11.222072 1.479436 16.207373
v -18.346889 1.479436 16.207373
v -18.346889 1.479436 -0.054086
v -18.346889 1.479436 -16.315544
v -11.222072 1.479436 -16.315544
v -11.222072 2.000326 16.532141
v -11.222072 1.479436 16.532141
v -18.509274 1.479436 16.369757
v -18.671658 1.479436 -0.054086
v -11.222072 2.000326 -16.640312
v -18.509274 1.479436 -16.477928
v -11.222072 1.479436 -16.640312
v -17.507469 1.717603 15.757746
v -18.210037 1.717603 15.757746
v -17.507469 10.416878 15.757746
v -18.210037 10.416878 15.757746
v -17.507469 10.416878 15.055178
v -18.210037 10.416878 15.055178
v -17.507469 1.717603 15.055178
v -18.210037 1.717603 15.055178
v -18.346889 2.000326 16.207373
v -11.222072 2.000326 -0.054086
v -18.346889 2.000326 -0.054086
v -18.346889 2.000326 -16.315544
v -18.509274 2.000326 16.369757
v -18.671658 2.000326 -0.054086
v -18.509274 2.000326 -16.477928
v -11.222072 2.000326 16.532141
v -11.222072 1.479436 16.532141
v -18.509274 1.479436 16.369757
v -18.671658 1.479436 -0.054086
v -18.509274 1.479436 -16.477928
v -11.222072 1.479436 -16.640312
v -11.222072 2.000326 -16.640312
v -11.222072 2.000326 16.207373
v -11.222072 2.000326 -16.315544
v -11.222072 11.124273 15.921902
v -19.447140 10.712498 16.119085
v -19.829597 10.101713 16.119085
v -19.447140 10.712498 -0.142374
v -19.829597 10.101713 -0.142374
v -10.501247 11.370359 15.921902
v -10.839614 11.735058 16.861917
v -11.222072 11.124273 16.861917
v -19.829597 10.101713 16.861917
v -19.447140 10.712498 16.861917
v -10.501247 11.370359 16.861917
v -11.222072 11.124273 -16.403831
v -19.447140 10.712498 -16.403831
v -19.829597 10.101713 -16.403831
v -10.501247 11.370359 -16.403831
v -10.839614 11.735058 -17.146664
v -11.222072 11.124273 -17.146664
v -19.829597 10.101713 -17.146664
v -19.447140 10.712498 -17.146664
v -10.501247 11.370359 -17.146664
v -11.129678 3.909424 13.390614
v -11.129678 8.809720 13.390614
v -11.129678 8.809720 10.097218
v -11.129678 3.909424 10.097218
v -11.629034 3.909424 13.390614
v -11.629034 8.809720 13.390614
v -11.629034 8.809720 10.097218
v -11.629034 3.909424 10.097218
v -11.129678 6.280717 13.390614
v -11.129678 6.438426 13.390614
v -11.629034 6.438426 13.390614
v -11.629034 6.280717 13.390614
v -11.629034 6.438426 10.097218
v -11.629034 6.280717 10.097218
v -11.129678 6.438426 10.097218
v -11.129678 6.280717 10.097218
v -11.129678 8.809720 11.815540
v -11.129678 8.809720 11.672285
v -11.629034 8.809720 11.672285
v -11.629034 8.809720 11.815540
v -11.629034 3.909424 11.672285
v -11.629034 3.909424 11.815540
v -11.129678 3.909424 11.672285
v -11.129678 3.909424 11.815540
v -11.647585 6.438426 11.672285
v -11.647585 8.574156 11.672285
v -11.647585 6.438426 10.311197
v -11.647585 8.574156 10.311197
v -11.647585 4.144988 11.672285
v -11.647585 6.280717 11.672285
v -11.647585 4.144988 10.311197
v -11.647585 6.280717 10.311197
v -11.647585 6.438426 11.815540
v -11.647585 6.438426 13.176634
v -11.647585 8.574156 11.815540
v -11.647585 8.574156 13.176634
v -11.647585 4.144988 13.176634
v -11.647585 4.144988 11.815540
v -11.647585 6.280717 11.815540
v -11.647585 6.280717 13.176634
v -11.843014 6.312255 13.205282
v -11.814365 6.280717 13.176634
v -11.843014 6.312255 11.786892
v -11.814365 6.280717 11.815540
v -11.843014 6.406889 13.205282
v -11.814365 6.438426 13.176634
v -11.843014 6.406889 11.786892
v -11.814365 6.438426 11.815540
v -11.843014 4.113450 11.786892
v -11.814365 4.144988 11.815540
v -11.843014 6.312255 11.700933
v -11.814365 6.280717 11.672285
v -11.843014 4.113450 11.700933
v -11.814365 4.144988 11.672285
v -11.843014 6.312255 10.282548
v -11.814365 6.280717 10.311197
v -11.843014 6.406889 11.700933
v -11.814365 6.438426 11.672285
v -11.843014 6.406889 10.282548
v -11.814365 6.438426 10.311197
v -11.843014 8.605694 11.700933
v -11.814365 8.574156 11.672285
v -11.843014 8.605694 11.786892
v -11.814365 8.574156 11.815540
v -11.843014 8.605694 10.282548
v -11.814365 8.574156 10.311197
v -11.843014 3.940962 10.125866
v -11.814365 3.909424 10.097218
v -11.843014 3.940962 11.672285
v -11.843014 3.909424 11.692543
v -11.814365 3.909424 11.672285
v -11.843014 4.113450 10.282548
v -11.814365 4.144988 10.311197
v -11.814365 8.809720 13.390614
v -11.843014 8.778182 13.361966
v -11.814365 6.438426 13.390614
v -11.843014 6.416126 13.390614
v -11.843014 6.438426 13.361966
v -11.843014 8.605694 13.205282
v -11.814365 8.574156 13.176634
v -11.814365 8.809720 10.097218
v -11.843014 8.778182 10.125866
v -11.814365 8.809720 11.672285
v -11.843014 8.809720 11.692543
v -11.843014 8.778182 11.672285
v -11.843014 6.438426 10.125866
v -11.843014 6.416126 10.097218
v -11.814365 6.438426 10.097218
v -11.843014 3.940962 13.361966
v -11.814365 3.909424 13.390614
v -11.843014 6.280717 13.361966
v -11.843014 6.303018 13.390614
v -11.814365 6.280717 13.390614
v -11.843014 4.113450 13.205282
v -11.814365 4.144988 13.176634
v -11.814365 6.280717 10.097218
v -11.843014 6.303018 10.097218
v -11.843014 6.280717 10.125866
v -11.843014 8.778182 11.815540
v -11.843014 8.809720 11.795283
v -11.814365 8.809720 11.815540
v -11.814365 3.909424 11.815540
v -11.843014 3.909424 11.795283
v -11.843014 3.940962 11.815540
v -10.969734 12.378364 11.705548
v -10.969734 15.787430 11.705548
v -10.969734 17.152174 9.897383
v -10.969734 12.378364 9.897383
v -10.969734 15.787430 9.897383
v -10.969734 15.932426 11.956276
v -10.969734 17.408007 10.148112
v -11.368688 15.787430 11.705548
v -11.368688 17.152174 9.897383
v -11.368688 17.408007 10.148112
v -11.368688 15.932426 11.956276
v -10.969734 15.543061 12.029325
v -10.969734 15.688055 12.280053
v -11.368688 15.543061 12.029325
v -11.368688 15.688055 12.280053
v -10.969734 12.378364 8.089215
v -10.969734 15.787430 8.089215
v -10.969734 15.932426 7.838484
v -10.969734 17.408007 9.646654
v -11.368688 15.787430 8.089215
v -11.368688 17.152174 9.897383
v -11.368688 17.408007 9.646654
v -11.368688 15.932426 7.838484
v -10.969734 15.543061 7.765436
v -10.969734 15.688055 7.514708
v -11.368688 15.543061 7.765436
v -11.368688 15.688055 7.514708
v -11.368688 17.618565 9.897384
v -10.969734 17.618567 9.897384
v -8.986280 11.102196 14.931341
v -18.767487 9.583686 14.931341
v -9.101315 11.843174 14.931341
v -18.882523 10.324665 14.931341
v -9.101315 11.843174 14.181486
v -18.882523 10.324665 14.181486
v -8.986280 11.102196 14.181486
v -18.767487 9.583686 14.181486
v -10.839614 11.735058 -0.142374
v -10.839614 11.735058 16.119085
v -10.839614 11.735058 -16.403831
v -19.447140 10.712498 16.119085
v -19.447140 10.712498 -0.142374
v -10.839614 11.735058 16.861917
v -19.447140 10.712498 16.861917
v -19.447140 10.712498 -16.403831
v -19.447140 10.712498 -17.146664
v -10.839614 11.735058 -17.146664
v -11.536316 3.969364 13.377804
v -11.825375 8.712692 13.377804
v -12.374241 8.679244 15.251241
v -12.085182 3.935916 15.251241
v -11.703485 4.067985 13.443777
v -11.666349 3.961440 13.339567
v -11.562330 3.967779 13.370154
v -11.851390 8.711106 13.370154
v -11.955409 8.704767 13.339567
v -11.979333 8.594502 13.443777
v -12.400257 8.677658 15.243590
v -12.504276 8.671319 15.213003
v -12.111197 3.934330 15.243590
v -12.215218 3.927992 15.213003
v -11.684982 6.408919 13.377804
v -11.676708 6.273137 13.377804
v -12.225574 6.239689 15.251241
v -12.233849 6.375471 15.251241
v -12.251590 6.238104 15.243590
v -12.259865 6.373886 15.243590
v -12.355610 6.231765 15.213003
v -12.363884 6.367547 15.213003
v -12.325078 6.233626 15.108793
v -12.333353 6.369408 15.108793
v -11.806742 6.265213 13.339567
v -11.815017 6.400995 13.339567
v -11.702723 6.271552 13.370154
v -11.710998 6.407334 13.370154
v -12.461629 8.474349 15.108793
v -12.480707 8.603702 15.146864
v -12.447046 8.566000 15.040211
v -11.851057 6.489562 13.443777
v -11.841410 6.331244 13.443777
v -11.865639 6.397910 13.512358
v -12.171200 4.039482 15.040211
v -12.200033 3.997973 15.146864
v -12.196802 4.128684 15.108793
v -11.857365 6.262128 13.512358
v -11.831761 6.172926 13.443777
v -11.743047 6.269095 13.545975
v -12.082485 4.135651 15.142410
v -12.210760 6.240592 15.142410
v -12.347311 8.481316 15.142410
v -11.751322 6.404877 13.545975
v -12.219035 6.376374 15.142410
v -11.736740 6.496528 13.477392
v -12.332729 8.572967 15.073828
v -11.865015 8.601469 13.477392
v -12.056881 4.046448 15.073828
v -11.589169 4.074951 13.477392
v -11.717443 6.179893 13.477392
v -18.095684 8.995357 16.350191
v -18.739779 8.956928 16.350191
v -18.134104 9.639452 16.350191
v -18.778206 9.601025 16.350191
v -18.134104 9.639452 -16.350191
v -18.778206 9.601025 -16.350191
v -18.095684 8.995357 -16.350191
v -18.739779 8.956928 -16.350191
v -18.134104 9.639452 -15.858099
v -18.134104 9.639452 15.858099
v -18.095684 8.995357 15.858099
v -18.095684 8.995357 -15.858099
v -18.739779 8.956928 15.858099
v -18.739779 8.956928 -15.858099
v -18.778206 9.601025 15.858099
v -18.778206 9.601025 -15.858099
v -11.136196 10.050663 15.858099
v -11.174623 10.694758 15.858099
v -11.136196 10.050663 16.350191
v -11.174623 10.694758 16.350191
v -11.136196 10.050663 -16.350191
v -11.136196 10.050663 -15.858099
v -11.174623 10.694758 -15.858099
v -11.174623 10.694758 -16.350191
v -18.134106 10.435607 15.858099
v -18.134106 10.435607 16.350191
v -11.174623 11.490913 15.858099
v -11.174623 11.490913 16.350191
v -18.134106 10.435607 -15.858099
v -18.134106 10.435607 -16.350191
v -11.174623 11.490913 -16.350191
v -11.174623 11.490913 -15.858099
v -10.969734 12.378364 -8.241097
v -10.969734 15.787430 -8.241097
v -10.969734 17.152174 -10.049263
v -10.969734 12.378364 -10.049263
v -10.969734 15.787430 -10.049263
v -10.969734 15.932426 -7.990370
v -10.969734 17.408007 -9.798533
v -11.368688 15.787430 -8.241097
v -11.368688 17.152174 -10.049263
v -11.368688 17.408007 -9.798533
v -11.368688 15.932426 -7.990370
v -10.969734 15.543061 -7.917320
v -10.969734 15.688055 -7.666593
v -11.368688 15.543061 -7.917320
v -11.368688 15.688055 -7.666593
v -10.969734 12.378364 -11.857430
v -10.969734 15.787430 -11.857430
v -10.969734 15.932426 -12.108162
v -10.969734 17.408007 -10.299992
v -11.368688 15.787430 -11.857430
v -11.368688 17.152174 -10.049263
v -11.368688 17.408007 -10.299992
v -11.368688 15.932426 -12.108162
v -10.969734 15.543061 -12.181210
v -10.969734 15.688055 -12.431938
v -11.368688 15.543061 -12.181210
v -11.368688 15.688055 -12.431938
v -11.368688 17.618565 -10.049262
v -10.969734 17.618567 -10.049262
v -10.923159 12.599537 -8.610138
v -10.923159 15.620001 -8.610138
v -10.923159 15.620001 -11.330143
v -10.923159 12.599537 -11.330143
v -11.335576 12.599537 -8.610138
v -11.335576 15.620001 -8.610138
v -11.335576 15.620001 -11.330143
v -11.335576 12.599537 -11.330143
v -10.923159 14.061164 -8.610138
v -10.923159 14.158373 -8.610138
v -11.335576 14.158373 -8.610138
v -11.335576 14.061164 -8.610138
v -11.335576 14.158373 -11.330143
v -11.335576 14.061164 -11.330143
v -10.923159 14.158373 -11.330143
v -10.923159 14.061164 -11.330143
v -10.923159 15.620001 -9.910986
v -10.923159 15.620001 -10.029300
v -11.335576 15.620001 -10.029300
v -11.335576 15.620001 -9.910986
v -11.335576 12.599537 -10.029300
v -11.335576 12.599537 -9.910986
v -10.923159 12.599537 -10.029300
v -10.923159 12.599537 -9.910986
v -11.350896 14.158373 -10.029300
v -11.350896 15.474802 -10.029300
v -11.350896 14.158373 -11.153418
v -11.350896 15.474802 -11.153418
v -11.350896 12.744735 -10.029300
v -11.350896 14.061164 -10.029300
v -11.350896 12.744735 -11.153418
v -11.350896 14.061164 -11.153418
v -11.350896 14.158373 -9.910986
v -11.350896 14.158373 -8.786863
v -11.350896 15.474802 -9.910986
v -11.350896 15.474802 -8.786863
v -11.350896 12.744735 -8.786863
v -11.350896 12.744735 -9.910986
v -11.350896 14.061164 -9.910986
v -11.350896 14.061164 -8.786863
v -11.512300 14.080603 -8.763203
v -11.488640 14.061164 -8.786863
v -11.512300 14.080603 -9.934647
v -11.488640 14.061164 -9.910986
v -11.512300 14.138934 -8.763203
v -11.488640 14.158373 -8.786863
v -11.512300 14.138934 -9.934647
v -11.488640 14.158373 -9.910986
v -11.512300 12.725295 -9.934647
v -11.488640 12.744735 -9.910986
v -11.512300 14.080603 -10.005639
v -11.488640 14.061164 -10.029300
v -11.512300 12.725295 -10.005639
v -11.488640 12.744735 -10.029300
v -11.512300 14.080603 -11.177079
v -11.488640 14.061164 -11.153418
v -11.512300 14.138934 -10.005639
v -11.488640 14.158373 -10.029300
v -11.512300 14.138934 -11.177079
v -11.488640 14.158373 -11.153418
v -11.512300 15.494242 -10.005639
v -11.488640 15.474802 -10.029300
v -11.512300 15.494242 -9.934647
v -11.488640 15.474802 -9.910986
v -11.512300 15.494242 -11.177079
v -11.488640 15.474802 -11.153418
v -11.512300 12.618977 -11.306482
v -11.488640 12.599537 -11.330143
v -11.512300 12.618977 -10.029300
v -11.512300 12.599537 -10.012568
v -11.488640 12.599537 -10.029300
v -11.512300 12.725295 -11.177079
v -11.488640 12.744735 -11.153418
v -11.488640 15.620001 -8.610138
v -11.512300 15.600561 -8.633798
v -11.488640 14.158373 -8.610138
v -11.512300 14.144628 -8.610138
v -11.512300 14.158373 -8.633798
v -11.512300 15.494242 -8.763203
v -11.488640 15.474802 -8.786863
v -11.488640 15.620001 -11.330143
v -11.512300 15.600561 -11.306482
v -11.488640 15.620001 -10.029300
v -11.512300 15.620001 -10.012568
v -11.512300 15.600561 -10.029300
v -11.512300 14.158373 -11.306482
v -11.512300 14.144628 -11.330143
v -11.488640 14.158373 -11.330143
v -11.512300 12.618977 -8.633798
v -11.488640 12.599537 -8.610138
v -11.512300 14.061164 -8.633798
v -11.512300 14.074909 -8.610138
v -11.488640 14.061164 -8.610138
v -11.512300 12.725295 -8.763203
v -11.488640 12.744735 -8.786863
v -11.488640 14.061164 -11.330143
v -11.512300 14.074909 -11.330143
v -11.512300 14.061164 -11.306482
v -11.512300 15.600561 -9.910986
v -11.512300 15.620001 -9.927716
v -11.488640 15.620001 -9.910986
v -11.488640 12.599537 -9.910986
v -11.512300 12.599537 -9.927716
v -11.512300 12.618977 -9.910986
v -8.986280 11.102196 5.245937
v -18.767487 9.583686 5.245937
v -9.101315 11.843174 5.245937
v -18.882523 10.324665 5.245937
v -9.101315 11.843174 4.496082
v -18.882523 10.324665 4.496082
v -8.986280 11.102196 4.496082
v -18.767487 9.583686 4.496082
v -8.986280 11.102196 10.810358
v -18.767487 9.583686 10.810358
v -9.101315 11.843174 10.810358
v -18.882523 10.324665 10.810358
v -9.101315 11.843174 10.060503
v -18.882523 10.324665 10.060503
v -8.986280 11.102196 10.060503
v -18.767487 9.583686 10.060503
v -8.986280 11.102196 -4.257202
v -18.767487 9.583686 -4.257202
v -9.101315 11.843174 -4.257202
v -18.882523 10.324665 -4.257202
v -9.101315 11.843174 -5.007057
v -18.882523 10.324665 -5.007057
v -8.986280 11.102196 -5.007057
v -18.767487 9.583686 -5.007057
v -11.129678 3.909424 10.093555
v -11.129678 8.809720 10.093555
v -11.129678 8.809720 6.800159
v -11.129678 3.909424 6.800159
v -11.629034 3.909424 10.093555
v -11.629034 8.809720 10.093555
v -11.629034 8.809720 6.800159
v -11.629034 3.909424 6.800159
v -11.129678 6.280717 10.093555
v -11.129678 6.438426 10.093555
v -11.629034 6.438426 10.093555
v -11.629034 6.280717 10.093555
v -11.629034 6.438426 6.800159
v -11.629034 6.280717 6.800159
v -11.129678 6.438426 6.800159
v -11.129678 6.280717 6.800159
v -11.129678 8.809720 8.518482
v -11.129678 8.809720 8.375227
v -11.629034 8.809720 8.375227
v -11.629034 8.809720 8.518482
v -11.629034 3.909424 8.375227
v -11.629034 3.909424 8.518482
v -11.129678 3.909424 8.375227
v -11.129678 3.909424 8.518482
v -11.647585 6.438426 8.375227
v -11.647585 8.574156 8.375227
v -11.647585 6.438426 7.014139
v -11.647585 8.574156 7.014139
v -11.647585 4.144988 8.375227
v -11.647585 6.280717 8.375227
v -11.647585 4.144988 7.014139
v -11.647585 6.280717 7.014139
v -11.647585 6.438426 8.518482
v -11.647585 6.438426 9.879576
v -11.647585 8.574156 8.518482
v -11.647585 8.574156 9.879576
v -11.647585 4.144988 9.879576
v -11.647585 4.144988 8.518482
v -11.647585 6.280717 8.518482
v -11.647585 6.280717 9.879576
v -11.843014 6.312255 9.908224
v -11.814365 6.280717 9.879576
v -11.843014 6.312255 8.489834
v -11.814365 6.280717 8.518482
v -11.843014 6.406889 9.908224
v -11.814365 6.438426 9.879576
v -11.843014 6.406889 8.489834
v -11.814365 6.438426 8.518482
v -11.843014 4.113450 8.489834
v -11.814365 4.144988 8.518482
v -11.843014 6.312255 8.403875
v -11.814365 6.280717 8.375227
v -11.843014 4.113450 8.403875
v -11.814365 4.144988 8.375227
v -11.843014 6.312255 6.985489
v -11.814365 6.280717 7.014139
v -11.843014 6.406889 8.403875
v -11.814365 6.438426 8.375227
v -11.843014 6.406889 6.985489
v -11.814365 6.438426 7.014139
v -11.843014 8.605694 8.403875
v -11.814365 8.574156 8.375227
v -11.843014 8.605694 8.489834
v -11.814365 8.574156 8.518482
v -11.843014 8.605694 6.985489
v -11.814365 8.574156 7.014139
v -11.843014 3.940962 6.828807
v -11.814365 3.909424 6.800159
v -11.843014 3.940962 8.375227
v -11.843014 3.909424 8.395485
v -11.814365 3.909424 8.375227
v -11.843014 4.113450 6.985489
v -11.814365 4.144988 7.014139
v -11.814365 8.809720 10.093555
v -11.843014 8.778182 10.064907
v -11.814365 6.438426 10.093555
v -11.843014 6.416126 10.093555
v -11.843014 6.438426 10.064907
v -11.843014 8.605694 9.908224
v -11.814365 8.574156 9.879576
v -11.814365 8.809720 6.800159
v -11.843014 8.778182 6.828807
v -11.814365 8.809720 8.375227
v -11.843014 8.809720 8.395485
v -11.843014 8.778182 8.375227
v -11.843014 6.438426 6.828807
v -11.843014 6.416126 6.800159
v -11.814365 6.438426 6.800159
v -11.843014 3.940962 10.064907
v -11.814365 3.909424 10.093555
v -11.843014 6.280717 10.064907
v -11.843014 6.303018 10.093555
v -11.814365 6.280717 10.093555
v -11.843014 4.113450 9.908224
v -11.814365 4.144988 9.879576
v -11.814365 6.280717 6.800159
v -11.843014 6.303018 6.800159
v -11.843014 6.280717 6.828807
v -11.843014 8.778182 8.518482
v -11.843014 8.809720 8.498224
v -11.814365 8.809720 8.518482
v -11.814365 3.909424 8.518482
v -11.843014 3.909424 8.498224
v -11.843014 3.940962 8.518482
v -8.986280 11.102196 -14.331799
v -18.767487 9.583686 -14.331799
v -9.101315 11.843174 -14.331799
v -18.882523 10.324665 -14.331799
v -9.101315 11.843174 -15.081654
v -18.882523 10.324665 -15.081654
v -8.986280 11.102196 -15.081654
v -18.767487 9.583686 -15.081654
v -11.589211 8.788685 6.278576
v -11.986746 4.134362 7.151476
v -12.534703 3.834239 5.301662
v -12.137169 8.488563 4.428762
v -11.758595 8.683380 6.231202
v -11.719029 8.806445 6.314148
v -11.615183 8.792238 6.285692
v -12.012718 4.137915 7.158592
v -12.116564 4.152122 7.187048
v -12.137959 4.241797 7.064203
v -12.560676 3.837792 5.308781
v -12.664523 3.851998 5.337236
v -12.163141 8.492116 4.435881
v -12.266989 8.506323 4.464336
v -11.793669 6.394907 6.727519
v -11.782289 6.528141 6.702532
v -12.330246 6.228018 4.852719
v -12.341625 6.094784 4.877707
v -12.356218 6.231571 4.859837
v -12.367598 6.098337 4.884825
v -12.460066 6.245778 4.888292
v -12.471445 6.112544 4.913280
v -12.429585 6.262471 4.991188
v -12.440965 6.129237 5.016175
v -11.912107 6.545900 6.738104
v -11.923487 6.412666 6.763092
v -11.808260 6.531693 6.709648
v -11.819640 6.398459 6.734636
v -12.617378 4.063793 5.403542
v -12.639412 3.930103 5.389880
v -12.604898 3.986051 5.487901
v -11.961545 6.307241 6.676838
v -11.948277 6.462588 6.647703
v -11.974026 6.384985 6.592481
v -12.225533 8.427632 4.654900
v -12.253409 8.449409 4.542302
v -12.253172 8.327916 4.603822
v -11.962646 6.518219 6.567493
v -11.935008 6.617935 6.618568
v -11.848516 6.502606 6.536219
v -12.139043 8.312303 4.572547
v -12.315456 6.246859 4.959913
v -12.503250 4.048180 5.372267
v -11.859897 6.369372 6.561206
v -12.326836 6.113625 4.984900
v -11.847417 6.291629 6.645565
v -12.490769 3.970437 5.456626
v -12.023830 4.226184 7.032930
v -12.111404 8.412019 4.623624
v -11.644466 8.667767 6.199929
v -11.820880 6.602323 6.587296
v -8.986280 11.102196 0.286895
v -18.767487 9.583686 0.286895
v -9.101315 11.843174 0.286895
v -18.882523 10.324665 0.286895
v -9.101315 11.843174 -0.462960
v -18.882523 10.324665 -0.462960
v -8.986280 11.102196 -0.462960
v -18.767487 9.583686 -0.462960
v -8.986280 11.102196 -9.536589
v -18.767487 9.583686 -9.536589
v -9.101315 11.843174 -9.536589
v -18.882523 10.324665 -9.536589
v -9.101315 11.843174 -10.286444
v -18.882523 10.324665 -10.286444
v -8.986280 11.102196 -10.286444
v -18.767487 9.583686 -10.286444
vt 0.421003 0.189343
vt 0.948109 0.278880
vt 0.606404 0.174370
vt 0.899638 0.257939
vt 0.606404 0.159396
vt 0.606404 0.204316
vt 0.421003 0.159396
vt 0.966854 0.268796
vt 0.421003 0.219289
vt 0.962523 0.283210
vt 0.421003 0.174370
vt 0.421003 0.204316
vt 0.952440 0.264465
vt 0.909379 0.246466
vt 0.920852 0.256207
vt 0.606404 0.219289
vt 0.606404 0.189343
vt 0.911111 0.267680
vt 0.421003 0.189343
vt 0.421003 0.174370
vt 0.606404 0.174370
vt 0.606404 0.189343
vt 0.899638 0.257939
vt 0.909379 0.246466
vt 0.920852 0.256207
vt 0.911111 0.267680
vt 0.606404 0.204316
vt 0.606404 0.219289
vt 0.421003 0.219289
vt 0.421003 0.204316
vt 0.966854 0.268796
vt 0.962523 0.283210
vt 0.948109 0.278880
vt 0.952440 0.264465
vt 0.421003 0.159396
vt 0.606404 0.159396
vt 0.421003 0.189343
vt 0.421003 0.174370
vt 0.606404 0.174370
vt 0.606404 0.189343
vt 0.899638 0.257939
vt 0.909379 0.246466
vt 0.920852 0.256207
vt 0.911111 0.267680
vt 0.606404 0.204316
vt 0.606404 0.219289
vt 0.421003 0.219289
vt 0.421003 0.204316
vt 0.966854 0.268796
vt 0.962523 0.283210
vt 0.948109 0.278880
vt 0.952440 0.264465
vt 0.421003 0.159396
vt 0.606404 0.159396
vt 0.782415 0.517134
vt 0.782238 0.512311
vt 0.794076 0.512419
vt 0.794216 0.516338
vt 0.798498 0.512472
vt 0.799021 0.513067
vt 0.798943 0.515447
vt 0.798518 0.516062
vt 0.888561 0.514234
vt 0.888404 0.510320
vt 0.900237 0.509542
vt 0.900388 0.514334
vt 0.845284 0.587721
vt 0.840496 0.587889
vt 0.840765 0.576021
vt 0.844434 0.575902
vt 0.840844 0.571584
vt 0.841413 0.571073
vt 0.843566 0.571180
vt 0.844135 0.571618
vt 0.841875 0.450545
vt 0.838198 0.450637
vt 0.837234 0.438864
vt 0.842031 0.438690
vt 0.818814 0.643477
vt 0.818814 0.597726
vt 0.847971 0.597726
vt 0.847971 0.643477
vt 0.795742 0.577513
vt 0.802971 0.570861
vt 0.889849 0.575887
vt 0.882365 0.569582
vt 0.887014 0.448972
vt 0.879842 0.455661
vt 0.793044 0.451252
vt 0.800583 0.457556
vt 0.858739 0.641964
vt 0.858739 0.596211
vt 0.887898 0.596211
vt 0.887898 0.641964
vt 0.738771 0.595624
vt 0.767929 0.595624
vt 0.767929 0.641377
vt 0.738771 0.641377
vt 0.778697 0.594110
vt 0.807856 0.594110
vt 0.807856 0.639863
vt 0.778697 0.639863
vt 0.841842 0.454822
vt 0.841265 0.455338
vt 0.839098 0.455286
vt 0.838530 0.454862
vt 0.884131 0.514201
vt 0.883603 0.513621
vt 0.883678 0.511238
vt 0.884096 0.510618
vt 0.803141 0.513160
vt 0.804081 0.512263
vt 0.839582 0.511488
vt 0.840460 0.512355
vt 0.807046 0.464040
vt 0.807785 0.464807
vt 0.838717 0.460964
vt 0.839471 0.459963
vt 0.803185 0.515161
vt 0.804170 0.516004
vt 0.809821 0.563288
vt 0.809135 0.564105
vt 0.840497 0.514336
vt 0.839656 0.515242
vt 0.841509 0.566491
vt 0.840713 0.565541
vt 0.842364 0.512326
vt 0.843207 0.511426
vt 0.878447 0.510716
vt 0.879427 0.511560
vt 0.841209 0.459913
vt 0.842015 0.460861
vt 0.873663 0.462510
vt 0.872972 0.463323
vt 0.842407 0.514317
vt 0.843284 0.515190
vt 0.843974 0.565441
vt 0.843224 0.566441
vt 0.879459 0.513536
vt 0.878523 0.514434
vt 0.875952 0.563050
vt 0.875217 0.562268
vt 0.876469 0.459001
vt 0.877176 0.458204
vt 0.883122 0.510721
vt 0.841804 0.455858
vt 0.805635 0.568425
vt 0.806337 0.567626
vt 0.840875 0.570550
vt 0.799493 0.515974
vt 0.879675 0.567211
vt 0.878932 0.566433
vt 0.883153 0.514194
vt 0.844066 0.570570
vt 0.804057 0.460686
vt 0.803311 0.459925
vt 0.838611 0.455897
vt 0.799472 0.512498
vt 0.846053 0.517306
vt 0.846099 0.562706
vt 0.875831 0.516805
vt 0.872777 0.560340
vt 0.844517 0.463226
vt 0.845627 0.509023
vt 0.870808 0.465610
vt 0.875477 0.508702
vt 0.837255 0.517659
vt 0.807162 0.518022
vt 0.838223 0.563191
vt 0.811976 0.560985
vt 0.836554 0.463668
vt 0.810278 0.466740
vt 0.836848 0.509431
vt 0.806751 0.509849
vt 0.092476 0.300839
vt 0.037205 0.307237
vt 0.037479 0.306638
vt 0.091931 0.300487
vt 0.027818 0.197651
vt 0.074466 0.183671
vt 0.074257 0.184300
vt 0.028329 0.198083
vt 0.039138 0.304593
vt 0.089810 0.299106
vt 0.040753 0.302480
vt 0.043742 0.301219
vt 0.086572 0.296549
vt 0.071440 0.190356
vt 0.034625 0.201597
vt 0.032056 0.201342
vt 0.030344 0.199819
vt 0.073315 0.186726
vt 0.081047 0.241071
vt 0.080403 0.241296
vt 0.079447 0.238635
vt 0.080075 0.238356
vt 0.018611 0.243996
vt 0.019290 0.244013
vt 0.020015 0.248496
vt 0.019345 0.248650
vt 0.021981 0.243924
vt 0.022776 0.248037
vt 0.024651 0.243860
vt 0.025494 0.247521
vt 0.072370 0.240978
vt 0.074579 0.241840
vt 0.073133 0.243876
vt 0.076815 0.239680
vt 0.077810 0.242195
vt 0.073907 0.238438
vt 0.069602 0.240521
vt 0.027296 0.242821
vt 0.032103 0.207339
vt 0.032755 0.204050
vt 0.040961 0.298907
vt 0.041569 0.296231
vt 0.027723 0.249490
vt 0.070523 0.244980
vt 0.075564 0.245262
vt 0.074789 0.247978
vt 0.084881 0.294633
vt 0.053437 0.300154
vt 0.069228 0.191727
vt 0.072930 0.235955
vt 0.036979 0.202427
vt 0.092476 0.300839
vt 0.037205 0.307237
vt 0.037479 0.306638
vt 0.091931 0.300487
vt 0.027818 0.197651
vt 0.074466 0.183671
vt 0.074257 0.184300
vt 0.028329 0.198083
vt 0.039138 0.304593
vt 0.089810 0.299106
vt 0.040753 0.302480
vt 0.043742 0.301219
vt 0.086572 0.296549
vt 0.071440 0.190356
vt 0.034625 0.201597
vt 0.032056 0.201342
vt 0.030344 0.199819
vt 0.073315 0.186726
vt 0.081047 0.241071
vt 0.080403 0.241296
vt 0.079447 0.238635
vt 0.080075 0.238356
vt 0.018611 0.243996
vt 0.019290 0.244013
vt 0.020015 0.248496
vt 0.019345 0.248650
vt 0.021981 0.243924
vt 0.022776 0.248037
vt 0.024651 0.243860
vt 0.025494 0.247521
vt 0.072370 0.240978
vt 0.074579 0.241840
vt 0.073133 0.243876
vt 0.076815 0.239680
vt 0.077810 0.242195
vt 0.073907 0.238438
vt 0.069602 0.240521
vt 0.027296 0.242821
vt 0.032103 0.207339
vt 0.032755 0.204050
vt 0.040961 0.298907
vt 0.041569 0.296231
vt 0.027723 0.249490
vt 0.070523 0.244980
vt 0.075564 0.245262
vt 0.074789 0.247978
vt 0.084881 0.294633
vt 0.053437 0.300154
vt 0.069228 0.191727
vt 0.072930 0.235955
vt 0.036979 0.202427
vt 0.782415 0.517134
vt 0.782238 0.512311
vt 0.794076 0.512419
vt 0.794216 0.516338
vt 0.798498 0.512472
vt 0.799021 0.513067
vt 0.798943 0.515447
vt 0.798518 0.516062
vt 0.888561 0.514234
vt 0.888404 0.510320
vt 0.900237 0.509542
vt 0.900388 0.514334
vt 0.845284 0.587721
vt 0.840496 0.587889
vt 0.840765 0.576021
vt 0.844434 0.575902
vt 0.840844 0.571584
vt 0.841413 0.571073
vt 0.843566 0.571180
vt 0.844135 0.571618
vt 0.841875 0.450545
vt 0.838198 0.450637
vt 0.837234 0.438864
vt 0.842031 0.438690
vt 0.818814 0.643477
vt 0.818814 0.597726
vt 0.847971 0.597726
vt 0.847971 0.643477
vt 0.795742 0.577513
vt 0.802971 0.570861
vt 0.889849 0.575887
vt 0.882365 0.569582
vt 0.887014 0.448972
vt 0.879842 0.455661
vt 0.793044 0.451252
vt 0.800583 0.457556
vt 0.858739 0.641964
vt 0.858739 0.596211
vt 0.887898 0.596211
vt 0.887898 0.641964
vt 0.738771 0.595624
vt 0.767929 0.595624
vt 0.767929 0.641377
vt 0.738771 0.641377
vt 0.778697 0.594110
vt 0.807856 0.594110
vt 0.807856 0.639863
vt 0.778697 0.639863
vt 0.841842 0.454822
vt 0.841265 0.455338
vt 0.839098 0.455286
vt 0.838530 0.454862
vt 0.884131 0.514201
vt 0.883603 0.513621
vt 0.883678 0.511238
vt 0.884096 0.510618
vt 0.803141 0.513160
vt 0.804081 0.512263
vt 0.839582 0.511488
vt 0.840460 0.512355
vt 0.807046 0.464040
vt 0.807785 0.464807
vt 0.838717 0.460964
vt 0.839471 0.459963
vt 0.803185 0.515161
vt 0.804170 0.516004
vt 0.809821 0.563288
vt 0.809135 0.564105
vt 0.840497 0.514336
vt 0.839656 0.515242
vt 0.841509 0.566491
vt 0.840713 0.565541
vt 0.842364 0.512326
vt 0.843207 0.511426
vt 0.878447 0.510716
vt 0.879427 0.511560
vt 0.841209 0.459913
vt 0.842015 0.460861
vt 0.873663 0.462510
vt 0.872972 0.463323
vt 0.842407 0.514317
vt 0.843284 0.515190
vt 0.843974 0.565441
vt 0.843224 0.566441
vt 0.879459 0.513536
vt 0.878523 0.514434
vt 0.875952 0.563050
vt 0.875217 0.562268
vt 0.876469 0.459001
vt 0.877176 0.458204
vt 0.883122 0.510721
vt 0.841804 0.455858
vt 0.805635 0.568425
vt 0.806337 0.567626
vt 0.840875 0.570550
vt 0.799493 0.515974
vt 0.879675 0.567211
vt 0.878932 0.566433
vt 0.883153 0.514194
vt 0.844066 0.570570
vt 0.804057 0.460686
vt 0.803311 0.459925
vt 0.838611 0.455897
vt 0.799472 0.512498
vt 0.846053 0.517306
vt 0.846099 0.562706
vt 0.875831 0.516805
vt 0.872777 0.560340
vt 0.844517 0.463226
vt 0.845627 0.509023
vt 0.870808 0.465610
vt 0.875477 0.508702
vt 0.837255 0.517659
vt 0.807162 0.518022
vt 0.838223 0.563191
vt 0.811976 0.560985
vt 0.836554 0.463668
vt 0.810278 0.466740
vt 0.836848 0.509431
vt 0.806751 0.509849
vt 0.782415 0.517134
vt 0.782238 0.512311
vt 0.794076 0.512419
vt 0.794216 0.516338
vt 0.798498 0.512472
vt 0.799021 0.513067
vt 0.798943 0.515447
vt 0.798518 0.516062
vt 0.888561 0.514234
vt 0.888404 0.510320
vt 0.900237 0.509542
vt 0.900388 0.514334
vt 0.845284 0.587721
vt 0.840496 0.587889
vt 0.840765 0.576021
vt 0.844434 0.575902
vt 0.840844 0.571584
vt 0.841413 0.571073
vt 0.843566 0.571180
vt 0.844135 0.571618
vt 0.841875 0.450545
vt 0.838198 0.450637
vt 0.837234 0.438864
vt 0.842031 0.438690
vt 0.818814 0.643477
vt 0.818814 0.597726
vt 0.847971 0.597726
vt 0.847971 0.643477
vt 0.795742 0.577513
vt 0.802971 0.570861
vt 0.889849 0.575887
vt 0.882365 0.569582
vt 0.887014 0.448972
vt 0.879842 0.455661
vt 0.793044 0.451252
vt 0.800583 0.457556
vt 0.858739 0.641964
vt 0.858739 0.596211
vt 0.887898 0.596211
vt 0.887898 0.641964
vt 0.738771 0.595624
vt 0.767929 0.595624
vt 0.767929 0.641377
vt 0.738771 0.641377
vt 0.778697 0.594110
vt 0.807856 0.594110
vt 0.807856 0.639863
vt 0.778697 0.639863
vt 0.841842 0.454822
vt 0.841265 0.455338
vt 0.839098 0.455286
vt 0.838530 0.454862
vt 0.884131 0.514201
vt 0.883603 0.513621
vt 0.883678 0.511238
vt 0.884096 0.510618
vt 0.803141 0.513160
vt 0.804081 0.512263
vt 0.839582 0.511488
vt 0.840460 0.512355
vt 0.807046 0.464040
vt 0.807785 0.464807
vt 0.838717 0.460964
vt 0.839471 0.459963
vt 0.803185 0.515161
vt 0.804170 0.516004
vt 0.809821 0.563288
vt 0.809135 0.564105
vt 0.840497 0.514336
vt 0.839656 0.515242
vt 0.841509 0.566491
vt 0.840713 0.565541
vt 0.842364 0.512326
vt 0.843207 0.511426
vt 0.878447 0.510716
vt 0.879427 0.511560
vt 0.841209 0.459913
vt 0.842015 0.460861
vt 0.873663 0.462510
vt 0.872972 0.463323
vt 0.842407 0.514317
vt 0.843284 0.515190
vt 0.843974 0.565441
vt 0.843224 0.566441
vt 0.879459 0.513536
vt 0.878523 0.514434
vt 0.875952 0.563050
vt 0.875217 0.562268
vt 0.876469 0.459001
vt 0.877176 0.458204
vt 0.883122 0.510721
vt 0.841804 0.455858
vt 0.805635 0.568425
vt 0.806337 0.567626
vt 0.840875 0.570550
vt 0.799493 0.515974
vt 0.879675 0.567211
vt 0.878932 0.566433
vt 0.883153 0.514194
vt 0.844066 0.570570
vt 0.804057 0.460686
vt 0.803311 0.459925
vt 0.838611 0.455897
vt 0.799472 0.512498
vt 0.846053 0.517306
vt 0.846099 0.562706
vt 0.875831 0.516805
vt 0.872777 0.560340
vt 0.844517 0.463226
vt 0.845627 0.509023
vt 0.870808 0.465610
vt 0.875477 0.508702
vt 0.837255 0.517659
vt 0.807162 0.518022
vt 0.838223 0.563191
vt 0.811976 0.560985
vt 0.836554 0.463668
vt 0.810278 0.466740
vt 0.836848 0.509431
vt 0.806751 0.509849
vt 0.168166 0.959555
vt 0.039436 0.959555
vt 0.039436 0.779078
vt 0.168166 0.779078
vt 0.843523 0.959555
vt 0.843523 0.779078
vt 0.972267 0.779078
vt 0.972267 0.959555
vt 0.787055 0.201350
vt 0.791296 0.191357
vt 0.910151 0.281761
vt 0.903165 0.290304
vt 0.786330 0.215157
vt 0.785210 0.210794
vt 0.897579 0.297093
vt 0.896007 0.299032
vt 0.786054 0.208882
vt 0.785237 0.205599
vt 0.900150 0.293960
vt 0.898931 0.295446
vt 0.894379 0.301034
vt 0.785349 0.217497
vt 0.786043 0.203675
vt 0.901513 0.292309
vt 0.713960 0.200371
vt 0.709905 0.190123
vt 0.714726 0.213803
vt 0.715706 0.209713
vt 0.714945 0.207764
vt 0.715674 0.204672
vt 0.715645 0.216173
vt 0.714924 0.202721
vt 0.597316 0.288070
vt 0.590455 0.279420
vt 0.598938 0.290104
vt 0.600277 0.291779
vt 0.601471 0.293286
vt 0.602798 0.294956
vt 0.604339 0.296918
vt 0.605928 0.298940
vt 0.782638 0.359428
vt 0.712075 0.357890
vt 0.676552 0.546603
vt 0.585704 0.632778
vt 0.585213 0.546284
vt 0.688950 0.542291
vt 0.585193 0.542880
vt 0.701798 0.548655
vt 0.696382 0.645436
vt 0.604785 0.639468
vt 0.720298 0.536650
vt 0.712458 0.646484
vt 0.699987 0.645671
vt 0.707146 0.535793
vt 0.585127 0.531196
vt 0.688883 0.530607
vt 0.664116 0.450404
vt 0.690851 0.484753
vt 0.686044 0.488094
vt 0.648932 0.439789
vt 0.417762 0.552553
vt 0.450810 0.551514
vt 0.456500 0.732473
vt 0.423451 0.733511
vt 0.772644 0.440917
vt 0.747855 0.485384
vt 0.726595 0.478878
vt 0.757406 0.454534
vt 0.821008 0.312787
vt 0.960482 0.399543
vt 0.957992 0.415452
vt 0.810538 0.327330
vt 0.812934 0.287085
vt 0.831106 0.281981
vt 0.493795 0.728996
vt 0.491203 0.548095
vt 0.524264 0.547621
vt 0.526857 0.728522
vt 0.986343 0.379965
vt 0.987052 0.397789
vt 0.831109 0.281981
vt 0.986342 0.379962
vt 0.960482 0.399541
vt 0.821008 0.312786
vt 0.646343 0.437956
vt 0.685104 0.488801
vt 0.671381 0.504409
vt 0.635233 0.427156
vt 0.750716 0.487321
vt 0.760286 0.494777
vt 0.775142 0.438884
vt 0.783727 0.430525
vt 0.633456 0.422443
vt 0.483734 0.735736
vt 0.454718 0.756980
vt 0.452866 0.754341
vt 0.480474 0.734545
vt 0.480097 0.550514
vt 0.476520 0.551651
vt 0.452417 0.527840
vt 0.450115 0.530862
vt 0.552663 0.733804
vt 0.525259 0.755492
vt 0.524574 0.752990
vt 0.550203 0.733037
vt 0.547653 0.547516
vt 0.544985 0.548510
vt 0.518030 0.529986
vt 0.518753 0.527230
vt 0.726594 0.478878
vt 0.690853 0.484754
vt 0.786276 0.433344
vt 0.760295 0.494790
vt 0.783731 0.430524
vt 0.790878 0.389944
vt 0.790882 0.389940
vt 0.671386 0.504430
vt 0.665136 0.378637
vt 0.665139 0.378632
vt 0.635230 0.427158
vt 0.633450 0.422442
vt 0.987054 0.397791
vt 0.957997 0.415485
vt 0.750711 0.487319
vt 0.747859 0.485387
vt 0.841052 0.397330
vt 0.841052 0.397330
vt 0.841052 0.397330
vt 0.841052 0.397330
vt 0.810502 0.327345
vt 0.841052 0.397330
vt 0.841052 0.397330
vt 0.686044 0.488094
vt 0.685104 0.488801
vt 0.812932 0.287085
vt 0.841052 0.397330
vt 0.841052 0.397330
vt 0.789742 0.434928
vt 0.761497 0.496838
vt 0.788841 0.430906
vt 0.451066 0.751485
vt 0.478760 0.733360
vt 0.671006 0.506728
vt 0.474848 0.552875
vt 0.631912 0.429372
vt 0.448187 0.533633
vt 0.629830 0.424961
vt 0.988468 0.400417
vt 0.958541 0.418972
vt 0.521539 0.754090
vt 0.521893 0.751180
vt 0.548454 0.731798
vt 0.807200 0.331166
vt 0.543294 0.549835
vt 0.515578 0.532080
vt 0.514828 0.528626
vt 0.809411 0.288234
vt 0.099303 0.325825
vt 0.025956 0.370837
vt 0.021999 0.364503
vt 0.094280 0.317052
vt 0.372105 0.495967
vt 0.215123 0.508231
vt 0.215121 0.436206
vt 0.357365 0.434722
vt 0.585428 0.328980
vt 0.590136 0.319953
vt 0.666937 0.358367
vt 0.663759 0.365128
vt 0.058031 0.496400
vt 0.072708 0.435108
vt 0.660687 0.371652
vt 0.582360 0.335496
vt 0.386731 0.491270
vt 0.394062 0.549308
vt 0.378918 0.552098
vt 0.364355 0.422749
vt 0.215076 0.420744
vt 0.065086 0.423208
vt 0.043893 0.492018
vt 0.098046 0.317358
vt 0.100286 0.322354
vt 0.147658 0.244469
vt 0.147552 0.245856
vt 0.342255 0.273306
vt 0.342276 0.277965
vt 0.538434 0.245950
vt 0.586829 0.320684
vt 0.538573 0.247346
vt 0.584027 0.325381
vt 0.215086 0.565742
vt 0.051971 0.553966
vt 0.029251 0.376108
vt 0.102595 0.331088
vt 0.036817 0.551306
vt 0.421003 0.189343
vt 0.421003 0.174370
vt 0.606404 0.174370
vt 0.606404 0.189343
vt 0.899638 0.257939
vt 0.909379 0.246466
vt 0.920852 0.256207
vt 0.911111 0.267680
vt 0.606404 0.204316
vt 0.606404 0.219289
vt 0.421003 0.219289
vt 0.421003 0.204316
vt 0.966854 0.268796
vt 0.962523 0.283210
vt 0.948109 0.278880
vt 0.952440 0.264465
vt 0.421003 0.159396
vt 0.606404 0.159396
vt 0.100286 0.322354
vt 0.098046 0.317358
vt 0.147552 0.245856
vt 0.149371 0.252865
vt 0.342288 0.290291
vt 0.341849 0.402283
vt 0.099303 0.325825
vt 0.150417 0.255537
vt 0.342276 0.277965
vt 0.342282 0.285540
vt 0.584027 0.325381
vt 0.536897 0.254403
vt 0.538573 0.247346
vt 0.586829 0.320684
vt 0.535813 0.257069
vt 0.585428 0.328980
vt 0.071423 0.591960
vt 0.066354 0.585903
vt 0.216915 0.582145
vt 0.216903 0.589040
vt 0.052818 0.667679
vt 0.048681 0.661134
vt 0.065676 0.592052
vt 0.067936 0.595309
vt 0.047941 0.667618
vt 0.040210 0.658375
vt 0.362421 0.592380
vt 0.367512 0.586352
vt 0.380524 0.668110
vt 0.365888 0.595748
vt 0.368173 0.592524
vt 0.384727 0.661606
vt 0.385394 0.668053
vt 0.391460 0.659482
vt 0.392443 0.666892
vt 0.047938 0.742800
vt 0.042389 0.736631
vt 0.033354 0.735720
vt 0.039065 0.666068
vt 0.391040 0.736828
vt 0.385515 0.743047
vt 0.398125 0.736062
vt 0.782415 0.517134
vt 0.782238 0.512311
vt 0.794076 0.512419
vt 0.794216 0.516338
vt 0.798498 0.512472
vt 0.799021 0.513067
vt 0.798943 0.515447
vt 0.798518 0.516062
vt 0.888561 0.514234
vt 0.888404 0.510320
vt 0.900237 0.509542
vt 0.900388 0.514334
vt 0.845284 0.587721
vt 0.840496 0.587889
vt 0.840765 0.576021
vt 0.844434 0.575902
vt 0.840844 0.571584
vt 0.841413 0.571073
vt 0.843566 0.571180
vt 0.844135 0.571618
vt 0.841875 0.450545
vt 0.838198 0.450637
vt 0.837234 0.438864
vt 0.842031 0.438690
vt 0.818814 0.643477
vt 0.818814 0.597726
vt 0.847971 0.597726
vt 0.847971 0.643477
vt 0.795742 0.577513
vt 0.802971 0.570861
vt 0.889849 0.575887
vt 0.882365 0.569582
vt 0.887014 0.448972
vt 0.879842 0.455661
vt 0.793044 0.451252
vt 0.800583 0.457556
vt 0.858739 0.641964
vt 0.858739 0.596211
vt 0.887898 0.596211
vt 0.887898 0.641964
vt 0.738771 0.595624
vt 0.767929 0.595624
vt 0.767929 0.641377
vt 0.738771 0.641377
vt 0.778697 0.594110
vt 0.807856 0.594110
vt 0.807856 0.639863
vt 0.778697 0.639863
vt 0.841842 0.454822
vt 0.841265 0.455338
vt 0.839098 0.455286
vt 0.838530 0.454862
vt 0.884131 0.514201
vt 0.883603 0.513621
vt 0.883678 0.511238
vt 0.884096 0.510618
vt 0.803141 0.513160
vt 0.804081 0.512263
vt 0.839582 0.511488
vt 0.840460 0.512355
vt 0.807046 0.464040
vt 0.807785 0.464807
vt 0.838717 0.460964
vt 0.839471 0.459963
vt 0.803185 0.515161
vt 0.804170 0.516004
vt 0.809821 0.563288
vt 0.809135 0.564105
vt 0.840497 0.514336
vt 0.839656 0.515242
vt 0.841509 0.566491
vt 0.840713 0.565541
vt 0.842364 0.512326
vt 0.843207 0.511426
vt 0.878447 0.510716
vt 0.879427 0.511560
vt 0.841209 0.459913
vt 0.842015 0.460861
vt 0.873663 0.462510
vt 0.872972 0.463323
vt 0.842407 0.514317
vt 0.843284 0.515190
vt 0.843974 0.565441
vt 0.843224 0.566441
vt 0.879459 0.513536
vt 0.878523 0.514434
vt 0.875952 0.563050
vt 0.875217 0.562268
vt 0.876469 0.459001
vt 0.877176 0.458204
vt 0.883122 0.510721
vt 0.841804 0.455858
vt 0.805635 0.568425
vt 0.806337 0.567626
vt 0.840875 0.570550
vt 0.799493 0.515974
vt 0.879675 0.567211
vt 0.878932 0.566433
vt 0.883153 0.514194
vt 0.844066 0.570570
vt 0.804057 0.460686
vt 0.803311 0.459925
vt 0.838611 0.455897
vt 0.799472 0.512498
vt 0.846053 0.517306
vt 0.846099 0.562706
vt 0.875831 0.516805
vt 0.872777 0.560340
vt 0.844517 0.463226
vt 0.845627 0.509023
vt 0.870808 0.465610
vt 0.875477 0.508702
vt 0.837255 0.517659
vt 0.807162 0.518022
vt 0.838223 0.563191
vt 0.811976 0.560985
vt 0.836554 0.463668
vt 0.810278 0.466740
vt 0.836848 0.509431
vt 0.806751 0.509849
vt 0.720770 0.659444
vt 0.759505 0.659146
vt 0.760068 0.732176
vt 0.721333 0.732474
vt 0.760293 0.761411
vt 0.458530 0.496489
vt 0.458081 0.447967
vt 0.464834 0.450114
vt 0.464093 0.497823
vt 0.977182 0.035034
vt 0.928652 0.034747
vt 0.928703 0.026201
vt 0.977233 0.026487
vt 0.472637 0.450525
vt 0.472250 0.497485
vt 0.471878 0.505723
vt 0.470563 0.511482
vt 0.461773 0.506129
vt 0.465837 0.504074
vt 0.614006 0.499566
vt 0.613637 0.507927
vt 0.985923 0.026539
vt 0.985872 0.035085
vt 0.798240 0.658847
vt 0.798803 0.731877
vt 0.460049 0.390770
vt 0.465482 0.390009
vt 0.462381 0.439092
vt 0.455032 0.437795
vt 0.920940 0.064121
vt 0.920934 0.055574
vt 0.969465 0.055538
vt 0.969471 0.064085
vt 0.471514 0.437583
vt 0.473372 0.390905
vt 0.473270 0.382638
vt 0.467396 0.383931
vt 0.463483 0.381624
vt 0.472105 0.376805
vt 0.612980 0.381270
vt 0.613230 0.389623
vt 0.912250 0.064127
vt 0.912244 0.055580
vt 0.465490 0.444086
vt 0.472401 0.444037
vt 0.451520 0.445263
vt 0.572900 0.733618
vt 0.572337 0.660588
vt 0.246619 0.232588
vt 0.246619 0.193886
vt 0.394922 0.193887
vt 0.394922 0.232588
vt 0.614033 0.451331
vt 0.613370 0.513880
vt 0.984995 0.183519
vt 0.976305 0.183468
vt 0.946672 0.657703
vt 0.947235 0.730733
vt 0.246619 0.155185
vt 0.394922 0.155185
vt 0.613892 0.437882
vt 0.612795 0.375354
vt 0.921050 0.212557
vt 0.912360 0.212564
vt 0.613962 0.444588
vt 0.982340 0.430781
vt 0.987916 0.642759
vt 0.971857 0.643181
vt 0.966282 0.431203
vt 0.955799 0.643604
vt 0.950223 0.431626
vt 0.939740 0.644026
vt 0.934165 0.432048
vt 0.923682 0.644448
vt 0.918106 0.432470
vt 0.944947 0.211158
vt 0.960943 0.209675
vt 0.962426 0.225671
vt 0.946430 0.227154
vt 0.867479 0.191951
vt 0.879791 0.202269
vt 0.869474 0.214581
vt 0.857161 0.204263
vt 0.216716 0.675581
vt 0.216649 0.751651
vt 0.055088 0.743405
vt 0.060082 0.669417
vt 0.071423 0.591960
vt 0.216903 0.589040
vt 0.052818 0.667679
vt 0.067936 0.595309
vt 0.047938 0.742800
vt 0.373263 0.669829
vt 0.378370 0.743720
vt 0.362421 0.592380
vt 0.365888 0.595748
vt 0.380524 0.668110
vt 0.385515 0.743047
vt 0.092476 0.300839
vt 0.037205 0.307237
vt 0.037479 0.306638
vt 0.091931 0.300487
vt 0.027818 0.197651
vt 0.074466 0.183671
vt 0.074257 0.184300
vt 0.028329 0.198083
vt 0.039138 0.304593
vt 0.089810 0.299106
vt 0.040753 0.302480
vt 0.043742 0.301219
vt 0.086572 0.296549
vt 0.071440 0.190356
vt 0.034625 0.201597
vt 0.032056 0.201342
vt 0.030344 0.199819
vt 0.073315 0.186726
vt 0.081047 0.241071
vt 0.080403 0.241296
vt 0.079447 0.238635
vt 0.080075 0.238356
vt 0.018611 0.243996
vt 0.019290 0.244013
vt 0.020015 0.248496
vt 0.019345 0.248650
vt 0.021981 0.243924
vt 0.022776 0.248037
vt 0.024651 0.243860
vt 0.025494 0.247521
vt 0.072370 0.240978
vt 0.074579 0.241840
vt 0.073133 0.243876
vt 0.076815 0.239680
vt 0.077810 0.242195
vt 0.073907 0.238438
vt 0.069602 0.240521
vt 0.027296 0.242821
vt 0.032103 0.207339
vt 0.032755 0.204050
vt 0.040961 0.298907
vt 0.041569 0.296231
vt 0.027723 0.249490
vt 0.070523 0.244980
vt 0.075564 0.245262
vt 0.074789 0.247978
vt 0.084881 0.294633
vt 0.053437 0.300154
vt 0.069228 0.191727
vt 0.072930 0.235955
vt 0.036979 0.202427
vt 0.748888 0.062787
vt 0.745368 0.058013
vt 0.744545 0.050715
vt 0.752487 0.049417
vt 0.148403 0.046542
vt 0.154339 0.049969
vt 0.155090 0.057775
vt 0.150117 0.060394
vt 0.155209 0.035613
vt 0.744168 0.036968
vt 0.739869 0.048450
vt 0.158907 0.047021
vt 0.727296 0.133878
vt 0.151497 0.130199
vt 0.151572 0.118485
vt 0.727371 0.122164
vt 0.744040 0.071809
vt 0.154556 0.070431
vt 0.159414 0.059139
vt 0.739705 0.060601
vt 0.882956 0.097971
vt 0.871361 0.113262
vt 0.869435 0.104240
vt 0.875745 0.094505
vt 0.023097 0.076622
vt 0.019380 0.084707
vt 0.010057 0.067821
vt 0.018789 0.065777
vt 0.854561 0.134579
vt 0.854486 0.146293
vt 0.762540 0.037975
vt 0.762692 0.028521
vt 0.887198 0.075725
vt 0.879950 0.080778
vt 0.024159 0.140988
vt 0.024234 0.129274
vt 0.143142 0.024282
vt 0.140909 0.033132
vt 0.016915 0.051506
vt 0.011319 0.044409
vt 0.855254 0.160727
vt 0.728064 0.148312
vt 0.150544 0.144622
vt 0.023206 0.155411
vt 0.720770 0.659444
vt 0.759505 0.659146
vt 0.760068 0.732176
vt 0.721333 0.732474
vt 0.760293 0.761411
vt 0.458530 0.496489
vt 0.458081 0.447967
vt 0.464834 0.450114
vt 0.464093 0.497823
vt 0.977182 0.035034
vt 0.928652 0.034747
vt 0.928703 0.026201
vt 0.977233 0.026487
vt 0.472637 0.450525
vt 0.472250 0.497485
vt 0.471878 0.505723
vt 0.470563 0.511482
vt 0.461773 0.506129
vt 0.465837 0.504074
vt 0.614006 0.499566
vt 0.613637 0.507927
vt 0.985923 0.026539
vt 0.985872 0.035085
vt 0.798240 0.658847
vt 0.798803 0.731877
vt 0.460049 0.390770
vt 0.465482 0.390009
vt 0.462381 0.439092
vt 0.455032 0.437795
vt 0.920940 0.064121
vt 0.920934 0.055574
vt 0.969465 0.055538
vt 0.969471 0.064085
vt 0.471514 0.437583
vt 0.473372 0.390905
vt 0.473270 0.382638
vt 0.467396 0.383931
vt 0.463483 0.381624
vt 0.472105 0.376805
vt 0.612980 0.381270
vt 0.613230 0.389623
vt 0.912250 0.064127
vt 0.912244 0.055580
vt 0.465490 0.444086
vt 0.472401 0.444037
vt 0.451520 0.445263
vt 0.572900 0.733618
vt 0.572337 0.660588
vt 0.246619 0.232588
vt 0.246619 0.193886
vt 0.394922 0.193887
vt 0.394922 0.232588
vt 0.614033 0.451331
vt 0.613370 0.513880
vt 0.984995 0.183519
vt 0.976305 0.183468
vt 0.946672 0.657703
vt 0.947235 0.730733
vt 0.246619 0.155185
vt 0.394922 0.155185
vt 0.613892 0.437882
vt 0.612795 0.375354
vt 0.921050 0.212557
vt 0.912360 0.212564
vt 0.613962 0.444588
vt 0.782415 0.517134
vt 0.782238 0.512311
vt 0.794076 0.512419
vt 0.794216 0.516338
vt 0.798498 0.512472
vt 0.799021 0.513067
vt 0.798943 0.515447
vt 0.798518 0.516062
vt 0.888561 0.514234
vt 0.888404 0.510320
vt 0.900237 0.509542
vt 0.900388 0.514334
vt 0.845284 0.587721
vt 0.840496 0.587889
vt 0.840765 0.576021
vt 0.844434 0.575902
vt 0.840844 0.571584
vt 0.841413 0.571073
vt 0.843566 0.571180
vt 0.844135 0.571618
vt 0.841875 0.450545
vt 0.838198 0.450637
vt 0.837234 0.438864
vt 0.842031 0.438690
vt 0.818814 0.643477
vt 0.818814 0.597726
vt 0.847971 0.597726
vt 0.847971 0.643477
vt 0.795742 0.577513
vt 0.802971 0.570861
vt 0.889849 0.575887
vt 0.882365 0.569582
vt 0.887014 0.448972
vt 0.879842 0.455661
vt 0.793044 0.451252
vt 0.800583 0.457556
vt 0.858739 0.641964
vt 0.858739 0.596211
vt 0.887898 0.596211
vt 0.887898 0.641964
vt 0.738771 0.595624
vt 0.767929 0.595624
vt 0.767929 0.641377
vt 0.738771 0.641377
vt 0.778697 0.594110
vt 0.807856 0.594110
vt 0.807856 0.639863
vt 0.778697 0.639863
vt 0.841842 0.454822
vt 0.841265 0.455338
vt 0.839098 0.455286
vt 0.838530 0.454862
vt 0.884131 0.514201
vt 0.883603 0.513621
vt 0.883678 0.511238
vt 0.884096 0.510618
vt 0.803141 0.513160
vt 0.804081 0.512263
vt 0.839582 0.511488
vt 0.840460 0.512355
vt 0.807046 0.464040
vt 0.807785 0.464807
vt 0.838717 0.460964
vt 0.839471 0.459963
vt 0.803185 0.515161
vt 0.804170 0.516004
vt 0.809821 0.563288
vt 0.809135 0.564105
vt 0.840497 0.514336
vt 0.839656 0.515242
vt 0.841509 0.566491
vt 0.840713 0.565541
vt 0.842364 0.512326
vt 0.843207 0.511426
vt 0.878447 0.510716
vt 0.879427 0.511560
vt 0.841209 0.459913
vt 0.842015 0.460861
vt 0.873663 0.462510
vt 0.872972 0.463323
vt 0.842407 0.514317
vt 0.843284 0.515190
vt 0.843974 0.565441
vt 0.843224 0.566441
vt 0.879459 0.513536
vt 0.878523 0.514434
vt 0.875952 0.563050
vt 0.875217 0.562268
vt 0.876469 0.459001
vt 0.877176 0.458204
vt 0.883122 0.510721
vt 0.841804 0.455858
vt 0.805635 0.568425
vt 0.806337 0.567626
vt 0.840875 0.570550
vt 0.799493 0.515974
vt 0.879675 0.567211
vt 0.878932 0.566433
vt 0.883153 0.514194
vt 0.844066 0.570570
vt 0.804057 0.460686
vt 0.803311 0.459925
vt 0.838611 0.455897
vt 0.799472 0.512498
vt 0.846053 0.517306
vt 0.846099 0.562706
vt 0.875831 0.516805
vt 0.872777 0.560340
vt 0.844517 0.463226
vt 0.845627 0.509023
vt 0.870808 0.465610
vt 0.875477 0.508702
vt 0.837255 0.517659
vt 0.807162 0.518022
vt 0.838223 0.563191
vt 0.811976 0.560985
vt 0.836554 0.463668
vt 0.810278 0.466740
vt 0.836848 0.509431
vt 0.806751 0.509849
vt 0.982340 0.430781
vt 0.987916 0.642759
vt 0.971857 0.643181
vt 0.966282 0.431203
vt 0.955799 0.643604
vt 0.950223 0.431626
vt 0.939740 0.644026
vt 0.934165 0.432048
vt 0.923682 0.644448
vt 0.918106 0.432470
vt 0.944947 0.211158
vt 0.960943 0.209675
vt 0.962426 0.225671
vt 0.946430 0.227154
vt 0.867479 0.191951
vt 0.879791 0.202269
vt 0.869474 0.214581
vt 0.857161 0.204263
vt 0.982340 0.430781
vt 0.987916 0.642759
vt 0.971857 0.643181
vt 0.966282 0.431203
vt 0.955799 0.643604
vt 0.950223 0.431626
vt 0.939740 0.644026
vt 0.934165 0.432048
vt 0.923682 0.644448
vt 0.918106 0.432470
vt 0.944947 0.211158
vt 0.960943 0.209675
vt 0.962426 0.225671
vt 0.946430 0.227154
vt 0.867479 0.191951
vt 0.879791 0.202269
vt 0.869474 0.214581
vt 0.857161 0.204263
vt 0.982340 0.430781
vt 0.987916 0.642759
vt 0.971857 0.643181
vt 0.966282 0.431203
vt 0.955799 0.643604
vt 0.950223 0.431626
vt 0.939740 0.644026
vt 0.934165 0.432048
vt 0.923682 0.644448
vt 0.918106 0.432470
vt 0.944947 0.211158
vt 0.960943 0.209675
vt 0.962426 0.225671
vt 0.946430 0.227154
vt 0.867479 0.191951
vt 0.879791 0.202269
vt 0.869474 0.214581
vt 0.857161 0.204263
vt 0.782415 0.517134
vt 0.782238 0.512311
vt 0.794076 0.512419
vt 0.794216 0.516338
vt 0.798498 0.512472
vt 0.799021 0.513067
vt 0.798943 0.515447
vt 0.798518 0.516062
vt 0.888561 0.514234
vt 0.888404 0.510320
vt 0.900237 0.509542
vt 0.900388 0.514334
vt 0.845284 0.587721
vt 0.840496 0.587889
vt 0.840765 0.576021
vt 0.844434 0.575902
vt 0.840844 0.571584
vt 0.841413 0.571073
vt 0.843566 0.571180
vt 0.844135 0.571618
vt 0.841875 0.450545
vt 0.838198 0.450637
vt 0.837234 0.438864
vt 0.842031 0.438690
vt 0.818814 0.643477
vt 0.818814 0.597726
vt 0.847971 0.597726
vt 0.847971 0.643477
vt 0.795742 0.577513
vt 0.802971 0.570861
vt 0.889849 0.575887
vt 0.882365 0.569582
vt 0.887014 0.448972
vt 0.879842 0.455661
vt 0.793044 0.451252
vt 0.800583 0.457556
vt 0.858739 0.641964
vt 0.858739 0.596211
vt 0.887898 0.596211
vt 0.887898 0.641964
vt 0.738771 0.595624
vt 0.767929 0.595624
vt 0.767929 0.641377
vt 0.738771 0.641377
vt 0.778697 0.594110
vt 0.807856 0.594110
vt 0.807856 0.639863
vt 0.778697 0.639863
vt 0.841842 0.454822
vt 0.841265 0.455338
vt 0.839098 0.455286
vt 0.838530 0.454862
vt 0.884131 0.514201
vt 0.883603 0.513621
vt 0.883678 0.511238
vt 0.884096 0.510618
vt 0.803141 0.513160
vt 0.804081 0.512263
vt 0.839582 0.511488
vt 0.840460 0.512355
vt 0.807046 0.464040
vt 0.807785 0.464807
vt 0.838717 0.460964
vt 0.839471 0.459963
vt 0.803185 0.515161
vt 0.804170 0.516004
vt 0.809821 0.563288
vt 0.809135 0.564105
vt 0.840497 0.514336
vt 0.839656 0.515242
vt 0.841509 0.566491
vt 0.840713 0.565541
vt 0.842364 0.512326
vt 0.843207 0.511426
vt 0.878447 0.510716
vt 0.879427 0.511560
vt 0.841209 0.459913
vt 0.842015 0.460861
vt 0.873663 0.462510
vt 0.872972 0.463323
vt 0.842407 0.514317
vt 0.843284 0.515190
vt 0.843974 0.565441
vt 0.843224 0.566441
vt 0.879459 0.513536
vt 0.878523 0.514434
vt 0.875952 0.563050
vt 0.875217 0.562268
vt 0.876469 0.459001
vt 0.877176 0.458204
vt 0.883122 0.510721
vt 0.841804 0.455858
vt 0.805635 0.568425
vt 0.806337 0.567626
vt 0.840875 0.570550
vt 0.799493 0.515974
vt 0.879675 0.567211
vt 0.878932 0.566433
vt 0.883153 0.514194
vt 0.844066 0.570570
vt 0.804057 0.460686
vt 0.803311 0.459925
vt 0.838611 0.455897
vt 0.799472 0.512498
vt 0.846053 0.517306
vt 0.846099 0.562706
vt 0.875831 0.516805
vt 0.872777 0.560340
vt 0.844517 0.463226
vt 0.845627 0.509023
vt 0.870808 0.465610
vt 0.875477 0.508702
vt 0.837255 0.517659
vt 0.807162 0.518022
vt 0.838223 0.563191
vt 0.811976 0.560985
vt 0.836554 0.463668
vt 0.810278 0.466740
vt 0.836848 0.509431
vt 0.806751 0.509849
vt 0.982340 0.430781
vt 0.987916 0.642759
vt 0.971857 0.643181
vt 0.966282 0.431203
vt 0.955799 0.643604
vt 0.950223 0.431626
vt 0.939740 0.644026
vt 0.934165 0.432048
vt 0.923682 0.644448
vt 0.918106 0.432470
vt 0.944947 0.211158
vt 0.960943 0.209675
vt 0.962426 0.225671
vt 0.946430 0.227154
vt 0.867479 0.191951
vt 0.879791 0.202269
vt 0.869474 0.214581
vt 0.857161 0.204263
vt 0.092476 0.300839
vt 0.037205 0.307237
vt 0.037479 0.306638
vt 0.091931 0.300487
vt 0.027818 0.197651
vt 0.074466 0.183671
vt 0.074257 0.184300
vt 0.028329 0.198083
vt 0.039138 0.304593
vt 0.089810 0.299106
vt 0.040753 0.302480
vt 0.043742 0.301219
vt 0.086572 0.296549
vt 0.071440 0.190356
vt 0.034625 0.201597
vt 0.032056 0.201342
vt 0.030344 0.199819
vt 0.073315 0.186726
vt 0.081047 0.241071
vt 0.080403 0.241296
vt 0.079447 0.238635
vt 0.080075 0.238356
vt 0.018611 0.243996
vt 0.019290 0.244013
vt 0.020015 0.248496
vt 0.019345 0.248650
vt 0.021981 0.243924
vt 0.022776 0.248037
vt 0.024651 0.243860
vt 0.025494 0.247521
vt 0.072370 0.240978
vt 0.074579 0.241840
vt 0.073133 0.243876
vt 0.076815 0.239680
vt 0.077810 0.242195
vt 0.073907 0.238438
vt 0.069602 0.240521
vt 0.027296 0.242821
vt 0.032103 0.207339
vt 0.032755 0.204050
vt 0.040961 0.298907
vt 0.041569 0.296231
vt 0.027723 0.249490
vt 0.070523 0.244980
vt 0.075564 0.245262
vt 0.074789 0.247978
vt 0.084881 0.294633
vt 0.053437 0.300154
vt 0.069228 0.191727
vt 0.072930 0.235955
vt 0.036979 0.202427
vt 0.982340 0.430781
vt 0.987916 0.642759
vt 0.971857 0.643181
vt 0.966282 0.431203
vt 0.955799 0.643604
vt 0.950223 0.431626
vt 0.939740 0.644026
vt 0.934165 0.432048
vt 0.923682 0.644448
vt 0.918106 0.432470
vt 0.944947 0.211158
vt 0.960943 0.209675
vt 0.962426 0.225671
vt 0.946430 0.227154
vt 0.867479 0.191951
vt 0.879791 0.202269
vt 0.869474 0.214581
vt 0.857161 0.204263
vt 0.982340 0.430781
vt 0.987916 0.642759
vt 0.971857 0.643181
vt 0.966282 0.431203
vt 0.955799 0.643604
vt 0.950223 0.431626
vt 0.939740 0.644026
vt 0.934165 0.432048
vt 0.923682 0.644448
vt 0.918106 0.432470
vt 0.944947 0.211158
vt 0.960943 0.209675
vt 0.962426 0.225671
vt 0.946430 0.227154
vt 0.867479 0.191951
vt 0.879791 0.202269
vt 0.869474 0.214581
vt 0.857161 0.204263
vt 0.421003 0.189343
vt 0.421003 0.174370
vt 0.606404 0.174370
vt 0.606404 0.189343
vt 0.899638 0.257939
vt 0.909379 0.246466
vt 0.920852 0.256207
vt 0.911111 0.267680
vt 0.606404 0.204316
vt 0.606404 0.219289
vt 0.421003 0.219289
vt 0.421003 0.204316
vt 0.966854 0.268796
vt 0.962523 0.283210
vt 0.948109 0.278880
vt 0.952440 0.264465
vt 0.421003 0.159396
vt 0.606404 0.159396
vt 0.421003 0.189343
vt 0.421003 0.174370
vt 0.606404 0.174370
vt 0.606404 0.189343
vt 0.899638 0.257939
vt 0.909379 0.246466
vt 0.920852 0.256207
vt 0.911111 0.267680
vt 0.606404 0.204316
vt 0.606404 0.219289
vt 0.421003 0.219289
vt 0.421003 0.204316
vt 0.966854 0.268796
vt 0.962523 0.283210
vt 0.948109 0.278880
vt 0.952440 0.264465
vt 0.421003 0.159396
vt 0.606404 0.159396
vt 0.421003 0.189343
vt 0.421003 0.174370
vt 0.606404 0.174370
vt 0.606404 0.189343
vt 0.899638 0.257939
vt 0.909379 0.246466
vt 0.920852 0.256207
vt 0.911111 0.267680
vt 0.606404 0.204316
vt 0.606404 0.219289
vt 0.421003 0.219289
vt 0.421003 0.204316
vt 0.966854 0.268796
vt 0.962523 0.283210
vt 0.948109 0.278880
vt 0.952440 0.264465
vt 0.421003 0.159396
vt 0.606404 0.159396
vt 0.782415 0.517134
vt 0.782238 0.512311
vt 0.794076 0.512419
vt 0.794216 0.516338
vt 0.798498 0.512472
vt 0.799021 0.513067
vt 0.798943 0.515447
vt 0.798518 0.516062
vt 0.888561 0.514234
vt 0.888404 0.510320
vt 0.900237 0.509542
vt 0.900388 0.514334
vt 0.845284 0.587721
vt 0.840496 0.587889
vt 0.840765 0.576021
vt 0.844434 0.575902
vt 0.840844 0.571584
vt 0.841413 0.571073
vt 0.843566 0.571180
vt 0.844135 0.571618
vt 0.841875 0.450545
vt 0.838198 0.450637
vt 0.837234 0.438864
vt 0.842031 0.438690
vt 0.818814 0.643477
vt 0.818814 0.597726
vt 0.847971 0.597726
vt 0.847971 0.643477
vt 0.795742 0.577513
vt 0.802971 0.570861
vt 0.889849 0.575887
vt 0.882365 0.569582
vt 0.887014 0.448972
vt 0.879842 0.455661
vt 0.793044 0.451252
vt 0.800583 0.457556
vt 0.858739 0.641964
vt 0.858739 0.596211
vt 0.887898 0.596211
vt 0.887898 0.641964
vt 0.738771 0.595624
vt 0.767929 0.595624
vt 0.767929 0.641377
vt 0.738771 0.641377
vt 0.778697 0.594110
vt 0.807856 0.594110
vt 0.807856 0.639863
vt 0.778697 0.639863
vt 0.841842 0.454822
vt 0.841265 0.455338
vt 0.839098 0.455286
vt 0.838530 0.454862
vt 0.884131 0.514201
vt 0.883603 0.513621
vt 0.883678 0.511238
vt 0.884096 0.510618
vt 0.803141 0.513160
vt 0.804081 0.512263
vt 0.839582 0.511488
vt 0.840460 0.512355
vt 0.807046 0.464040
vt 0.807785 0.464807
vt 0.838717 0.460964
vt 0.839471 0.459963
vt 0.803185 0.515161
vt 0.804170 0.516004
vt 0.809821 0.563288
vt 0.809135 0.564105
vt 0.840497 0.514336
vt 0.839656 0.515242
vt 0.841509 0.566491
vt 0.840713 0.565541
vt 0.842364 0.512326
vt 0.843207 0.511426
vt 0.878447 0.510716
vt 0.879427 0.511560
vt 0.841209 0.459913
vt 0.842015 0.460861
vt 0.873663 0.462510
vt 0.872972 0.463323
vt 0.842407 0.514317
vt 0.843284 0.515190
vt 0.843974 0.565441
vt 0.843224 0.566441
vt 0.879459 0.513536
vt 0.878523 0.514434
vt 0.875952 0.563050
vt 0.875217 0.562268
vt 0.876469 0.459001
vt 0.877176 0.458204
vt 0.883122 0.510721
vt 0.841804 0.455858
vt 0.805635 0.568425
vt 0.806337 0.567626
vt 0.840875 0.570550
vt 0.799493 0.515974
vt 0.879675 0.567211
vt 0.878932 0.566433
vt 0.883153 0.514194
vt 0.844066 0.570570
vt 0.804057 0.460686
vt 0.803311 0.459925
vt 0.838611 0.455897
vt 0.799472 0.512498
vt 0.846053 0.517306
vt 0.846099 0.562706
vt 0.875831 0.516805
vt 0.872777 0.560340
vt 0.844517 0.463226
vt 0.845627 0.509023
vt 0.870808 0.465610
vt 0.875477 0.508702
vt 0.837255 0.517659
vt 0.807162 0.518022
vt 0.838223 0.563191
vt 0.811976 0.560985
vt 0.836554 0.463668
vt 0.810278 0.466740
vt 0.836848 0.509431
vt 0.806751 0.509849
vt 0.092476 0.300839
vt 0.037205 0.307237
vt 0.037479 0.306638
vt 0.091931 0.300487
vt 0.027818 0.197651
vt 0.074466 0.183671
vt 0.074257 0.184300
vt 0.028329 0.198083
vt 0.039138 0.304593
vt 0.089810 0.299106
vt 0.040753 0.302480
vt 0.043742 0.301219
vt 0.086572 0.296549
vt 0.071440 0.190356
vt 0.034625 0.201597
vt 0.032056 0.201342
vt 0.030344 0.199819
vt 0.073315 0.186726
vt 0.081047 0.241071
vt 0.080403 0.241296
vt 0.079447 0.238635
vt 0.080075 0.238356
vt 0.018611 0.243996
vt 0.019290 0.244013
vt 0.020015 0.248496
vt 0.019345 0.248650
vt 0.021981 0.243924
vt 0.022776 0.248037
vt 0.024651 0.243860
vt 0.025494 0.247521
vt 0.072370 0.240978
vt 0.074579 0.241840
vt 0.073133 0.243876
vt 0.076815 0.239680
vt 0.077810 0.242195
vt 0.073907 0.238438
vt 0.069602 0.240521
vt 0.027296 0.242821
vt 0.032103 0.207339
vt 0.032755 0.204050
vt 0.040961 0.298907
vt 0.041569 0.296231
vt 0.027723 0.249490
vt 0.070523 0.244980
vt 0.075564 0.245262
vt 0.074789 0.247978
vt 0.084881 0.294633
vt 0.053437 0.300154
vt 0.069228 0.191727
vt 0.072930 0.235955
vt 0.036979 0.202427
vt 0.092476 0.300839
vt 0.037205 0.307237
vt 0.037479 0.306638
vt 0.091931 0.300487
vt 0.027818 0.197651
vt 0.074466 0.183671
vt 0.074257 0.184300
vt 0.028329 0.198083
vt 0.039138 0.304593
vt 0.089810 0.299106
vt 0.040753 0.302480
vt 0.043742 0.301219
vt 0.086572 0.296549
vt 0.071440 0.190356
vt 0.034625 0.201597
vt 0.032056 0.201342
vt 0.030344 0.199819
vt 0.073315 0.186726
vt 0.081047 0.241071
vt 0.080403 0.241296
vt 0.079447 0.238635
vt 0.080075 0.238356
vt 0.018611 0.243996
vt 0.019290 0.244013
vt 0.020015 0.248496
vt 0.019345 0.248650
vt 0.021981 0.243924
vt 0.022776 0.248037
vt 0.024651 0.243860
vt 0.025494 0.247521
vt 0.072370 0.240978
vt 0.074579 0.241840
vt 0.073133 0.243876
vt 0.076815 0.239680
vt 0.077810 0.242195
vt 0.073907 0.238438
vt 0.069602 0.240521
vt 0.027296 0.242821
vt 0.032103 0.207339
vt 0.032755 0.204050
vt 0.040961 0.298907
vt 0.041569 0.296231
vt 0.027723 0.249490
vt 0.070523 0.244980
vt 0.075564 0.245262
vt 0.074789 0.247978
vt 0.084881 0.294633
vt 0.053437 0.300154
vt 0.069228 0.191727
vt 0.072930 0.235955
vt 0.036979 0.202427
vt 0.782415 0.517134
vt 0.782238 0.512311
vt 0.794076 0.512419
vt 0.794216 0.516338
vt 0.798498 0.512472
vt 0.799021 0.513067
vt 0.798943 0.515447
vt 0.798518 0.516062
vt 0.888561 0.514234
vt 0.888404 0.510320
vt 0.900237 0.509542
vt 0.900388 0.514334
vt 0.845284 0.587721
vt 0.840496 0.587889
vt 0.840765 0.576021
vt 0.844434 0.575902
vt 0.840844 0.571584
vt 0.841413 0.571073
vt 0.843566 0.571180
vt 0.844135 0.571618
vt 0.841875 0.450545
vt 0.838198 0.450637
vt 0.837234 0.438864
vt 0.842031 0.438690
vt 0.818814 0.643477
vt 0.818814 0.597726
vt 0.847971 0.597726
vt 0.847971 0.643477
vt 0.795742 0.577513
vt 0.802971 0.570861
vt 0.889849 0.575887
vt 0.882365 0.569582
vt 0.887014 0.448972
vt 0.879842 0.455661
vt 0.793044 0.451252
vt 0.800583 0.457556
vt 0.858739 0.641964
vt 0.858739 0.596211
vt 0.887898 0.596211
vt 0.887898 0.641964
vt 0.738771 0.595624
vt 0.767929 0.595624
vt 0.767929 0.641377
vt 0.738771 0.641377
vt 0.778697 0.594110
vt 0.807856 0.594110
vt 0.807856 0.639863
vt 0.778697 0.639863
vt 0.841842 0.454822
vt 0.841265 0.455338
vt 0.839098 0.455286
vt 0.838530 0.454862
vt 0.884131 0.514201
vt 0.883603 0.513621
vt 0.883678 0.511238
vt 0.884096 0.510618
vt 0.803141 0.513160
vt 0.804081 0.512263
vt 0.839582 0.511488
vt 0.840460 0.512355
vt 0.807046 0.464040
vt 0.807785 0.464807
vt 0.838717 0.460964
vt 0.839471 0.459963
vt 0.803185 0.515161
vt 0.804170 0.516004
vt 0.809821 0.563288
vt 0.809135 0.564105
vt 0.840497 0.514336
vt 0.839656 0.515242
vt 0.841509 0.566491
vt 0.840713 0.565541
vt 0.842364 0.512326
vt 0.843207 0.511426
vt 0.878447 0.510716
vt 0.879427 0.511560
vt 0.841209 0.459913
vt 0.842015 0.460861
vt 0.873663 0.462510
vt 0.872972 0.463323
vt 0.842407 0.514317
vt 0.843284 0.515190
vt 0.843974 0.565441
vt 0.843224 0.566441
vt 0.879459 0.513536
vt 0.878523 0.514434
vt 0.875952 0.563050
vt 0.875217 0.562268
vt 0.876469 0.459001
vt 0.877176 0.458204
vt 0.883122 0.510721
vt 0.841804 0.455858
vt 0.805635 0.568425
vt 0.806337 0.567626
vt 0.840875 0.570550
vt 0.799493 0.515974
vt 0.879675 0.567211
vt 0.878932 0.566433
vt 0.883153 0.514194
vt 0.844066 0.570570
vt 0.804057 0.460686
vt 0.803311 0.459925
vt 0.838611 0.455897
vt 0.799472 0.512498
vt 0.846053 0.517306
vt 0.846099 0.562706
vt 0.875831 0.516805
vt 0.872777 0.560340
vt 0.844517 0.463226
vt 0.845627 0.509023
vt 0.870808 0.465610
vt 0.875477 0.508702
vt 0.837255 0.517659
vt 0.807162 0.518022
vt 0.838223 0.563191
vt 0.811976 0.560985
vt 0.836554 0.463668
vt 0.810278 0.466740
vt 0.836848 0.509431
vt 0.806751 0.509849
vt 0.782415 0.517134
vt 0.782238 0.512311
vt 0.794076 0.512419
vt 0.794216 0.516338
vt 0.798498 0.512472
vt 0.799021 0.513067
vt 0.798943 0.515447
vt 0.798518 0.516062
vt 0.888561 0.514234
vt 0.888404 0.510320
vt 0.900237 0.509542
vt 0.900388 0.514334
vt 0.845284 0.587721
vt 0.840496 0.587889
vt 0.840765 0.576021
vt 0.844434 0.575902
vt 0.840844 0.571584
vt 0.841413 0.571073
vt 0.843566 0.571180
vt 0.844135 0.571618
vt 0.841875 0.450545
vt 0.838198 0.450637
vt 0.837234 0.438864
vt 0.842031 0.438690
vt 0.818814 0.643477
vt 0.818814 0.597726
vt 0.847971 0.597726
vt 0.847971 0.643477
vt 0.795742 0.577513
vt 0.802971 0.570861
vt 0.889849 0.575887
vt 0.882365 0.569582
vt 0.887014 0.448972
vt 0.879842 0.455661
vt 0.793044 0.451252
vt 0.800583 0.457556
vt 0.858739 0.641964
vt 0.858739 0.596211
vt 0.887898 0.596211
vt 0.887898 0.641964
vt 0.738771 0.595624
vt 0.767929 0.595624
vt 0.767929 0.641377
vt 0.738771 0.641377
vt 0.778697 0.594110
vt 0.807856 0.594110
vt 0.807856 0.639863
vt 0.778697 0.639863
vt 0.841842 0.454822
vt 0.841265 0.455338
vt 0.839098 0.455286
vt 0.838530 0.454862
vt 0.884131 0.514201
vt 0.883603 0.513621
vt 0.883678 0.511238
vt 0.884096 0.510618
vt 0.803141 0.513160
vt 0.804081 0.512263
vt 0.839582 0.511488
vt 0.840460 0.512355
vt 0.807046 0.464040
vt 0.807785 0.464807
vt 0.838717 0.460964
vt 0.839471 0.459963
vt 0.803185 0.515161
vt 0.804170 0.516004
vt 0.809821 0.563288
vt 0.809135 0.564105
vt 0.840497 0.514336
vt 0.839656 0.515242
vt 0.841509 0.566491
vt 0.840713 0.565541
vt 0.842364 0.512326
vt 0.843207 0.511426
vt 0.878447 0.510716
vt 0.879427 0.511560
vt 0.841209 0.459913
vt 0.842015 0.460861
vt 0.873663 0.462510
vt 0.872972 0.463323
vt 0.842407 0.514317
vt 0.843284 0.515190
vt 0.843974 0.565441
vt 0.843224 0.566441
vt 0.879459 0.513536
vt 0.878523 0.514434
vt 0.875952 0.563050
vt 0.875217 0.562268
vt 0.876469 0.459001
vt 0.877176 0.458204
vt 0.883122 0.510721
vt 0.841804 0.455858
vt 0.805635 0.568425
vt 0.806337 0.567626
vt 0.840875 0.570550
vt 0.799493 0.515974
vt 0.879675 0.567211
vt 0.878932 0.566433
vt 0.883153 0.514194
vt 0.844066 0.570570
vt 0.804057 0.460686
vt 0.803311 0.459925
vt 0.838611 0.455897
vt 0.799472 0.512498
vt 0.846053 0.517306
vt 0.846099 0.562706
vt 0.875831 0.516805
vt 0.872777 0.560340
vt 0.844517 0.463226
vt 0.845627 0.509023
vt 0.870808 0.465610
vt 0.875477 0.508702
vt 0.837255 0.517659
vt 0.807162 0.518022
vt 0.838223 0.563191
vt 0.811976 0.560985
vt 0.836554 0.463668
vt 0.810278 0.466740
vt 0.836848 0.509431
vt 0.806751 0.509849
vt 0.168166 0.959555
vt 0.039436 0.959555
vt 0.039436 0.779078
vt 0.168166 0.779078
vt 0.843523 0.959555
vt 0.843523 0.779078
vt 0.972267 0.779078
vt 0.972267 0.959555
vt 0.787055 0.201350
vt 0.791296 0.191357
vt 0.910151 0.281761
vt 0.903165 0.290304
vt 0.786330 0.215157
vt 0.785210 0.210794
vt 0.897579 0.297093
vt 0.896007 0.299032
vt 0.786054 0.208882
vt 0.785237 0.205599
vt 0.900150 0.293960
vt 0.898931 0.295446
vt 0.894379 0.301034
vt 0.785349 0.217497
vt 0.786043 0.203675
vt 0.901513 0.292309
vt 0.713960 0.200371
vt 0.709905 0.190123
vt 0.714726 0.213803
vt 0.715706 0.209713
vt 0.714945 0.207764
vt 0.715674 0.204672
vt 0.715645 0.216173
vt 0.714924 0.202721
vt 0.597316 0.288070
vt 0.590455 0.279420
vt 0.598938 0.290104
vt 0.600277 0.291779
vt 0.601471 0.293286
vt 0.602798 0.294956
vt 0.604339 0.296918
vt 0.605928 0.298940
vt 0.782638 0.359428
vt 0.712075 0.357890
vt 0.676552 0.546603
vt 0.585704 0.632778
vt 0.585213 0.546284
vt 0.688950 0.542291
vt 0.585193 0.542880
vt 0.701798 0.548655
vt 0.696382 0.645436
vt 0.604785 0.639468
vt 0.720298 0.536650
vt 0.712458 0.646484
vt 0.699987 0.645671
vt 0.707146 0.535793
vt 0.585127 0.531196
vt 0.688883 0.530607
vt 0.664116 0.450404
vt 0.690851 0.484753
vt 0.686044 0.488094
vt 0.648932 0.439789
vt 0.417762 0.552553
vt 0.450810 0.551514
vt 0.456500 0.732473
vt 0.423451 0.733511
vt 0.772644 0.440917
vt 0.747855 0.485384
vt 0.726595 0.478878
vt 0.757406 0.454534
vt 0.821008 0.312787
vt 0.960482 0.399543
vt 0.957992 0.415452
vt 0.810538 0.327330
vt 0.812934 0.287085
vt 0.831106 0.281981
vt 0.493795 0.728996
vt 0.491203 0.548095
vt 0.524264 0.547621
vt 0.526857 0.728522
vt 0.986343 0.379965
vt 0.987052 0.397789
vt 0.831109 0.281981
vt 0.986342 0.379962
vt 0.960482 0.399541
vt 0.821008 0.312786
vt 0.646343 0.437956
vt 0.685104 0.488801
vt 0.671381 0.504409
vt 0.635233 0.427156
vt 0.750716 0.487321
vt 0.760286 0.494777
vt 0.775142 0.438884
vt 0.783727 0.430525
vt 0.633456 0.422443
vt 0.483734 0.735736
vt 0.454718 0.756980
vt 0.452866 0.754341
vt 0.480474 0.734545
vt 0.480097 0.550514
vt 0.476520 0.551651
vt 0.452417 0.527840
vt 0.450115 0.530862
vt 0.552663 0.733804
vt 0.525259 0.755492
vt 0.524574 0.752990
vt 0.550203 0.733037
vt 0.547653 0.547516
vt 0.544985 0.548510
vt 0.518030 0.529986
vt 0.518753 0.527230
vt 0.726594 0.478878
vt 0.690853 0.484754
vt 0.786276 0.433344
vt 0.760295 0.494790
vt 0.783731 0.430524
vt 0.790878 0.389944
vt 0.790882 0.389940
vt 0.671386 0.504430
vt 0.665136 0.378637
vt 0.665139 0.378632
vt 0.635230 0.427158
vt 0.633450 0.422442
vt 0.987054 0.397791
vt 0.957997 0.415485
vt 0.750711 0.487319
vt 0.747859 0.485387
vt 0.841052 0.397330
vt 0.841052 0.397330
vt 0.841052 0.397330
vt 0.841052 0.397330
vt 0.810502 0.327345
vt 0.841052 0.397330
vt 0.841052 0.397330
vt 0.686044 0.488094
vt 0.685104 0.488801
vt 0.812932 0.287085
vt 0.841052 0.397330
vt 0.841052 0.397330
vt 0.789742 0.434928
vt 0.761497 0.496838
vt 0.788841 0.430906
vt 0.451066 0.751485
vt 0.478760 0.733360
vt 0.671006 0.506728
vt 0.474848 0.552875
vt 0.631912 0.429372
vt 0.448187 0.533633
vt 0.629830 0.424961
vt 0.988468 0.400417
vt 0.958541 0.418972
vt 0.521539 0.754090
vt 0.521893 0.751180
vt 0.548454 0.731798
vt 0.807200 0.331166
vt 0.543294 0.549835
vt 0.515578 0.532080
vt 0.514828 0.528626
vt 0.809411 0.288234
vt 0.099303 0.325825
vt 0.025956 0.370837
vt 0.021999 0.364503
vt 0.094280 0.317052
vt 0.372105 0.495967
vt 0.215123 0.508231
vt 0.215121 0.436206
vt 0.357365 0.434722
vt 0.585428 0.328980
vt 0.590136 0.319953
vt 0.666937 0.358367
vt 0.663759 0.365128
vt 0.058031 0.496400
vt 0.072708 0.435108
vt 0.660687 0.371652
vt 0.582360 0.335496
vt 0.386731 0.491270
vt 0.394062 0.549308
vt 0.378918 0.552098
vt 0.364355 0.422749
vt 0.215076 0.420744
vt 0.065086 0.423208
vt 0.043893 0.492018
vt 0.098046 0.317358
vt 0.100286 0.322354
vt 0.147658 0.244469
vt 0.147552 0.245856
vt 0.342255 0.273306
vt 0.342276 0.277965
vt 0.538434 0.245950
vt 0.586829 0.320684
vt 0.538573 0.247346
vt 0.584027 0.325381
vt 0.215086 0.565742
vt 0.051971 0.553966
vt 0.029251 0.376108
vt 0.102595 0.331088
vt 0.036817 0.551306
vt 0.421003 0.189343
vt 0.421003 0.174370
vt 0.606404 0.174370
vt 0.606404 0.189343
vt 0.899638 0.257939
vt 0.909379 0.246466
vt 0.920852 0.256207
vt 0.911111 0.267680
vt 0.606404 0.204316
vt 0.606404 0.219289
vt 0.421003 0.219289
vt 0.421003 0.204316
vt 0.966854 0.268796
vt 0.962523 0.283210
vt 0.948109 0.278880
vt 0.952440 0.264465
vt 0.421003 0.159396
vt 0.606404 0.159396
vt 0.100286 0.322354
vt 0.098046 0.317358
vt 0.147552 0.245856
vt 0.149371 0.252865
vt 0.342288 0.290291
vt 0.341849 0.402283
vt 0.099303 0.325825
vt 0.150417 0.255537
vt 0.342276 0.277965
vt 0.342282 0.285540
vt 0.584027 0.325381
vt 0.536897 0.254403
vt 0.538573 0.247346
vt 0.586829 0.320684
vt 0.535813 0.257069
vt 0.585428 0.328980
vt 0.071423 0.591960
vt 0.066354 0.585903
vt 0.216915 0.582145
vt 0.216903 0.589040
vt 0.052818 0.667679
vt 0.048681 0.661134
vt 0.065676 0.592052
vt 0.067936 0.595309
vt 0.047941 0.667618
vt 0.040210 0.658375
vt 0.362421 0.592380
vt 0.367512 0.586352
vt 0.380524 0.668110
vt 0.365888 0.595748
vt 0.368173 0.592524
vt 0.384727 0.661606
vt 0.385394 0.668053
vt 0.391460 0.659482
vt 0.392443 0.666892
vt 0.047938 0.742800
vt 0.042389 0.736631
vt 0.033354 0.735720
vt 0.039065 0.666068
vt 0.391040 0.736828
vt 0.385515 0.743047
vt 0.398125 0.736062
vt 0.782415 0.517134
vt 0.782238 0.512311
vt 0.794076 0.512419
vt 0.794216 0.516338
vt 0.798498 0.512472
vt 0.799021 0.513067
vt 0.798943 0.515447
vt 0.798518 0.516062
vt 0.888561 0.514234
vt 0.888404 0.510320
vt 0.900237 0.509542
vt 0.900388 0.514334
vt 0.845284 0.587721
vt 0.840496 0.587889
vt 0.840765 0.576021
vt 0.844434 0.575902
vt 0.840844 0.571584
vt 0.841413 0.571073
vt 0.843566 0.571180
vt 0.844135 0.571618
vt 0.841875 0.450545
vt 0.838198 0.450637
vt 0.837234 0.438864
vt 0.842031 0.438690
vt 0.818814 0.643477
vt 0.818814 0.597726
vt 0.847971 0.597726
vt 0.847971 0.643477
vt 0.795742 0.577513
vt 0.802971 0.570861
vt 0.889849 0.575887
vt 0.882365 0.569582
vt 0.887014 0.448972
vt 0.879842 0.455661
vt 0.793044 0.451252
vt 0.800583 0.457556
vt 0.858739 0.641964
vt 0.858739 0.596211
vt 0.887898 0.596211
vt 0.887898 0.641964
vt 0.738771 0.595624
vt 0.767929 0.595624
vt 0.767929 0.641377
vt 0.738771 0.641377
vt 0.778697 0.594110
vt 0.807856 0.594110
vt 0.807856 0.639863
vt 0.778697 0.639863
vt 0.841842 0.454822
vt 0.841265 0.455338
vt 0.839098 0.455286
vt 0.838530 0.454862
vt 0.884131 0.514201
vt 0.883603 0.513621
vt 0.883678 0.511238
vt 0.884096 0.510618
vt 0.803141 0.513160
vt 0.804081 0.512263
vt 0.839582 0.511488
vt 0.840460 0.512355
vt 0.807046 0.464040
vt 0.807785 0.464807
vt 0.838717 0.460964
vt 0.839471 0.459963
vt 0.803185 0.515161
vt 0.804170 0.516004
vt 0.809821 0.563288
vt 0.809135 0.564105
vt 0.840497 0.514336
vt 0.839656 0.515242
vt 0.841509 0.566491
vt 0.840713 0.565541
vt 0.842364 0.512326
vt 0.843207 0.511426
vt 0.878447 0.510716
vt 0.879427 0.511560
vt 0.841209 0.459913
vt 0.842015 0.460861
vt 0.873663 0.462510
vt 0.872972 0.463323
vt 0.842407 0.514317
vt 0.843284 0.515190
vt 0.843974 0.565441
vt 0.843224 0.566441
vt 0.879459 0.513536
vt 0.878523 0.514434
vt 0.875952 0.563050
vt 0.875217 0.562268
vt 0.876469 0.459001
vt 0.877176 0.458204
vt 0.883122 0.510721
vt 0.841804 0.455858
vt 0.805635 0.568425
vt 0.806337 0.567626
vt 0.840875 0.570550
vt 0.799493 0.515974
vt 0.879675 0.567211
vt 0.878932 0.566433
vt 0.883153 0.514194
vt 0.844066 0.570570
vt 0.804057 0.460686
vt 0.803311 0.459925
vt 0.838611 0.455897
vt 0.799472 0.512498
vt 0.846053 0.517306
vt 0.846099 0.562706
vt 0.875831 0.516805
vt 0.872777 0.560340
vt 0.844517 0.463226
vt 0.845627 0.509023
vt 0.870808 0.465610
vt 0.875477 0.508702
vt 0.837255 0.517659
vt 0.807162 0.518022
vt 0.838223 0.563191
vt 0.811976 0.560985
vt 0.836554 0.463668
vt 0.810278 0.466740
vt 0.836848 0.509431
vt 0.806751 0.509849
vt 0.720770 0.659444
vt 0.759505 0.659146
vt 0.760068 0.732176
vt 0.721333 0.732474
vt 0.760293 0.761411
vt 0.458530 0.496489
vt 0.458081 0.447967
vt 0.464834 0.450114
vt 0.464093 0.497823
vt 0.977182 0.035034
vt 0.928652 0.034747
vt 0.928703 0.026201
vt 0.977233 0.026487
vt 0.472637 0.450525
vt 0.472250 0.497485
vt 0.471878 0.505723
vt 0.470563 0.511482
vt 0.461773 0.506129
vt 0.465837 0.504074
vt 0.614006 0.499566
vt 0.613637 0.507927
vt 0.985923 0.026539
vt 0.985872 0.035085
vt 0.798240 0.658847
vt 0.798803 0.731877
vt 0.460049 0.390770
vt 0.465482 0.390009
vt 0.462381 0.439092
vt 0.455032 0.437795
vt 0.920940 0.064121
vt 0.920934 0.055574
vt 0.969465 0.055538
vt 0.969471 0.064085
vt 0.471514 0.437583
vt 0.473372 0.390905
vt 0.473270 0.382638
vt 0.467396 0.383931
vt 0.463483 0.381624
vt 0.472105 0.376805
vt 0.612980 0.381270
vt 0.613230 0.389623
vt 0.912250 0.064127
vt 0.912244 0.055580
vt 0.465490 0.444086
vt 0.472401 0.444037
vt 0.451520 0.445263
vt 0.572900 0.733618
vt 0.572337 0.660588
vt 0.246619 0.232588
vt 0.246619 0.193886
vt 0.394922 0.193887
vt 0.394922 0.232588
vt 0.614033 0.451331
vt 0.613370 0.513880
vt 0.984995 0.183519
vt 0.976305 0.183468
vt 0.946672 0.657703
vt 0.947235 0.730733
vt 0.246619 0.155185
vt 0.394922 0.155185
vt 0.613892 0.437882
vt 0.612795 0.375354
vt 0.921050 0.212557
vt 0.912360 0.212564
vt 0.613962 0.444588
vt 0.982340 0.430781
vt 0.987916 0.642759
vt 0.971857 0.643181
vt 0.966282 0.431203
vt 0.955799 0.643604
vt 0.950223 0.431626
vt 0.939740 0.644026
vt 0.934165 0.432048
vt 0.923682 0.644448
vt 0.918106 0.432470
vt 0.944947 0.211158
vt 0.960943 0.209675
vt 0.962426 0.225671
vt 0.946430 0.227154
vt 0.867479 0.191951
vt 0.879791 0.202269
vt 0.869474 0.214581
vt 0.857161 0.204263
vt 0.216716 0.675581
vt 0.216649 0.751651
vt 0.055088 0.743405
vt 0.060082 0.669417
vt 0.071423 0.591960
vt 0.216903 0.589040
vt 0.052818 0.667679
vt 0.067936 0.595309
vt 0.047938 0.742800
vt 0.373263 0.669829
vt 0.378370 0.743720
vt 0.362421 0.592380
vt 0.365888 0.595748
vt 0.380524 0.668110
vt 0.385515 0.743047
vt 0.092476 0.300839
vt 0.037205 0.307237
vt 0.037479 0.306638
vt 0.091931 0.300487
vt 0.027818 0.197651
vt 0.074466 0.183671
vt 0.074257 0.184300
vt 0.028329 0.198083
vt 0.039138 0.304593
vt 0.089810 0.299106
vt 0.040753 0.302480
vt 0.043742 0.301219
vt 0.086572 0.296549
vt 0.071440 0.190356
vt 0.034625 0.201597
vt 0.032056 0.201342
vt 0.030344 0.199819
vt 0.073315 0.186726
vt 0.081047 0.241071
vt 0.080403 0.241296
vt 0.079447 0.238635
vt 0.080075 0.238356
vt 0.018611 0.243996
vt 0.019290 0.244013
vt 0.020015 0.248496
vt 0.019345 0.248650
vt 0.021981 0.243924
vt 0.022776 0.248037
vt 0.024651 0.243860
vt 0.025494 0.247521
vt 0.072370 0.240978
vt 0.074579 0.241840
vt 0.073133 0.243876
vt 0.076815 0.239680
vt 0.077810 0.242195
vt 0.073907 0.238438
vt 0.069602 0.240521
vt 0.027296 0.242821
vt 0.032103 0.207339
vt 0.032755 0.204050
vt 0.040961 0.298907
vt 0.041569 0.296231
vt 0.027723 0.249490
vt 0.070523 0.244980
vt 0.075564 0.245262
vt 0.074789 0.247978
vt 0.084881 0.294633
vt 0.053437 0.300154
vt 0.069228 0.191727
vt 0.072930 0.235955
vt 0.036979 0.202427
vt 0.748888 0.062787
vt 0.745368 0.058013
vt 0.744545 0.050715
vt 0.752487 0.049417
vt 0.148403 0.046542
vt 0.154339 0.049969
vt 0.155090 0.057775
vt 0.150117 0.060394
vt 0.155209 0.035613
vt 0.744168 0.036968
vt 0.739869 0.048450
vt 0.158907 0.047021
vt 0.727296 0.133878
vt 0.151497 0.130199
vt 0.151572 0.118485
vt 0.727371 0.122164
vt 0.744040 0.071809
vt 0.154556 0.070431
vt 0.159414 0.059139
vt 0.739705 0.060601
vt 0.882956 0.097971
vt 0.871361 0.113262
vt 0.869435 0.104240
vt 0.875745 0.094505
vt 0.023097 0.076622
vt 0.019380 0.084707
vt 0.010057 0.067821
vt 0.018789 0.065777
vt 0.854561 0.134579
vt 0.854486 0.146293
vt 0.762540 0.037975
vt 0.762692 0.028521
vt 0.887198 0.075725
vt 0.879950 0.080778
vt 0.024159 0.140988
vt 0.024234 0.129274
vt 0.143142 0.024282
vt 0.140909 0.033132
vt 0.016915 0.051506
vt 0.011319 0.044409
vt 0.855254 0.160727
vt 0.728064 0.148312
vt 0.150544 0.144622
vt 0.023206 0.155411
vt 0.720770 0.659444
vt 0.759505 0.659146
vt 0.760068 0.732176
vt 0.721333 0.732474
vt 0.760293 0.761411
vt 0.458530 0.496489
vt 0.458081 0.447967
vt 0.464834 0.450114
vt 0.464093 0.497823
vt 0.977182 0.035034
vt 0.928652 0.034747
vt 0.928703 0.026201
vt 0.977233 0.026487
vt 0.472637 0.450525
vt 0.472250 0.497485
vt 0.471878 0.505723
vt 0.470563 0.511482
vt 0.461773 0.506129
vt 0.465837 0.504074
vt 0.614006 0.499566
vt 0.613637 0.507927
vt 0.985923 0.026539
vt 0.985872 0.035085
vt 0.798240 0.658847
vt 0.798803 0.731877
vt 0.460049 0.390770
vt 0.465482 0.390009
vt 0.462381 0.439092
vt 0.455032 0.437795
vt 0.920940 0.064121
vt 0.920934 0.055574
vt 0.969465 0.055538
vt 0.969471 0.064085
vt 0.471514 0.437583
vt 0.473372 0.390905
vt 0.473270 0.382638
vt 0.467396 0.383931
vt 0.463483 0.381624
vt 0.472105 0.376805
vt 0.612980 0.381270
vt 0.613230 0.389623
vt 0.912250 0.064127
vt 0.912244 0.055580
vt 0.465490 0.444086
vt 0.472401 0.444037
vt 0.451520 0.445263
vt 0.572900 0.733618
vt 0.572337 0.660588
vt 0.246619 0.232588
vt 0.246619 0.193886
vt 0.394922 0.193887
vt 0.394922 0.232588
vt 0.614033 0.451331
vt 0.613370 0.513880
vt 0.984995 0.183519
vt 0.976305 0.183468
vt 0.946672 0.657703
vt 0.947235 0.730733
vt 0.246619 0.155185
vt 0.394922 0.155185
vt 0.613892 0.437882
vt 0.612795 0.375354
vt 0.921050 0.212557
vt 0.912360 0.212564
vt 0.613962 0.444588
vt 0.782415 0.517134
vt 0.782238 0.512311
vt 0.794076 0.512419
vt 0.794216 0.516338
vt 0.798498 0.512472
vt 0.799021 0.513067
vt 0.798943 0.515447
vt 0.798518 0.516062
vt 0.888561 0.514234
vt 0.888404 0.510320
vt 0.900237 0.509542
vt 0.900388 0.514334
vt 0.845284 0.587721
vt 0.840496 0.587889
vt 0.840765 0.576021
vt 0.844434 0.575902
vt 0.840844 0.571584
vt 0.841413 0.571073
vt 0.843566 0.571180
vt 0.844135 0.571618
vt 0.841875 0.450545
vt 0.838198 0.450637
vt 0.837234 0.438864
vt 0.842031 0.438690
vt 0.818814 0.643477
vt 0.818814 0.597726
vt 0.847971 0.597726
vt 0.847971 0.643477
vt 0.795742 0.577513
vt 0.802971 0.570861
vt 0.889849 0.575887
vt 0.882365 0.569582
vt 0.887014 0.448972
vt 0.879842 0.455661
vt 0.793044 0.451252
vt 0.800583 0.457556
vt 0.858739 0.641964
vt 0.858739 0.596211
vt 0.887898 0.596211
vt 0.887898 0.641964
vt 0.738771 0.595624
vt 0.767929 0.595624
vt 0.767929 0.641377
vt 0.738771 0.641377
vt 0.778697 0.594110
vt 0.807856 0.594110
vt 0.807856 0.639863
vt 0.778697 0.639863
vt 0.841842 0.454822
vt 0.841265 0.455338
vt 0.839098 0.455286
vt 0.838530 0.454862
vt 0.884131 0.514201
vt 0.883603 0.513621
vt 0.883678 0.511238
vt 0.884096 0.510618
vt 0.803141 0.513160
vt 0.804081 0.512263
vt 0.839582 0.511488
vt 0.840460 0.512355
vt 0.807046 0.464040
vt 0.807785 0.464807
vt 0.838717 0.460964
vt 0.839471 0.459963
vt 0.803185 0.515161
vt 0.804170 0.516004
vt 0.809821 0.563288
vt 0.809135 0.564105
vt 0.840497 0.514336
vt 0.839656 0.515242
vt 0.841509 0.566491
vt 0.840713 0.565541
vt 0.842364 0.512326
vt 0.843207 0.511426
vt 0.878447 0.510716
vt 0.879427 0.511560
vt 0.841209 0.459913
vt 0.842015 0.460861
vt 0.873663 0.462510
vt 0.872972 0.463323
vt 0.842407 0.514317
vt 0.843284 0.515190
vt 0.843974 0.565441
vt 0.843224 0.566441
vt 0.879459 0.513536
vt 0.878523 0.514434
vt 0.875952 0.563050
vt 0.875217 0.562268
vt 0.876469 0.459001
vt 0.877176 0.458204
vt 0.883122 0.510721
vt 0.841804 0.455858
vt 0.805635 0.568425
vt 0.806337 0.567626
vt 0.840875 0.570550
vt 0.799493 0.515974
vt 0.879675 0.567211
vt 0.878932 0.566433
vt 0.883153 0.514194
vt 0.844066 0.570570
vt 0.804057 0.460686
vt 0.803311 0.459925
vt 0.838611 0.455897
vt 0.799472 0.512498
vt 0.846053 0.517306
vt 0.846099 0.562706
vt 0.875831 0.516805
vt 0.872777 0.560340
vt 0.844517 0.463226
vt 0.845627 0.509023
vt 0.870808 0.465610
vt 0.875477 0.508702
vt 0.837255 0.517659
vt 0.807162 0.518022
vt 0.838223 0.563191
vt 0.811976 0.560985
vt 0.836554 0.463668
vt 0.810278 0.466740
vt 0.836848 0.509431
vt 0.806751 0.509849
vt 0.982340 0.430781
vt 0.987916 0.642759
vt 0.971857 0.643181
vt 0.966282 0.431203
vt 0.955799 0.643604
vt 0.950223 0.431626
vt 0.939740 0.644026
vt 0.934165 0.432048
vt 0.923682 0.644448
vt 0.918106 0.432470
vt 0.944947 0.211158
vt 0.960943 0.209675
vt 0.962426 0.225671
vt 0.946430 0.227154
vt 0.867479 0.191951
vt 0.879791 0.202269
vt 0.869474 0.214581
vt 0.857161 0.204263
vt 0.982340 0.430781
vt 0.987916 0.642759
vt 0.971857 0.643181
vt 0.966282 0.431203
vt 0.955799 0.643604
vt 0.950223 0.431626
vt 0.939740 0.644026
vt 0.934165 0.432048
vt 0.923682 0.644448
vt 0.918106 0.432470
vt 0.944947 0.211158
vt 0.960943 0.209675
vt 0.962426 0.225671
vt 0.946430 0.227154
vt 0.867479 0.191951
vt 0.879791 0.202269
vt 0.869474 0.214581
vt 0.857161 0.204263
vt 0.982340 0.430781
vt 0.987916 0.642759
vt 0.971857 0.643181
vt 0.966282 0.431203
vt 0.955799 0.643604
vt 0.950223 0.431626
vt 0.939740 0.644026
vt 0.934165 0.432048
vt 0.923682 0.644448
vt 0.918106 0.432470
vt 0.944947 0.211158
vt 0.960943 0.209675
vt 0.962426 0.225671
vt 0.946430 0.227154
vt 0.867479 0.191951
vt 0.879791 0.202269
vt 0.869474 0.214581
vt 0.857161 0.204263
vt 0.782415 0.517134
vt 0.782238 0.512311
vt 0.794076 0.512419
vt 0.794216 0.516338
vt 0.798498 0.512472
vt 0.799021 0.513067
vt 0.798943 0.515447
vt 0.798518 0.516062
vt 0.888561 0.514234
vt 0.888404 0.510320
vt 0.900237 0.509542
vt 0.900388 0.514334
vt 0.845284 0.587721
vt 0.840496 0.587889
vt 0.840765 0.576021
vt 0.844434 0.575902
vt 0.840844 0.571584
vt 0.841413 0.571073
vt 0.843566 0.571180
vt 0.844135 0.571618
vt 0.841875 0.450545
vt 0.838198 0.450637
vt 0.837234 0.438864
vt 0.842031 0.438690
vt 0.818814 0.643477
vt 0.818814 0.597726
vt 0.847971 0.597726
vt 0.847971 0.643477
vt 0.795742 0.577513
vt 0.802971 0.570861
vt 0.889849 0.575887
vt 0.882365 0.569582
vt 0.887014 0.448972
vt 0.879842 0.455661
vt 0.793044 0.451252
vt 0.800583 0.457556
vt 0.858739 0.641964
vt 0.858739 0.596211
vt 0.887898 0.596211
vt 0.887898 0.641964
vt 0.738771 0.595624
vt 0.767929 0.595624
vt 0.767929 0.641377
vt 0.738771 0.641377
vt 0.778697 0.594110
vt 0.807856 0.594110
vt 0.807856 0.639863
vt 0.778697 0.639863
vt 0.841842 0.454822
vt 0.841265 0.455338
vt 0.839098 0.455286
vt 0.838530 0.454862
vt 0.884131 0.514201
vt 0.883603 0.513621
vt 0.883678 0.511238
vt 0.884096 0.510618
vt 0.803141 0.513160
vt 0.804081 0.512263
vt 0.839582 0.511488
vt 0.840460 0.512355
vt 0.807046 0.464040
vt 0.807785 0.464807
vt 0.838717 0.460964
vt 0.839471 0.459963
vt 0.803185 0.515161
vt 0.804170 0.516004
vt 0.809821 0.563288
vt 0.809135 0.564105
vt 0.840497 0.514336
vt 0.839656 0.515242
vt 0.841509 0.566491
vt 0.840713 0.565541
vt 0.842364 0.512326
vt 0.843207 0.511426
vt 0.878447 0.510716
vt 0.879427 0.511560
vt 0.841209 0.459913
vt 0.842015 0.460861
vt 0.873663 0.462510
vt 0.872972 0.463323
vt 0.842407 0.514317
vt 0.843284 0.515190
vt 0.843974 0.565441
vt 0.843224 0.566441
vt 0.879459 0.513536
vt 0.878523 0.514434
vt 0.875952 0.563050
vt 0.875217 0.562268
vt 0.876469 0.459001
vt 0.877176 0.458204
vt 0.883122 0.510721
vt 0.841804 0.455858
vt 0.805635 0.568425
vt 0.806337 0.567626
vt 0.840875 0.570550
vt 0.799493 0.515974
vt 0.879675 0.567211
vt 0.878932 0.566433
vt 0.883153 0.514194
vt 0.844066 0.570570
vt 0.804057 0.460686
vt 0.803311 0.459925
vt 0.838611 0.455897
vt 0.799472 0.512498
vt 0.846053 0.517306
vt 0.846099 0.562706
vt 0.875831 0.516805
vt 0.872777 0.560340
vt 0.844517 0.463226
vt 0.845627 0.509023
vt 0.870808 0.465610
vt 0.875477 0.508702
vt 0.837255 0.517659
vt 0.807162 0.518022
vt 0.838223 0.563191
vt 0.811976 0.560985
vt 0.836554 0.463668
vt 0.810278 0.466740
vt 0.836848 0.509431
vt 0.806751 0.509849
vt 0.982340 0.430781
vt 0.987916 0.642759
vt 0.971857 0.643181
vt 0.966282 0.431203
vt 0.955799 0.643604
vt 0.950223 0.431626
vt 0.939740 0.644026
vt 0.934165 0.432048
vt 0.923682 0.644448
vt 0.918106 0.432470
vt 0.944947 0.211158
vt 0.960943 0.209675
vt 0.962426 0.225671
vt 0.946430 0.227154
vt 0.867479 0.191951
vt 0.879791 0.202269
vt 0.869474 0.214581
vt 0.857161 0.204263
vt 0.092476 0.300839
vt 0.037205 0.307237
vt 0.037479 0.306638
vt 0.091931 0.300487
vt 0.027818 0.197651
vt 0.074466 0.183671
vt 0.074257 0.184300
vt 0.028329 0.198083
vt 0.039138 0.304593
vt 0.089810 0.299106
vt 0.040753 0.302480
vt 0.043742 0.301219
vt 0.086572 0.296549
vt 0.071440 0.190356
vt 0.034625 0.201597
vt 0.032056 0.201342
vt 0.030344 0.199819
vt 0.073315 0.186726
vt 0.081047 0.241071
vt 0.080403 0.241296
vt 0.079447 0.238635
vt 0.080075 0.238356
vt 0.018611 0.243996
vt 0.019290 0.244013
vt 0.020015 0.248496
vt 0.019345 0.248650
vt 0.021981 0.243924
vt 0.022776 0.248037
vt 0.024651 0.243860
vt 0.025494 0.247521
vt 0.072370 0.240978
vt 0.074579 0.241840
vt 0.073133 0.243876
vt 0.076815 0.239680
vt 0.077810 0.242195
vt 0.073907 0.238438
vt 0.069602 0.240521
vt 0.027296 0.242821
vt 0.032103 0.207339
vt 0.032755 0.204050
vt 0.040961 0.298907
vt 0.041569 0.296231
vt 0.027723 0.249490
vt 0.070523 0.244980
vt 0.075564 0.245262
vt 0.074789 0.247978
vt 0.084881 0.294633
vt 0.053437 0.300154
vt 0.069228 0.191727
vt 0.072930 0.235955
vt 0.036979 0.202427
vt 0.982340 0.430781
vt 0.987916 0.642759
vt 0.971857 0.643181
vt 0.966282 0.431203
vt 0.955799 0.643604
vt 0.950223 0.431626
vt 0.939740 0.644026
vt 0.934165 0.432048
vt 0.923682 0.644448
vt 0.918106 0.432470
vt 0.944947 0.211158
vt 0.960943 0.209675
vt 0.962426 0.225671
vt 0.946430 0.227154
vt 0.867479 0.191951
vt 0.879791 0.202269
vt 0.869474 0.214581
vt 0.857161 0.204263
vt 0.982340 0.430781
vt 0.987916 0.642759
vt 0.971857 0.643181
vt 0.966282 0.431203
vt 0.955799 0.643604
vt 0.950223 0.431626
vt 0.939740 0.644026
vt 0.934165 0.432048
vt 0.923682 0.644448
vt 0.918106 0.432470
vt 0.944947 0.211158
vt 0.960943 0.209675
vt 0.962426 0.225671
vt 0.946430 0.227154
vt 0.867479 0.191951
vt 0.879791 0.202269
vt 0.869474 0.214581
vt 0.857161 0.204263
vn 0.003000 0.097084 0.995272
vn 0.003000 0.097084 0.995272
vn 0.003000 0.097084 0.995272
vn 0.003000 0.097084 0.995272
vn 0.030742 0.994797 -0.097132
vn 0.030742 0.994797 -0.097132
vn 0.030742 0.994797 -0.097132
vn 0.030742 0.994797 -0.097132
vn -0.002999 -0.097084 -0.995272
vn -0.002999 -0.097084 -0.995272
vn -0.002999 -0.097084 -0.995272
vn -0.002999 -0.097084 -0.995272
vn -0.030742 -0.994797 0.097131
vn -0.030742 -0.994797 0.097131
vn -0.030742 -0.994797 0.097131
vn -0.030742 -0.994797 0.097131
vn 0.999523 -0.030888 -0.000001
vn 0.999523 -0.030888 -0.000001
vn 0.999523 -0.030888 -0.000001
vn 0.999523 -0.030888 -0.000001
vn -0.999523 0.030887 0.000001
vn -0.999523 0.030887 0.000001
vn -0.999523 0.030887 0.000001
vn -0.999523 0.030887 0.000001
vn 0.000000 0.158562 0.987349
vn 0.000000 0.158562 0.987349
vn 0.000000 0.158562 0.987349
vn 0.000000 0.158562 0.987349
vn 0.000000 0.987349 -0.158562
vn 0.000000 0.987349 -0.158562
vn 0.000000 0.987349 -0.158562
vn 0.000000 0.987349 -0.158562
vn 0.000000 -0.158562 -0.987349
vn 0.000000 -0.158562 -0.987349
vn 0.000000 -0.158562 -0.987349
vn 0.000000 -0.158562 -0.987349
vn 0.000000 -0.987349 0.158563
vn 0.000000 -0.987349 0.158563
vn 0.000000 -0.987349 0.158563
vn 0.000000 -0.987349 0.158563
vn 1.000000 0.000000 0.000000
vn 1.000000 0.000000 0.000000
vn 1.000000 0.000000 0.000000
vn 1.000000 0.000000 0.000000
vn -1.000000 0.000000 0.000000
vn -1.000000 0.000000 0.000000
vn -1.000000 0.000000 0.000000
vn -1.000000 0.000000 0.000000
vn -0.122403 -0.103491 0.987070
vn -0.122403 -0.103491 0.987070
vn -0.122403 -0.103491 0.987070
vn -0.122403 -0.103491 0.987070
vn 0.000000 0.994548 0.104277
vn 0.000000 0.994548 0.104277
vn 0.000000 0.994548 0.104277
vn 0.000000 0.994548 0.104277
vn 0.122402 0.103491 -0.987070
vn 0.122402 0.103491 -0.987070
vn 0.122402 0.103491 -0.987070
vn 0.122402 0.103491 -0.987070
vn 0.000000 -0.994548 -0.104275
vn 0.000000 -0.994548 -0.104275
vn 0.000000 -0.994548 -0.104275
vn 0.000000 -0.994548 -0.104275
vn 0.992480 -0.012764 0.121736
vn 0.992481 -0.012764 0.121736
vn 0.992480 -0.012764 0.121736
vn 0.992480 -0.012764 0.121736
vn -0.992481 0.012763 -0.121736
vn -0.992480 0.012763 -0.121736
vn -0.992480 0.012763 -0.121736
vn -0.992480 0.012763 -0.121736
vn 0.000000 0.000000 1.000000
vn 0.000000 0.000000 1.000000
vn -0.000000 0.000000 1.000000
vn -0.000000 0.000000 1.000000
vn -0.000000 0.000000 1.000000
vn -0.000003 0.000000 1.000000
vn -0.000003 0.000000 1.000000
vn -0.000000 0.000000 1.000000
vn 0.000000 0.000000 -1.000000
vn 0.000000 0.000000 -1.000000
vn 0.000000 0.000000 -1.000000
vn 0.000000 0.000000 -1.000000
vn 0.000000 1.000000 0.000000
vn 0.000000 1.000000 0.000000
vn 0.000000 1.000000 0.000000
vn 0.000000 1.000000 0.000000
vn 0.000000 1.000000 0.000000
vn 0.000000 1.000000 0.000000
vn 0.000000 1.000000 0.000000
vn 0.000000 1.000000 0.000000
vn 0.000000 -1.000000 0.000000
vn 0.000000 -1.000000 0.000000
vn 0.000000 -1.000000 0.000000
vn 0.000000 -1.000000 0.000000
vn 1.000000 0.000000 0.000000
vn 1.000000 0.000000 0.000000
vn 1.000000 0.000000 0.000000
vn 1.000000 0.000000 0.000000
vn 0.000000 0.000000 1.000000
vn 0.000000 0.000000 1.000000
vn 0.000000 1.000000 0.000000
vn 0.000000 1.000000 0.000000
vn 0.000000 0.000000 -1.000000
vn 0.000000 0.000000 -1.000000
vn 0.000000 -1.000000 0.000000
vn 0.000000 -1.000000 0.000000
vn 0.000000 0.000000 1.000000
vn 0.000000 0.000000 1.000000
vn 1.000000 0.000000 0.000000
vn 1.000000 0.000000 0.000000
vn 1.000000 0.000000 0.000000
vn 1.000000 0.000000 0.000000
vn 0.000000 0.000000 -1.000000
vn 0.000000 0.000000 -1.000000
vn 0.000000 1.000000 0.000000
vn 0.000000 1.000000 0.000000
vn 1.000000 0.000000 0.000000
vn 1.000000 0.000000 0.000000
vn 1.000000 0.000000 0.000000
vn 1.000000 0.000000 0.000000
vn 1.000000 0.000000 0.000000
vn 1.000000 0.000000 0.000000
vn 1.000000 0.000000 0.000000
vn 1.000000 0.000000 0.000000
vn 0.000000 -1.000000 0.000000
vn 0.000000 -1.000000 0.000000
vn 0.000000 -1.000000 0.000000
vn 0.000000 -1.000000 0.000000
vn 0.000000 -1.000000 0.000000
vn 0.000000 -1.000000 0.000000
vn 0.000000 0.000000 -1.000000
vn 0.000000 0.000000 -1.000000
vn 0.000000 0.000000 -1.000000
vn 0.000000 0.000000 -1.000000
vn 0.740197 -0.672390 0.000000
vn 0.740197 -0.672390 0.000000
vn 0.740197 -0.672390 0.000000
vn 0.740197 -0.672390 0.000000
vn 0.707103 0.000000 -0.707111
vn 0.707103 0.000000 -0.707111
vn 0.707103 0.000000 -0.707111
vn 0.707103 0.000000 -0.707111
vn 0.707114 0.000000 0.707100
vn 0.707114 0.000000 0.707100
vn 0.707114 0.000000 0.707100
vn 0.707114 0.000000 0.707100
vn 0.707103 0.000000 -0.707111
vn 0.707103 0.000000 -0.707111
vn 0.707103 0.000000 -0.707111
vn 0.707103 0.000000 -0.707111
vn 0.740197 0.672390 0.000000
vn 0.740197 0.672390 0.000000
vn 0.740197 0.672390 0.000000
vn 0.740197 0.672390 0.000000
vn 0.707114 0.000000 0.707100
vn 0.707114 0.000000 0.707100
vn 0.707114 0.000000 0.707100
vn 0.707114 0.000000 0.707100
vn 0.740202 0.672384 0.000000
vn 0.740202 0.672384 0.000000
vn 0.740202 0.672384 0.000000
vn 0.740202 0.672384 0.000000
vn 0.740196 -0.672392 0.000000
vn 0.740196 -0.672392 0.000000
vn 0.740196 -0.672392 0.000000
vn 0.740196 -0.672392 0.000000
vn 0.707103 0.000000 -0.707111
vn 0.707103 0.000000 -0.707111
vn 0.707103 0.000000 -0.707111
vn 0.707103 0.000000 -0.707111
vn 0.740201 0.672386 0.000000
vn 0.740201 0.672386 0.000000
vn 0.740201 0.672386 0.000000
vn 0.740201 0.672386 0.000000
vn 0.707125 0.000000 0.707089
vn 0.707125 0.000000 0.707089
vn 0.707125 0.000000 0.707089
vn 0.707125 0.000000 0.707089
vn 0.707103 0.000000 -0.707111
vn 0.707103 0.000000 -0.707111
vn 0.707103 0.000000 -0.707111
vn 0.707103 0.000000 -0.707111
vn 0.740196 0.672392 0.000000
vn 0.740196 0.672392 0.000000
vn 0.740196 0.672392 0.000000
vn 0.740196 0.672392 0.000000
vn 0.707125 0.000000 0.707089
vn 0.707125 0.000000 0.707089
vn 0.707125 0.000000 0.707089
vn 0.707125 0.000000 0.707089
vn 0.740201 -0.672386 0.000000
vn 0.740201 -0.672386 0.000000
vn 0.740201 -0.672386 0.000000
vn 0.740201 -0.672386 0.000000
vn 0.740202 -0.672384 0.000000
vn 0.740202 -0.672384 0.000000
vn 0.740202 -0.672384 0.000000
vn 0.740202 -0.672384 0.000000
vn 0.707107 0.000000 -0.707107
vn 0.707107 0.000000 -0.707107
vn 0.707107 0.000000 -0.707107
vn 0.707107 0.000000 -0.707107
vn 0.740199 -0.672388 0.000000
vn 0.740199 -0.672388 0.000000
vn 0.740199 -0.672388 0.000000
vn 0.740199 -0.672388 0.000000
vn 0.740203 0.672384 0.000000
vn 0.740203 0.672384 0.000000
vn 0.740203 0.672384 0.000000
vn 0.740203 0.672384 0.000000
vn 0.707097 0.000000 0.707117
vn 0.707097 0.000000 0.707117
vn 0.707097 0.000000 0.707117
vn 0.707097 0.000000 0.707117
vn 0.707097 0.000000 -0.707117
vn 0.707097 0.000000 -0.707117
vn 0.707097 0.000000 -0.707117
vn 0.707097 0.000000 -0.707117
vn 0.740198 0.672389 0.000000
vn 0.740198 0.672389 0.000000
vn 0.740198 0.672389 0.000000
vn 0.740198 0.672389 0.000000
vn 0.740197 -0.672391 0.000000
vn 0.740197 -0.672391 0.000000
vn 0.740197 -0.672390 0.000000
vn 0.740197 -0.672390 0.000000
vn 0.707097 0.000000 0.707117
vn 0.707097 0.000000 0.707117
vn 0.707097 0.000000 0.707117
vn 0.707097 0.000000 0.707117
vn 1.000000 0.000000 0.000000
vn 1.000000 0.000000 0.000000
vn 1.000000 0.000000 0.000000
vn 1.000000 0.000000 0.000000
vn 1.000000 0.000000 0.000000
vn 1.000000 0.000001 0.000000
vn 1.000000 0.000001 0.000000
vn 1.000000 0.000000 0.000000
vn 1.000000 0.000000 0.000000
vn 1.000000 0.000000 0.000000
vn 1.000000 -0.000001 0.000000
vn 1.000000 0.000000 0.000000
vn 1.000000 0.000000 0.000000
vn 1.000000 0.000000 0.000000
vn 1.000000 0.000000 0.000000
vn 1.000000 0.000000 0.000000
vn 1.000000 0.000002 0.000000
vn 1.000000 0.000001 0.000000
vn 1.000000 0.000001 0.000000
vn 1.000000 0.000002 0.000000
vn 1.000000 0.000001 0.000000
vn 1.000000 0.000001 0.000000
vn 0.000000 -1.000000 0.000000
vn 0.000000 0.000000 1.000000
vn 1.000000 0.000000 0.000000
vn 1.000000 0.000000 0.000000
vn 1.000000 0.000000 0.000000
vn 0.000000 1.000000 0.000000
vn 1.000000 -0.000001 0.000000
vn 1.000000 -0.000002 0.000000
vn 1.000000 -0.000001 0.000000
vn 0.000000 0.000000 -1.000000
vn 0.000000 0.000000 1.000000
vn 1.000000 0.000001 0.000000
vn 1.000000 0.000001 0.000000
vn 1.000000 0.000000 0.000000
vn 0.000000 0.000000 -1.000000
vn 0.000000 1.000000 0.000000
vn 1.000000 0.000000 0.000000
vn 0.000000 -1.000000 0.000000
vn 0.000000 0.000000 -1.000000
vn 0.000000 0.000000 -1.000000
vn 0.000000 0.000000 -1.000000
vn 0.000000 0.000000 -1.000000
vn 0.000000 1.000000 0.000000
vn 0.000000 1.000000 0.000000
vn 0.000000 1.000000 0.000000
vn 0.000000 1.000000 0.000000
vn 0.000000 0.000000 1.000000
vn 0.000000 0.000000 1.000000
vn 0.000000 0.000000 1.000000
vn 0.000000 0.000000 1.000000
vn 0.000000 -1.000000 0.000000
vn 0.000000 -1.000000 0.000000
vn 0.000000 -1.000000 0.000000
vn 0.000000 -1.000000 0.000000
vn 0.000000 0.000000 -1.000000
vn 0.000000 0.000000 -1.000000
vn 0.000000 0.000000 -1.000000
vn 0.000000 0.000000 -1.000000
vn 0.000000 1.000000 0.000000
vn 0.000000 1.000000 0.000000
vn 0.000000 1.000000 0.000000
vn 0.000000 1.000000 0.000000
vn 0.000000 0.000000 1.000000
vn 0.000000 0.000000 1.000000
vn 0.000000 0.000000 1.000000
vn 0.000000 0.000000 1.000000
vn 0.000000 -1.000000 0.000000
vn 0.000000 -1.000000 0.000000
vn 0.000000 -1.000000 0.000000
vn 0.000000 -1.000000 0.000000
vn 0.000000 1.000000 0.000000
vn 0.000000 1.000000 0.000000
vn 0.000000 1.000000 0.000000
vn 0.000000 1.000000 0.000000
vn 0.000000 0.000000 1.000000
vn 0.000000 0.000000 1.000000
vn 0.000000 0.000000 1.000000
vn 0.000000 0.000000 1.000000
vn 0.000000 -1.000000 0.000000
vn 0.000000 -1.000000 0.000000
vn 0.000000 -1.000000 0.000000
vn 0.000000 -1.000000 0.000000
vn 0.000000 0.000000 -1.000000
vn 0.000000 0.000000 -1.000000
vn 0.000000 0.000000 -1.000000
vn 0.000000 0.000000 -1.000000
vn 0.000000 1.000000 0.000000
vn 0.000000 1.000000 0.000000
vn 0.000000 1.000000 0.000000
vn 0.000000 1.000000 0.000000
vn 0.000000 0.000000 1.000000
vn 0.000000 0.000000 1.000000
vn 0.000000 0.000000 1.000000
vn 0.000000 0.000000 1.000000
vn 0.000000 -1.000000 0.000000
vn 0.000000 -1.000000 0.000000
vn 0.000000 -1.000000 0.000000
vn 0.000000 -1.000000 0.000000
vn 0.000000 0.000000 -1.000000
vn 0.000000 0.000000 -1.000000
vn 0.000000 0.000000 -1.000000
vn 0.000000 0.000000 -1.000000
vn 1.000000 0.000000 0.000000
vn 1.000000 0.000000 0.000000
vn 1.000000 0.000001 0.000000
vn 1.000000 0.000001 0.000000
vn 0.511314 -0.464459 -0.723074
vn 0.511314 -0.464459 -0.723074
vn 0.511314 -0.464459 -0.723074
vn 0.523401 0.672386 0.523401
vn 0.523401 0.672386 0.523401
vn 0.523401 0.672386 0.523401
vn 0.511301 0.464447 -0.723091
vn 0.511301 0.464447 -0.723091
vn 0.511301 0.464447 -0.723091
vn 0.523419 0.672377 -0.523394
vn 0.523419 0.672377 -0.523394
vn 0.523419 0.672377 -0.523394
vn 0.523401 -0.672386 0.523401
vn 0.523401 -0.672386 0.523401
vn 0.523401 -0.672386 0.523401
vn 0.523419 -0.672377 -0.523394
vn 0.523419 -0.672377 -0.523394
vn 0.523419 -0.672377 -0.523394
vn 0.511271 0.464440 0.723116
vn 0.511271 0.464440 0.723116
vn 0.511271 0.464440 0.723116
vn 0.511249 -0.464463 0.723117
vn 0.511249 -0.464463 0.723117
vn 0.511249 -0.464463 0.723117
vn -0.158970 0.868879 0.468804
vn -0.158970 0.868879 0.468804
vn -0.158991 0.868873 0.468808
vn -0.158991 0.868873 0.468808
vn 0.159000 -0.868871 -0.468809
vn 0.159000 -0.868871 -0.468809
vn 0.158995 -0.868873 -0.468808
vn 0.158995 -0.868873 -0.468808
vn -0.158996 0.868872 0.468809
vn -0.158996 0.868872 0.468809
vn 0.947317 0.267996 -0.175413
vn 0.947314 0.267999 -0.175420
vn 0.947315 0.267998 -0.175420
vn 0.947316 0.267994 -0.175417
vn 0.947317 0.267996 -0.175413
vn 0.947316 0.267997 -0.175413
vn 0.947315 0.267999 -0.175415
vn 0.947314 0.267999 -0.175420
vn 0.947314 0.267999 -0.175420
vn 0.947316 0.267997 -0.175413
vn 0.158994 -0.868873 -0.468808
vn 0.158994 -0.868873 -0.468808
vn -0.278027 0.416228 -0.865711
vn -0.278040 0.416222 -0.865709
vn -0.278047 0.416219 -0.865709
vn -0.278018 0.416227 -0.865714
vn -0.947316 -0.267997 0.175416
vn -0.947316 -0.267997 0.175416
vn -0.947316 -0.267996 0.175416
vn -0.947316 -0.267996 0.175416
vn 0.278048 -0.416216 0.865710
vn 0.278054 -0.416218 0.865707
vn 0.278055 -0.416218 0.865707
vn 0.278105 -0.416200 0.865699
vn 0.278055 -0.416218 0.865707
vn 0.278043 -0.416222 0.865708
vn 0.947314 0.267998 -0.175424
vn 0.947315 0.267998 -0.175421
vn 0.947314 0.267999 -0.175420
vn 0.947314 0.268000 -0.175422
vn 0.947316 0.267997 -0.175416
vn 0.947316 0.267997 -0.175417
vn 0.947316 0.267995 -0.175416
vn -0.278055 0.416218 -0.865707
vn -0.278043 0.416221 -0.865709
vn -0.947316 -0.267997 0.175416
vn -0.947316 -0.267997 0.175416
vn -0.278047 0.416219 -0.865709
vn -0.278055 0.416217 -0.865707
vn 0.947317 0.267995 -0.175411
vn 0.947316 0.267996 -0.175413
vn -0.278018 0.416227 -0.865714
vn 0.278046 -0.416216 0.865711
vn 0.278054 -0.416218 0.865707
vn 0.947316 0.267997 -0.175417
vn 0.947316 0.267997 -0.175417
vn 0.947316 0.267997 -0.175417
vn 0.278056 -0.416218 0.865706
vn 0.947315 0.267998 -0.175420
vn -0.947316 -0.267997 0.175416
vn -0.947316 -0.267997 0.175416
vn 0.278107 -0.416200 0.865699
vn 0.278056 -0.416218 0.865706
vn 0.278043 -0.416223 0.865708
vn 0.947315 0.267997 -0.175419
vn 0.947316 0.267996 -0.175417
vn 0.947316 0.267996 -0.175417
vn 0.947316 0.267997 -0.175417
vn 0.947317 0.267996 -0.175409
vn 0.947317 0.267994 -0.175412
vn -0.278040 0.416222 -0.865710
vn -0.278043 0.416221 -0.865709
vn -0.278028 0.416228 -0.865710
vn 0.947315 0.267997 -0.175416
vn 0.947316 0.267997 -0.175416
vn 0.947316 0.267997 -0.175416
vn 0.947316 0.267997 -0.175416
vn 0.947316 0.267997 -0.175416
vn 0.947316 0.267997 -0.175416
vn 0.119819 0.211409 0.970026
vn 0.119819 0.211409 0.970026
vn 0.119819 0.211409 0.970026
vn 0.119819 0.211409 0.970026
vn -0.278059 0.416218 -0.865705
vn -0.278059 0.416218 -0.865706
vn -0.278059 0.416218 -0.865705
vn -0.278059 0.416218 -0.865706
vn 0.158996 -0.868872 -0.468809
vn 0.158996 -0.868872 -0.468809
vn 0.158996 -0.868872 -0.468809
vn 0.158996 -0.868872 -0.468809
vn 0.316775 -0.864939 0.389273
vn 0.316775 -0.864939 0.389273
vn 0.316775 -0.864939 0.389273
vn 0.316775 -0.864939 0.389273
vn -0.158996 0.868872 0.468809
vn -0.158996 0.868872 0.468809
vn -0.158996 0.868872 0.468809
vn -0.158996 0.868872 0.468809
vn -0.278054 0.416220 -0.865706
vn -0.278054 0.416220 -0.865706
vn -0.278054 0.416220 -0.865706
vn -0.278054 0.416220 -0.865706
vn -0.316771 0.864941 -0.389274
vn -0.316771 0.864941 -0.389274
vn -0.316771 0.864941 -0.389274
vn -0.316771 0.864941 -0.389274
vn 0.158993 -0.868873 -0.468808
vn 0.158993 -0.868873 -0.468808
vn 0.158993 -0.868873 -0.468808
vn 0.158993 -0.868873 -0.468808
vn 0.278047 -0.416224 0.865707
vn 0.278047 -0.416224 0.865707
vn 0.278047 -0.416224 0.865707
vn 0.278047 -0.416224 0.865707
vn -0.158995 0.868873 0.468807
vn -0.158995 0.868873 0.468807
vn -0.158995 0.868873 0.468807
vn -0.158995 0.868873 0.468807
vn -0.119816 -0.211408 -0.970026
vn -0.119816 -0.211408 -0.970026
vn -0.119816 -0.211408 -0.970026
vn -0.119816 -0.211408 -0.970026
vn 0.278047 -0.416218 0.865709
vn 0.278047 -0.416218 0.865709
vn 0.278047 -0.416218 0.865709
vn 0.278047 -0.416218 0.865709
vn 0.083652 -0.979419 0.183687
vn 0.083652 -0.979419 0.183687
vn 0.083653 -0.979419 0.183685
vn 0.083653 -0.979419 0.183685
vn -0.083657 0.979418 -0.183687
vn -0.083657 0.979419 -0.183687
vn -0.083657 0.979419 -0.183685
vn -0.083657 0.979419 -0.183685
vn 0.083653 -0.979419 0.183685
vn 0.083653 -0.979419 0.183685
vn 0.956159 0.130809 0.262011
vn 0.956157 0.130809 0.262016
vn 0.956157 0.130809 0.262016
vn 0.956158 0.130810 0.262013
vn 0.956159 0.130809 0.262011
vn 0.956159 0.130803 0.262012
vn 0.956159 0.130802 0.262014
vn 0.956157 0.130805 0.262019
vn 0.956157 0.130805 0.262019
vn 0.956159 0.130803 0.262012
vn -0.083657 0.979419 -0.183685
vn -0.083657 0.979419 -0.183685
vn -0.280671 0.153712 0.947416
vn -0.280645 0.153715 0.947423
vn -0.280638 0.153715 0.947425
vn -0.280636 0.153713 0.947426
vn -0.956158 -0.130807 -0.262014
vn -0.956158 -0.130807 -0.262014
vn -0.956158 -0.130807 -0.262013
vn -0.956158 -0.130807 -0.262013
vn 0.280612 -0.153714 -0.947433
vn 0.280632 -0.153716 -0.947426
vn 0.280640 -0.153714 -0.947425
vn 0.280676 -0.153708 -0.947415
vn 0.280638 -0.153716 -0.947425
vn 0.280631 -0.153716 -0.947427
vn 0.956155 0.130810 0.262022
vn 0.956157 0.130806 0.262019
vn 0.956158 0.130805 0.262016
vn 0.956157 0.130807 0.262018
vn 0.956159 0.130803 0.262014
vn 0.956159 0.130803 0.262014
vn 0.956159 0.130804 0.262013
vn -0.280638 0.153716 0.947425
vn -0.280638 0.153716 0.947425
vn -0.956158 -0.130807 -0.262014
vn -0.956158 -0.130807 -0.262014
vn -0.280637 0.153715 0.947425
vn -0.280637 0.153716 0.947425
vn 0.956160 0.130806 0.262009
vn 0.956159 0.130805 0.262011
vn -0.280636 0.153712 0.947426
vn 0.280608 -0.153715 -0.947434
vn 0.280632 -0.153715 -0.947427
vn 0.956158 0.130807 0.262014
vn 0.956158 0.130807 0.262014
vn 0.956158 0.130807 0.262014
vn 0.280638 -0.153716 -0.947425
vn 0.956157 0.130807 0.262018
vn -0.956158 -0.130807 -0.262013
vn -0.956158 -0.130807 -0.262013
vn 0.280676 -0.153708 -0.947415
vn 0.280640 -0.153714 -0.947425
vn 0.280631 -0.153716 -0.947427
vn 0.956158 0.130807 0.262015
vn 0.956158 0.130807 0.262014
vn 0.956158 0.130807 0.262014
vn 0.956158 0.130807 0.262014
vn 0.956160 0.130806 0.262009
vn 0.956159 0.130806 0.262009
vn -0.280645 0.153715 0.947423
vn -0.280638 0.153716 0.947425
vn -0.280672 0.153711 0.947416
vn 0.956158 0.130807 0.262014
vn 0.956158 0.130807 0.262014
vn 0.956158 0.130807 0.262014
vn 0.956158 0.130808 0.262014
vn 0.956158 0.130808 0.262014
vn 0.956158 0.130808 0.262014
vn 0.272143 -0.727325 -0.630029
vn 0.272143 -0.727325 -0.630029
vn 0.272143 -0.727325 -0.630029
vn 0.272143 -0.727325 -0.630029
vn -0.280652 0.153714 0.947421
vn -0.280652 0.153714 0.947421
vn -0.280652 0.153714 0.947421
vn -0.280652 0.153714 0.947421
vn -0.083648 0.979420 -0.183684
vn -0.083648 0.979420 -0.183684
vn -0.083648 0.979420 -0.183684
vn -0.083648 0.979420 -0.183684
vn 0.168520 0.485966 -0.857577
vn 0.168520 0.485966 -0.857577
vn 0.168520 0.485966 -0.857577
vn 0.168520 0.485966 -0.857577
vn 0.083649 -0.979419 0.183686
vn 0.083649 -0.979419 0.183686
vn 0.083649 -0.979419 0.183686
vn 0.083649 -0.979419 0.183686
vn -0.280652 0.153715 0.947421
vn -0.280652 0.153715 0.947421
vn -0.280652 0.153715 0.947421
vn -0.280652 0.153715 0.947421
vn -0.168509 -0.485965 0.857580
vn -0.168509 -0.485965 0.857580
vn -0.168509 -0.485965 0.857580
vn -0.168509 -0.485965 0.857580
vn -0.083656 0.979419 -0.183687
vn -0.083656 0.979419 -0.183687
vn -0.083656 0.979419 -0.183687
vn -0.083656 0.979419 -0.183687
vn 0.280639 -0.153715 -0.947425
vn 0.280639 -0.153715 -0.947425
vn 0.280639 -0.153715 -0.947425
vn 0.280639 -0.153715 -0.947425
vn 0.083657 -0.979418 0.183689
vn 0.083657 -0.979418 0.183689
vn 0.083657 -0.979418 0.183689
vn 0.083657 -0.979418 0.183689
vn -0.272145 0.727322 0.630032
vn -0.272145 0.727322 0.630032
vn -0.272145 0.727322 0.630032
vn -0.272145 0.727322 0.630032
vn 0.280639 -0.153715 -0.947425
vn 0.280639 -0.153715 -0.947425
vn 0.280639 -0.153715 -0.947425
vn 0.280639 -0.153715 -0.947425
vn 0.000000 0.000000 1.000000
vn 0.000000 0.000000 1.000000
vn 0.000000 0.000000 1.000000
vn 0.000000 0.000000 1.000000
vn 0.000000 0.000000 1.000000
vn 0.000003 0.000000 1.000000
vn 0.000003 0.000000 1.000000
vn 0.000000 0.000000 1.000000
vn 0.000000 0.000000 -1.000000
vn 0.000000 0.000000 -1.000000
vn 0.000000 0.000000 -1.000000
vn 0.000000 0.000000 -1.000000
vn 0.000000 1.000000 0.000000
vn 0.000000 1.000000 0.000000
vn 0.000000 1.000000 0.000000
vn 0.000000 1.000000 0.000000
vn 0.000000 1.000000 0.000000
vn 0.000000 1.000000 0.000000
vn 0.000000 1.000000 0.000000
vn 0.000000 1.000000 0.000000
vn 0.000000 -1.000000 0.000000
vn 0.000000 -1.000000 0.000000
vn 0.000000 -1.000000 0.000000
vn 0.000000 -1.000000 0.000000
vn 1.000000 0.000000 0.000000
vn 1.000000 0.000000 0.000000
vn 1.000000 0.000000 0.000000
vn 1.000000 0.000000 0.000000
vn 0.000000 0.000000 1.000000
vn 0.000000 0.000000 1.000000
vn 0.000000 1.000000 0.000000
vn 0.000000 1.000000 0.000000
vn 0.000000 0.000000 -1.000000
vn 0.000000 0.000000 -1.000000
vn 0.000000 -1.000000 0.000000
vn 0.000000 -1.000000 0.000000
vn 0.000000 0.000000 1.000000
vn 0.000000 0.000000 1.000000
vn 1.000000 0.000000 0.000000
vn 1.000000 0.000000 0.000000
vn 1.000000 0.000000 0.000000
vn 1.000000 0.000000 0.000000
vn 0.000000 0.000000 -1.000000
vn 0.000000 0.000000 -1.000000
vn 0.000000 1.000000 0.000000
vn 0.000000 1.000000 0.000000
vn 1.000000 0.000000 0.000000
vn 1.000000 0.000000 0.000000
vn 1.000000 0.000000 0.000000
vn 1.000000 0.000000 0.000000
vn 1.000000 0.000000 0.000000
vn 1.000000 0.000000 0.000000
vn 1.000000 0.000000 0.000000
vn 1.000000 0.000000 0.000000
vn 0.000000 -1.000000 0.000000
vn 0.000000 -1.000000 0.000000
vn 0.000000 -1.000000 0.000000
vn 0.000000 -1.000000 0.000000
vn 0.000000 -1.000000 0.000000
vn 0.000000 -1.000000 0.000000
vn 0.000000 0.000000 -1.000000
vn 0.000000 0.000000 -1.000000
vn 0.000000 0.000000 -1.000000
vn 0.000000 0.000000 -1.000000
vn 0.634795 -0.772680 0.000000
vn 0.634795 -0.772681 0.000000
vn 0.634795 -0.772681 0.000000
vn 0.634795 -0.772680 0.000000
vn 0.707108 0.000000 -0.707105
vn 0.707108 0.000000 -0.707105
vn 0.707108 0.000000 -0.707105
vn 0.707108 0.000000 -0.707105
vn 0.707119 0.000000 0.707095
vn 0.707119 0.000000 0.707095
vn 0.707119 0.000000 0.707095
vn 0.707119 0.000000 0.707095
vn 0.707108 0.000000 -0.707106
vn 0.707108 0.000000 -0.707106
vn 0.707108 0.000000 -0.707106
vn 0.707108 0.000000 -0.707106
vn 0.634795 0.772681 0.000000
vn 0.634795 0.772680 0.000000
vn 0.634795 0.772680 0.000000
vn 0.634795 0.772681 0.000000
vn 0.707119 0.000000 0.707095
vn 0.707118 0.000000 0.707095
vn 0.707118 0.000000 0.707095
vn 0.707118 0.000000 0.707095
vn 0.634814 0.772665 0.000000
vn 0.634814 0.772665 0.000000
vn 0.634814 0.772665 0.000000
vn 0.634814 0.772665 0.000000
vn 0.634800 -0.772676 0.000000
vn 0.634800 -0.772676 0.000000
vn 0.634800 -0.772676 0.000000
vn 0.634800 -0.772676 0.000000
vn 0.707119 0.000000 -0.707095
vn 0.707119 0.000000 -0.707095
vn 0.707119 0.000000 -0.707095
vn 0.707119 0.000000 -0.707095
vn 0.634819 0.772661 0.000000
vn 0.634819 0.772661 0.000000
vn 0.634819 0.772661 0.000000
vn 0.634819 0.772661 0.000000
vn 0.707119 0.000000 0.707095
vn 0.707119 0.000000 0.707095
vn 0.707119 0.000000 0.707095
vn 0.707119 0.000000 0.707095
vn 0.707118 0.000000 -0.707095
vn 0.707118 0.000000 -0.707095
vn 0.707118 0.000000 -0.707095
vn 0.707118 0.000000 -0.707095
vn 0.634800 0.772676 0.000000
vn 0.634800 0.772676 0.000000
vn 0.634800 0.772676 0.000000
vn 0.634800 0.772676 0.000000
vn 0.707118 0.000000 0.707095
vn 0.707118 0.000000 0.707095
vn 0.707118 0.000000 0.707095
vn 0.707118 0.000000 0.707095
vn 0.634819 -0.772661 0.000000
vn 0.634819 -0.772661 0.000000
vn 0.634819 -0.772661 0.000000
vn 0.634819 -0.772661 0.000000
vn 0.634814 -0.772665 0.000000
vn 0.634814 -0.772665 0.000000
vn 0.634814 -0.772665 0.000000
vn 0.634814 -0.772665 0.000000
vn 0.707109 0.000000 -0.707105
vn 0.707109 0.000000 -0.707105
vn 0.707109 0.000000 -0.707105
vn 0.707109 0.000000 -0.707105
vn 0.634819 -0.772661 0.000000
vn 0.634819 -0.772661 0.000000
vn 0.634819 -0.772661 0.000000
vn 0.634819 -0.772661 0.000000
vn 0.634815 0.772664 0.000000
vn 0.634815 0.772664 0.000000
vn 0.634815 0.772664 0.000000
vn 0.634815 0.772664 0.000000
vn 0.707089 0.000000 0.707125
vn 0.707089 0.000000 0.707125
vn 0.707089 0.000000 0.707125
vn 0.707089 0.000000 0.707125
vn 0.707108 0.000000 -0.707105
vn 0.707108 0.000000 -0.707105
vn 0.707108 0.000000 -0.707105
vn 0.707108 0.000000 -0.707105
vn 0.634819 0.772661 0.000000
vn 0.634819 0.772661 0.000000
vn 0.634819 0.772661 0.000000
vn 0.634819 0.772661 0.000000
vn 0.634815 -0.772664 0.000000
vn 0.634815 -0.772664 0.000000
vn 0.634815 -0.772664 0.000000
vn 0.634815 -0.772664 0.000000
vn 0.707089 0.000000 0.707125
vn 0.707089 0.000000 0.707125
vn 0.707089 0.000000 0.707125
vn 0.707089 0.000000 0.707125
vn 1.000000 0.000000 0.000000
vn 1.000000 0.000000 0.000000
vn 1.000000 0.000000 0.000000
vn 1.000000 0.000000 0.000000
vn 1.000000 0.000000 0.000000
vn 1.000000 -0.000002 0.000000
vn 1.000000 0.000000 0.000000
vn 1.000000 0.000000 0.000000
vn 1.000000 0.000000 0.000000
vn 1.000000 0.000000 0.000000
vn 1.000000 0.000001 0.000000
vn 1.000000 0.000002 0.000000
vn 1.000000 0.000000 0.000000
vn 1.000000 0.000000 0.000000
vn 1.000000 0.000000 0.000000
vn 1.000000 0.000000 0.000000
vn 1.000000 -0.000003 0.000000
vn 1.000000 0.000001 0.000000
vn 1.000000 0.000001 0.000000
vn 1.000000 0.000000 0.000000
vn 1.000000 0.000000 0.000000
vn 1.000000 0.000000 0.000000
vn 0.000000 -1.000000 0.000000
vn 0.000000 0.000000 1.000000
vn 1.000000 0.000001 0.000000
vn 1.000000 0.000000 0.000000
vn 1.000000 0.000002 0.000000
vn 0.000000 1.000000 0.000000
vn 1.000000 0.000000 0.000000
vn 1.000000 0.000001 0.000000
vn 1.000000 0.000000 0.000000
vn 0.000000 0.000000 -1.000000
vn 0.000000 0.000000 1.000000
vn 1.000000 -0.000001 0.000000
vn 1.000000 -0.000002 0.000000
vn 1.000000 0.000000 0.000000
vn 0.000000 0.000000 -1.000000
vn 0.000000 1.000000 0.000000
vn 1.000000 0.000003 0.000000
vn 0.000000 -1.000000 0.000000
vn 0.000000 0.000000 -1.000000
vn 0.000000 0.000000 -1.000000
vn 0.000000 0.000000 -1.000000
vn 0.000000 0.000000 -1.000000
vn 0.000000 1.000000 0.000000
vn 0.000000 1.000000 0.000000
vn 0.000000 1.000000 0.000000
vn 0.000000 1.000000 0.000000
vn 0.000000 0.000000 1.000000
vn 0.000000 0.000000 1.000000
vn 0.000000 0.000000 1.000000
vn 0.000000 0.000000 1.000000
vn 0.000000 -1.000000 0.000000
vn 0.000000 -1.000000 0.000000
vn 0.000000 -1.000000 0.000000
vn 0.000000 -1.000000 0.000000
vn 0.000000 0.000000 -1.000000
vn 0.000000 0.000000 -1.000000
vn 0.000000 0.000000 -1.000000
vn 0.000000 0.000000 -1.000000
vn 0.000000 1.000000 0.000000
vn 0.000000 1.000000 0.000000
vn 0.000000 1.000000 0.000000
vn 0.000000 1.000000 0.000000
vn 0.000000 0.000000 1.000000
vn 0.000000 0.000000 1.000000
vn 0.000000 0.000000 1.000000
vn 0.000000 0.000000 1.000000
vn 0.000000 -1.000000 0.000000
vn 0.000000 -1.000000 0.000000
vn 0.000000 -1.000000 0.000000
vn 0.000000 -1.000000 0.000000
vn 0.000000 1.000000 0.000000
vn 0.000000 1.000000 0.000000
vn 0.000000 1.000000 0.000000
vn 0.000000 1.000000 0.000000
vn 0.000000 0.000000 1.000000
vn 0.000000 0.000000 1.000000
vn 0.000000 0.000000 1.000000
vn 0.000000 0.000000 1.000000
vn 0.000000 -1.000000 0.000000
vn 0.000000 -1.000000 0.000000
vn 0.000000 -1.000000 0.000000
vn 0.000000 -1.000000 0.000000
vn 0.000000 0.000000 -1.000000
vn 0.000000 0.000000 -1.000000
vn 0.000000 0.000000 -1.000000
vn 0.000000 0.000000 -1.000000
vn 0.000000 1.000000 0.000000
vn 0.000000 1.000000 0.000000
vn 0.000000 1.000000 0.000000
vn 0.000000 1.000000 0.000000
vn 0.000000 0.000000 1.000000
vn 0.000000 0.000000 1.000000
vn 0.000000 0.000000 1.000000
vn 0.000000 0.000000 1.000000
vn 0.000000 -1.000000 0.000000
vn 0.000000 -1.000000 0.000000
vn 0.000000 -1.000000 0.000000
vn 0.000000 -1.000000 0.000000
vn 0.000000 0.000000 -1.000000
vn 0.000000 0.000000 -1.000000
vn 0.000000 0.000000 -1.000000
vn 0.000000 0.000000 -1.000000
vn 1.000000 0.000000 0.000000
vn 1.000000 0.000000 0.000000
vn 1.000000 0.000001 0.000000
vn 1.000000 0.000001 0.000000
vn 0.472400 -0.574940 -0.668043
vn 0.472400 -0.574940 -0.668043
vn 0.472400 -0.574940 -0.668043
vn 0.448899 0.772668 0.448858
vn 0.448899 0.772668 0.448858
vn 0.448899 0.772668 0.448858
vn 0.472400 0.574940 -0.668043
vn 0.472400 0.574940 -0.668043
vn 0.472400 0.574940 -0.668043
vn 0.448876 0.772683 -0.448855
vn 0.448876 0.772683 -0.448855
vn 0.448876 0.772683 -0.448855
vn 0.448883 -0.772639 0.448924
vn 0.448883 -0.772639 0.448924
vn 0.448883 -0.772639 0.448924
vn 0.448859 -0.772655 -0.448921
vn 0.448859 -0.772655 -0.448921
vn 0.448859 -0.772655 -0.448921
vn 0.472373 0.574937 0.668065
vn 0.472373 0.574937 0.668065
vn 0.472373 0.574937 0.668065
vn 0.472373 -0.574937 0.668065
vn 0.472373 -0.574937 0.668065
vn 0.472373 -0.574937 0.668065
vn 0.000000 0.000000 1.000000
vn 0.000000 0.000000 1.000000
vn 0.000000 0.000000 1.000000
vn 0.000000 0.000000 1.000000
vn 0.000000 0.000000 1.000000
vn 0.000000 0.000000 1.000000
vn 0.000000 0.000000 1.000000
vn 0.000000 0.000000 1.000000
vn 0.000000 0.000000 -1.000000
vn 0.000000 0.000000 -1.000000
vn 0.000000 0.000000 -1.000000
vn 0.000000 0.000000 -1.000000
vn 0.000000 1.000000 0.000000
vn 0.000000 1.000000 0.000000
vn 0.000000 1.000000 0.000000
vn 0.000000 1.000000 0.000000
vn 0.000000 1.000000 0.000000
vn 0.000000 1.000000 0.000000
vn 0.000000 1.000000 0.000000
vn 0.000000 1.000000 0.000000
vn 0.000000 -1.000000 0.000000
vn 0.000000 -1.000000 0.000000
vn 0.000000 -1.000000 0.000000
vn 0.000000 -1.000000 0.000000
vn 1.000000 0.000000 0.000000
vn 1.000000 0.000000 0.000000
vn 1.000000 0.000000 0.000000
vn 1.000000 0.000000 0.000000
vn 0.000000 0.000000 1.000000
vn 0.000000 0.000000 1.000000
vn 0.000000 1.000000 0.000000
vn 0.000000 1.000000 0.000000
vn 0.000000 0.000000 -1.000000
vn 0.000000 0.000000 -1.000000
vn 0.000000 -1.000000 0.000000
vn 0.000000 -1.000000 0.000000
vn 0.000000 0.000000 1.000000
vn 0.000000 0.000000 1.000000
vn 1.000000 0.000000 0.000000
vn 1.000000 0.000000 0.000000
vn 1.000000 0.000000 0.000000
vn 1.000000 0.000000 0.000000
vn 0.000000 0.000000 -1.000000
vn 0.000000 0.000000 -1.000000
vn 0.000000 1.000000 0.000000
vn 0.000000 1.000000 0.000000
vn 1.000000 0.000000 0.000000
vn 1.000000 0.000000 0.000000
vn 1.000000 0.000000 0.000000
vn 1.000000 0.000000 0.000000
vn 1.000000 0.000000 0.000000
vn 1.000000 0.000000 0.000000
vn 1.000000 0.000000 0.000000
vn 1.000000 0.000000 0.000000
vn 0.000000 -1.000000 0.000000
vn 0.000000 -1.000000 0.000000
vn 0.000000 -1.000000 0.000000
vn 0.000000 -1.000000 0.000000
vn 0.000000 -1.000000 0.000000
vn 0.000000 -1.000000 0.000000
vn 0.000000 0.000000 -1.000000
vn 0.000000 0.000000 -1.000000
vn 0.000000 0.000000 -1.000000
vn 0.000000 0.000000 -1.000000
vn 0.740197 -0.672390 0.000000
vn 0.740197 -0.672390 0.000000
vn 0.740197 -0.672390 0.000000
vn 0.740197 -0.672390 0.000000
vn 0.707114 0.000000 -0.707100
vn 0.707114 0.000000 -0.707100
vn 0.707114 0.000000 -0.707100
vn 0.707114 0.000000 -0.707100
vn 0.707103 0.000000 0.707111
vn 0.707103 0.000000 0.707111
vn 0.707103 0.000000 0.707111
vn 0.707103 0.000000 0.707111
vn 0.707114 0.000000 -0.707100
vn 0.707114 0.000000 -0.707100
vn 0.707114 0.000000 -0.707100
vn 0.707114 0.000000 -0.707100
vn 0.740197 0.672390 0.000000
vn 0.740197 0.672390 0.000000
vn 0.740197 0.672390 0.000000
vn 0.740197 0.672390 0.000000
vn 0.707103 0.000000 0.707111
vn 0.707103 0.000000 0.707111
vn 0.707103 0.000000 0.707111
vn 0.707103 0.000000 0.707111
vn 0.740202 0.672384 0.000000
vn 0.740202 0.672384 0.000000
vn 0.740202 0.672384 0.000000
vn 0.740202 0.672384 0.000000
vn 0.740196 -0.672392 0.000000
vn 0.740196 -0.672392 0.000000
vn 0.740196 -0.672392 0.000000
vn 0.740196 -0.672392 0.000000
vn 0.707103 0.000000 -0.707111
vn 0.707103 0.000000 -0.707111
vn 0.707103 0.000000 -0.707111
vn 0.707103 0.000000 -0.707111
vn 0.740201 0.672386 0.000000
vn 0.740201 0.672386 0.000000
vn 0.740201 0.672386 0.000000
vn 0.740201 0.672386 0.000000
vn 0.707136 0.000000 0.707078
vn 0.707136 0.000000 0.707078
vn 0.707136 0.000000 0.707078
vn 0.707136 0.000000 0.707078
vn 0.707103 0.000000 -0.707111
vn 0.707103 0.000000 -0.707111
vn 0.707103 0.000000 -0.707111
vn 0.707103 0.000000 -0.707111
vn 0.740196 0.672392 0.000000
vn 0.740196 0.672392 0.000000
vn 0.740196 0.672392 0.000000
vn 0.740196 0.672392 0.000000
vn 0.707125 0.000000 0.707089
vn 0.707125 0.000000 0.707089
vn 0.707125 0.000000 0.707089
vn 0.707125 0.000000 0.707089
vn 0.740201 -0.672386 0.000000
vn 0.740201 -0.672386 0.000000
vn 0.740201 -0.672386 0.000000
vn 0.740201 -0.672386 0.000000
vn 0.740202 -0.672384 0.000000
vn 0.740202 -0.672384 0.000000
vn 0.740202 -0.672384 0.000000
vn 0.740202 -0.672384 0.000000
vn 0.707097 0.000000 -0.707117
vn 0.707097 0.000000 -0.707117
vn 0.707097 0.000000 -0.707117
vn 0.707097 0.000000 -0.707117
vn 0.740199 -0.672388 0.000000
vn 0.740199 -0.672388 0.000000
vn 0.740199 -0.672388 0.000000
vn 0.740199 -0.672388 0.000000
vn 0.740203 0.672384 0.000000
vn 0.740203 0.672384 0.000000
vn 0.740203 0.672384 0.000000
vn 0.740203 0.672384 0.000000
vn 0.707092 0.000000 0.707122
vn 0.707092 0.000000 0.707121
vn 0.707092 0.000000 0.707122
vn 0.707092 0.000000 0.707122
vn 0.707107 0.000000 -0.707107
vn 0.707107 0.000000 -0.707107
vn 0.707107 0.000000 -0.707107
vn 0.707107 0.000000 -0.707107
vn 0.740198 0.672389 0.000000
vn 0.740198 0.672389 0.000000
vn 0.740198 0.672389 0.000000
vn 0.740198 0.672389 0.000000
vn 0.740197 -0.672390 0.000000
vn 0.740197 -0.672390 0.000000
vn 0.740197 -0.672390 0.000000
vn 0.740197 -0.672390 0.000000
vn 0.707092 0.000000 0.707122
vn 0.707092 0.000000 0.707122
vn 0.707092 0.000000 0.707122
vn 0.707092 0.000000 0.707122
vn 1.000000 0.000000 0.000000
vn 1.000000 0.000000 0.000000
vn 1.000000 0.000000 0.000000
vn 1.000000 0.000000 0.000000
vn 1.000000 0.000000 0.000000
vn 1.000000 0.000001 0.000000
vn 1.000000 0.000001 0.000000
vn 1.000000 0.000000 0.000000
vn 1.000000 0.000000 0.000000
vn 1.000000 0.000000 0.000000
vn 1.000000 -0.000001 0.000000
vn 1.000000 0.000000 0.000000
vn 1.000000 0.000000 0.000000
vn 1.000000 0.000000 0.000000
vn 1.000000 0.000000 0.000000
vn 1.000000 0.000000 0.000000
vn 1.000000 0.000002 0.000000
vn 1.000000 0.000001 0.000000
vn 1.000000 0.000001 0.000000
vn 1.000000 0.000002 0.000000
vn 1.000000 0.000001 0.000000
vn 1.000000 0.000001 0.000000
vn 0.000000 -1.000000 0.000000
vn 0.000000 0.000000 1.000000
vn 1.000000 0.000000 0.000000
vn 1.000000 0.000000 0.000000
vn 1.000000 0.000000 0.000000
vn 0.000000 1.000000 0.000000
vn 1.000000 -0.000001 0.000000
vn 1.000000 -0.000002 0.000000
vn 1.000000 -0.000001 0.000000
vn 0.000000 0.000000 -1.000000
vn 0.000000 0.000000 1.000000
vn 1.000000 0.000001 0.000000
vn 1.000000 0.000001 0.000000
vn 1.000000 0.000000 0.000000
vn 0.000000 0.000000 -1.000000
vn 0.000000 1.000000 0.000000
vn 1.000000 0.000000 0.000000
vn 0.000000 -1.000000 0.000000
vn 0.000000 0.000000 -1.000000
vn 0.000000 0.000000 -1.000000
vn 0.000000 0.000000 -1.000000
vn 0.000000 0.000000 -1.000000
vn 0.000000 1.000000 0.000000
vn 0.000000 1.000000 0.000000
vn 0.000000 1.000000 0.000000
vn 0.000000 1.000000 0.000000
vn 0.000000 0.000000 1.000000
vn 0.000000 0.000000 1.000000
vn 0.000000 0.000000 1.000000
vn 0.000000 0.000000 1.000000
vn 0.000000 -1.000000 0.000000
vn 0.000000 -1.000000 0.000000
vn 0.000000 -1.000000 0.000000
vn 0.000000 -1.000000 0.000000
vn 0.000000 0.000000 -1.000000
vn 0.000000 0.000000 -1.000000
vn 0.000000 0.000000 -1.000000
vn 0.000000 0.000000 -1.000000
vn 0.000000 1.000000 0.000000
vn 0.000000 1.000000 0.000000
vn 0.000000 1.000000 0.000000
vn 0.000000 1.000000 0.000000
vn 0.000000 0.000000 1.000000
vn 0.000000 0.000000 1.000000
vn 0.000000 0.000000 1.000000
vn 0.000000 0.000000 1.000000
vn 0.000000 -1.000000 0.000000
vn 0.000000 -1.000000 0.000000
vn 0.000000 -1.000000 0.000000
vn 0.000000 -1.000000 0.000000
vn 0.000000 1.000000 0.000000
vn 0.000000 1.000000 0.000000
vn 0.000000 1.000000 0.000000
vn 0.000000 1.000000 0.000000
vn 0.000000 0.000000 1.000000
vn 0.000000 0.000000 1.000000
vn 0.000000 0.000000 1.000000
vn 0.000000 0.000000 1.000000
vn 0.000000 -1.000000 0.000000
vn 0.000000 -1.000000 0.000000
vn 0.000000 -1.000000 0.000000
vn 0.000000 -1.000000 0.000000
vn 0.000000 0.000000 -1.000000
vn 0.000000 0.000000 -1.000000
vn 0.000000 0.000000 -1.000000
vn 0.000000 0.000000 -1.000000
vn 0.000000 1.000000 0.000000
vn 0.000000 1.000000 0.000000
vn 0.000000 1.000000 0.000000
vn 0.000000 1.000000 0.000000
vn 0.000000 0.000000 1.000000
vn 0.000000 0.000000 1.000000
vn 0.000000 0.000000 1.000000
vn 0.000000 0.000000 1.000000
vn 0.000000 -1.000000 0.000000
vn 0.000000 -1.000000 0.000000
vn 0.000000 -1.000000 0.000000
vn 0.000000 -1.000000 0.000000
vn 0.000000 0.000000 -1.000000
vn 0.000000 0.000000 -1.000000
vn 0.000000 0.000000 -1.000000
vn 0.000000 0.000000 -1.000000
vn 1.000000 0.000000 0.000000
vn 1.000000 0.000000 0.000000
vn 1.000000 0.000001 0.000000
vn 1.000000 0.000001 0.000000
vn 0.511314 -0.464459 -0.723074
vn 0.511314 -0.464459 -0.723074
vn 0.511314 -0.464459 -0.723074
vn 0.523383 0.672395 0.523408
vn 0.523383 0.672395 0.523408
vn 0.523383 0.672395 0.523408
vn 0.511301 0.464447 -0.723091
vn 0.511301 0.464447 -0.723091
vn 0.511301 0.464447 -0.723091
vn 0.523401 0.672386 -0.523401
vn 0.523401 0.672386 -0.523401
vn 0.523401 0.672386 -0.523401
vn 0.523383 -0.672395 0.523408
vn 0.523383 -0.672395 0.523408
vn 0.523383 -0.672395 0.523408
vn 0.523401 -0.672386 -0.523401
vn 0.523401 -0.672386 -0.523401
vn 0.523401 -0.672386 -0.523401
vn 0.511289 0.464434 0.723108
vn 0.511289 0.464434 0.723108
vn 0.511289 0.464434 0.723108
vn 0.511285 -0.464452 0.723099
vn 0.511285 -0.464452 0.723099
vn 0.511285 -0.464452 0.723099
vn 0.000000 0.000000 1.000000
vn 0.000000 0.000000 1.000000
vn 0.000000 0.000000 1.000000
vn 0.000000 0.000000 1.000000
vn -0.000000 0.000000 -1.000000
vn -0.000000 0.000000 -1.000000
vn 0.000000 0.000000 -1.000000
vn 0.000000 0.000000 -1.000000
vn 1.000000 0.000000 0.000000
vn 1.000000 0.000000 0.000000
vn 1.000000 0.000000 0.000000
vn 1.000000 0.000000 0.000000
vn 0.000000 0.000000 1.000000
vn 0.000000 0.000000 1.000000
vn 0.000000 0.000000 1.000000
vn 0.000000 0.000000 1.000000
vn 0.996284 -0.031460 -0.080176
vn 0.997698 -0.050039 -0.045765
vn 0.990438 0.000000 -0.137960
vn 0.990438 0.000000 -0.137960
vn 0.996349 -0.032015 -0.079146
vn 0.997715 -0.050537 -0.044835
vn 0.990438 0.000000 -0.137956
vn 0.990438 0.000000 -0.137956
vn 0.000000 0.000000 -1.000000
vn 0.000000 0.000000 -1.000000
vn 0.000000 0.000000 -1.000000
vn 0.000000 0.000000 -1.000000
vn 0.000000 0.000000 1.000000
vn 0.000000 0.000000 1.000000
vn 0.000000 0.000000 1.000000
vn 0.000000 0.000000 1.000000
vn 0.000000 0.000000 -1.000000
vn 0.000000 0.000000 -1.000000
vn 0.000000 0.000000 -1.000000
vn 0.000000 0.000000 -1.000000
vn 0.000000 0.000000 1.000000
vn 0.000000 0.000000 1.000000
vn 0.000000 0.000000 1.000000
vn 0.000000 0.000000 1.000000
vn 0.000000 1.000000 0.000000
vn 0.000000 1.000000 0.000000
vn 0.000000 1.000000 0.000000
vn 0.000000 1.000000 0.000000
vn 0.996284 -0.031460 0.080175
vn 0.997698 -0.050039 0.045765
vn 0.996349 -0.032015 0.079146
vn 0.997715 -0.050538 0.044835
vn 0.000000 -1.000000 0.000000
vn 0.000000 -1.000000 0.000000
vn 0.000000 -1.000000 0.000000
vn 0.000000 -1.000000 0.000000
vn 0.000000 1.000000 0.000000
vn 0.000000 1.000000 0.000000
vn 0.000000 -1.000000 0.000000
vn 0.000000 -1.000000 0.000000
vn 0.000000 -1.000000 0.000000
vn 0.000000 -1.000000 0.000000
vn 0.000000 1.000000 0.000000
vn 0.000000 1.000000 0.000000
vn 0.000000 0.000000 -1.000000
vn 0.000000 0.000000 -1.000000
vn 0.000000 0.000000 -1.000000
vn 0.000000 0.000000 -1.000000
vn 0.000000 0.000000 -1.000000
vn 0.000000 0.000000 -1.000000
vn 0.000000 0.000000 -1.000000
vn 0.000000 0.000000 -1.000000
vn 0.000000 0.000000 -1.000000
vn 0.000000 0.000000 -1.000000
vn 0.000000 0.000000 -1.000000
vn 0.000000 0.000000 -1.000000
vn 0.990438 0.000000 0.137956
vn 0.990438 0.000000 0.137956
vn 0.000000 0.000000 1.000000
vn 0.000000 0.000000 1.000000
vn 0.000000 0.000000 1.000000
vn 0.000000 0.000000 1.000000
vn 0.990438 0.000000 0.137959
vn 0.990438 0.000000 0.137959
vn 0.000000 0.000000 1.000000
vn 0.000000 0.000000 1.000000
vn 0.000000 0.000000 1.000000
vn 0.000000 0.000000 1.000000
vn 1.000000 0.000000 0.000000
vn 1.000000 0.000000 0.000000
vn 1.000000 0.000000 0.000000
vn 1.000000 0.000000 0.000000
vn -0.000000 0.000000 1.000000
vn -0.000000 0.000000 1.000000
vn -0.000000 0.000000 1.000000
vn 0.000000 0.000000 1.000000
vn 0.000000 0.000000 1.000000
vn 0.000000 0.000000 -1.000000
vn 0.000000 0.000000 -1.000000
vn 0.000000 0.000000 -1.000000
vn 0.000000 0.000000 -1.000000
vn -0.000000 0.000000 -1.000000
vn -0.000000 0.000000 -1.000000
vn 0.000000 0.000000 -1.000000
vn 0.000000 0.000000 1.000000
vn 0.000000 0.000000 1.000000
vn 0.000000 0.000000 1.000000
vn 0.000000 0.000000 1.000000
vn 0.000000 0.000000 1.000000
vn 0.000000 0.000000 1.000000
vn 0.000000 0.000000 1.000000
vn 0.000000 0.000000 1.000000
vn 0.000000 0.999253 -0.038652
vn 0.000000 0.999253 -0.038652
vn 0.000000 0.999253 -0.038652
vn 0.000000 0.999253 -0.038652
vn 0.000000 0.000000 -1.000000
vn 0.000000 0.000000 -1.000000
vn 0.000000 0.000000 -1.000000
vn 0.000000 0.000000 -1.000000
vn 0.000000 -1.000000 0.000000
vn 0.000000 -1.000000 0.000000
vn 0.000000 -1.000000 0.000000
vn 0.000000 -1.000000 0.000000
vn 1.000000 0.000000 0.000000
vn 1.000000 0.000000 0.000000
vn 1.000000 0.000000 0.000000
vn 1.000000 0.000000 0.000000
vn -1.000000 0.000000 0.000000
vn -1.000000 0.000000 0.000000
vn -1.000000 0.000000 0.000000
vn -1.000000 0.000000 0.000000
vn 0.000000 0.000000 1.000000
vn 0.000000 0.000000 1.000000
vn 0.000000 0.999964 0.008444
vn 0.000000 0.999964 0.008444
vn 0.000000 0.999964 0.008444
vn 0.000000 0.999964 0.008444
vn 0.000000 0.000000 -1.000000
vn 0.000000 0.000000 -1.000000
vn 0.000000 -1.000000 0.000000
vn 0.000000 -1.000000 0.000000
vn 0.000000 -1.000000 0.000000
vn 0.000000 -1.000000 0.000000
vn 0.000000 0.000000 1.000000
vn 0.000000 0.000000 1.000000
vn 0.000000 0.000000 1.000000
vn 0.000000 0.000000 1.000000
vn 1.000000 0.000000 0.000000
vn 1.000000 0.000000 0.000000
vn 1.000000 0.000000 0.000000
vn 1.000000 0.000000 0.000000
vn -0.000000 0.000000 -1.000000
vn -0.000000 0.000000 -1.000000
vn -0.000000 0.000000 -1.000000
vn -0.000000 0.000000 -1.000000
vn -1.000000 0.000000 0.000000
vn -1.000000 0.000000 0.000000
vn -1.000000 0.000000 0.000000
vn -1.000000 0.000000 0.000000
vn -1.000000 0.000000 0.000000
vn 0.046423 0.000000 -0.998922
vn 0.046423 0.000000 -0.998922
vn 0.046423 0.000000 -0.998922
vn 0.046423 0.000000 -0.998922
vn 1.000000 0.000000 0.000000
vn 1.000000 0.000000 0.000000
vn 1.000000 0.000000 0.000000
vn 1.000000 0.000000 0.000000
vn 0.046423 0.000000 0.998922
vn 0.046423 0.000000 0.998922
vn 0.046423 0.000000 0.998922
vn 0.046423 0.000000 0.998922
vn -1.000000 0.000000 0.000000
vn -1.000000 0.000000 0.000000
vn 0.000000 0.000000 -1.000000
vn 0.000000 0.000000 -1.000000
vn 0.046423 0.000000 -0.998922
vn 0.046423 0.000000 -0.998922
vn 0.046423 0.000000 -0.998922
vn 0.046423 0.000000 -0.998922
vn 1.000000 0.000000 0.000000
vn 1.000000 0.000000 0.000000
vn 1.000000 0.000000 0.000000
vn 1.000000 0.000000 0.000000
vn 0.046423 0.000000 0.998922
vn 0.046423 0.000000 0.998922
vn 0.046423 0.000000 0.998922
vn 0.046423 0.000000 0.998922
vn 0.000000 0.000000 1.000000
vn 0.000000 0.000000 1.000000
vn 0.000000 0.000000 0.000000
vn 0.000000 0.000000 0.000000
vn 0.000000 0.000000 0.000000
vn 0.000000 0.000000 0.000000
vn 0.000000 0.000000 0.000000
vn 0.000000 0.000000 0.000000
vn 0.000000 0.000000 0.000000
vn 0.000000 0.000000 0.000000
vn 0.000000 0.000000 0.000000
vn 0.000000 0.000000 0.000000
vn 0.000000 0.000000 0.000000
vn 0.000000 0.000000 0.000000
vn 0.000000 0.000000 0.000000
vn 0.000000 0.000000 0.000000
vn 0.000000 0.000000 0.000000
vn 0.000000 0.000000 0.000000
vn -0.000000 0.000000 0.000000
vn -0.000000 0.000000 1.000000
vn -0.000000 0.000000 1.000000
vn -0.000000 0.000000 0.000000
vn 0.000000 0.000000 0.000000
vn 0.000000 0.000000 0.000000
vn 0.000000 0.000000 0.000000
vn 0.000000 0.000000 0.000000
vn 0.000000 0.000000 0.000000
vn 0.000000 0.000000 0.000000
vn 0.000000 0.000000 0.000000
vn 0.000000 0.000000 0.000000
vn 0.000000 0.000000 0.000000
vn 0.000000 0.000000 0.000000
vn 0.000000 0.000000 0.000000
vn 0.000000 0.000000 0.000000
vn 0.000000 0.000000 0.000000
vn 0.000000 0.000000 0.000000
vn 0.000000 0.000000 0.000000
vn 0.000000 0.000000 0.000000
vn 0.000000 0.000000 0.000000
vn 0.000000 0.000000 0.000000
vn 0.000000 0.000000 0.000000
vn 0.000000 0.000000 0.000000
vn 0.000000 0.000000 0.000000
vn 0.000000 0.000000 0.000000
vn 0.000000 0.000000 0.000000
vn 0.000000 0.000000 0.000000
vn 0.000000 0.000000 0.000000
vn 0.000000 0.000000 0.000000
vn 0.000000 0.000000 0.000000
vn 0.000000 0.000000 0.000000
vn 0.000000 0.000000 0.000000
vn 0.000000 0.000000 0.000000
vn 0.000000 0.000000 0.000000
vn 0.000000 0.000000 0.000000
vn 0.000000 0.000000 0.000000
vn 0.000000 0.000000 0.000000
vn 0.000000 0.000000 0.000000
vn 0.000000 0.000000 0.000000
vn 0.000000 0.000000 0.000000
vn 0.000000 0.000000 0.000000
vn 0.000000 0.000000 0.000000
vn 0.000000 0.000000 0.000000
vn 0.000000 0.000000 0.000000
vn 0.000000 0.000000 0.000000
vn 0.000000 0.000000 0.000000
vn 0.000000 0.000000 0.000000
vn 0.000000 0.000000 0.000000
vn 0.000000 0.000000 0.000000
vn 0.000000 0.000000 0.000000
vn 0.000000 0.000000 0.000000
vn 0.000000 0.000000 0.000000
vn 0.000000 0.000000 0.000000
vn 0.000000 0.000000 0.000000
vn 0.000000 0.000000 0.000000
vn 0.000000 0.000000 0.000000
vn 0.000000 0.000000 0.000000
vn 0.000000 0.000000 0.000000
vn 0.000000 0.000000 0.000000
vn 0.000000 0.000000 0.000000
vn 0.000000 0.000000 0.000000
vn 0.000000 0.000000 0.000000
vn -0.002146 -0.999606 0.027970
vn -0.009798 -0.999947 -0.003265
vn -0.009798 -0.999947 -0.003265
vn -0.002242 -0.999617 0.027578
vn -1.000000 0.000000 0.000000
vn -1.000000 0.000000 0.000000
vn -1.000000 0.000000 0.000000
vn -1.000000 0.000000 0.000000
vn 0.000000 1.000000 0.000000
vn 0.000000 0.999552 -0.029924
vn 0.000000 0.999563 -0.029550
vn 0.000000 1.000000 0.000000
vn 0.000000 -0.999589 0.028685
vn 0.000000 -0.999599 0.028325
vn 0.000000 0.999552 -0.029924
vn 0.000000 0.999563 -0.029550
vn 0.000000 -1.000000 0.000000
vn 0.000000 -1.000000 0.000000
vn 0.000000 1.000000 0.000001
vn 0.000000 1.000000 0.000001
vn -1.000000 0.000000 0.000000
vn -1.000000 0.000000 0.000000
vn -1.000000 0.000000 0.000000
vn -1.000000 0.000000 0.000000
vn 0.000000 -0.999971 -0.007686
vn 0.000000 -1.000000 -0.000000
vn 0.000000 -1.000000 -0.000000
vn 0.000000 -0.999971 -0.007588
vn -1.000000 0.000000 0.000000
vn -1.000000 0.000000 0.000000
vn -1.000000 0.000000 0.000000
vn -1.000000 0.000000 0.000000
vn 0.000000 1.000000 0.000001
vn 0.000000 0.999979 0.006536
vn 0.000000 0.999979 0.006453
vn 0.000000 1.000000 0.000001
vn 0.000000 -0.999971 -0.007686
vn 0.000000 -0.999971 -0.007588
vn 0.000000 0.999979 0.006536
vn 0.000000 0.999979 0.006453
vn -1.000000 0.000000 0.000000
vn -1.000000 0.000000 0.000000
vn -1.000000 0.000000 0.000000
vn -1.000000 0.000000 0.000000
vn 0.000000 -1.000000 0.000000
vn 0.000000 -1.000000 0.000000
vn 0.000000 1.000000 0.000000
vn 0.000000 1.000000 0.000000
vn 0.000000 0.000000 1.000000
vn 0.000000 0.000000 1.000000
vn 0.000000 0.000000 1.000000
vn 0.000000 0.000000 1.000000
vn 0.000000 -1.000000 0.000000
vn 0.000000 -1.000000 0.000000
vn 0.000000 -1.000000 0.000000
vn 0.000000 -1.000000 0.000000
vn 0.000000 0.000000 -1.000000
vn -0.000000 0.000000 -1.000000
vn -0.000000 0.000000 -1.000000
vn 0.000000 0.000000 -1.000000
vn 0.000000 -1.000000 0.000000
vn 0.000000 -1.000000 0.000000
vn 0.000000 1.000000 0.000000
vn 0.000000 1.000000 0.000000
vn 0.000000 1.000000 0.000000
vn 0.000000 1.000000 0.000000
vn 0.000000 0.000000 1.000000
vn 0.000000 0.000000 1.000000
vn 0.000000 0.000000 1.000000
vn 0.000000 0.000000 1.000000
vn 0.000000 0.000000 1.000000
vn 0.000000 0.000000 1.000000
vn 1.000000 0.000000 0.000000
vn 1.000000 0.000000 0.000000
vn 1.000000 0.000000 0.000000
vn 1.000000 0.000000 0.000000
vn 1.000000 0.000000 0.000000
vn 1.000000 0.000000 0.000000
vn 0.000000 0.000000 -1.000000
vn 0.000000 0.000000 -1.000000
vn 0.000000 0.000000 -1.000000
vn 0.000000 0.000000 -1.000000
vn -1.000000 0.000000 0.000000
vn -1.000000 0.000000 0.000000
vn -1.000000 0.000000 0.000000
vn -1.000000 0.000000 0.000000
vn 0.000000 -1.000000 -0.000001
vn 0.000000 -1.000000 -0.000000
vn 0.000000 -1.000000 -0.000000
vn 0.000000 -1.000000 -0.000001
vn 0.000000 -1.000000 0.000000
vn 0.000000 -1.000000 0.000000
vn 0.000000 -1.000000 0.000000
vn 0.000000 -1.000000 0.000000
vn 0.000000 -1.000000 0.000000
vn 0.000000 -1.000000 0.000000
vn -1.000000 0.000000 0.000000
vn -1.000000 0.000000 0.000000
vn -1.000000 0.000000 0.000000
vn -1.000000 0.000000 0.000000
vn 0.000000 -1.000000 0.000000
vn 0.000000 -1.000000 0.000000
vn 0.000000 -1.000000 0.000000
vn 0.000000 -1.000000 0.000000
vn 0.000000 -1.000000 0.000000
vn 0.000000 -1.000000 0.000000
vn 0.000000 1.000000 0.000000
vn 0.000000 1.000000 0.000000
vn 0.000000 1.000000 0.000000
vn 0.000000 1.000000 0.000000
vn -0.000000 0.000000 -1.000000
vn -0.000000 0.000000 -1.000000
vn 0.000000 0.000000 1.000000
vn 0.000000 0.000000 1.000000
vn 0.000000 0.000000 1.000000
vn 0.000000 0.000000 1.000000
vn 0.000000 1.000000 0.000000
vn 0.000000 1.000000 0.000000
vn 0.000000 1.000000 0.000000
vn 0.000000 1.000000 0.000000
vn 0.000000 0.000000 -1.000000
vn 0.000000 0.000000 -1.000000
vn 0.000000 0.000000 -1.000000
vn 0.000000 0.000000 -1.000000
vn 0.000000 -1.000000 0.000000
vn 0.000000 -1.000000 0.000000
vn 0.000000 -1.000000 0.000000
vn 0.000000 -1.000000 0.000000
vn 1.000000 0.000000 0.000000
vn 1.000000 0.000000 0.000000
vn 1.000000 0.000000 0.000000
vn 1.000000 0.000000 0.000000
vn -1.000000 0.000000 0.000000
vn -1.000000 0.000000 0.000000
vn -1.000000 0.000000 0.000000
vn -1.000000 0.000000 0.000000
vn 0.022278 0.000000 0.999752
vn 0.022278 0.000000 0.999752
vn 0.022278 0.000000 0.999752
vn 0.022278 0.000000 0.999752
vn 0.000000 1.000000 0.000000
vn 0.000000 1.000000 0.000000
vn 0.000000 1.000000 0.000000
vn 0.000000 1.000000 0.000000
vn 0.999951 0.000000 0.009887
vn 1.000000 0.000000 0.000000
vn 1.000000 0.000000 0.000000
vn 0.999951 0.000000 0.009887
vn 0.022278 0.000000 -0.999752
vn 0.022278 0.000000 -0.999752
vn 0.022278 0.000000 -0.999752
vn 0.022278 0.000000 -0.999752
vn 0.000000 1.000000 -0.000000
vn 0.000000 1.000000 -0.000000
vn 0.999951 0.000000 -0.009887
vn 0.999951 0.000000 -0.009887
vn 0.000000 1.000000 0.000000
vn 0.000000 1.000000 0.000000
vn 0.000000 1.000000 0.000000
vn 0.000000 1.000000 -0.000000
vn 0.000000 1.000000 -0.000001
vn 0.847551 0.530713 0.000000
vn 0.847551 0.530713 0.000000
vn 0.847551 0.530714 0.000000
vn 0.847551 0.530714 0.000000
vn -0.000000 0.000000 1.000000
vn -0.000000 0.000000 1.000000
vn 0.000000 0.000000 1.000000
vn 0.000000 0.000000 1.000000
vn -0.000000 0.000000 1.000000
vn -0.117969 -0.993017 0.000000
vn -0.117969 -0.993017 0.000000
vn -0.117969 -0.993017 0.000000
vn -0.117969 -0.993017 0.000000
vn 0.847551 0.530714 0.000000
vn 0.847551 0.530714 0.000000
vn 0.847551 0.530714 0.000000
vn 0.847551 0.530714 0.000000
vn 0.847551 0.530714 0.000000
vn 0.847551 0.530714 0.000000
vn 0.000001 0.000000 -1.000000
vn -0.000000 0.000000 -1.000000
vn -0.000000 0.000000 -1.000000
vn -0.000000 0.000000 -1.000000
vn 0.000001 0.000000 -1.000000
vn -0.117969 -0.993017 0.000000
vn -0.117969 -0.993017 0.000000
vn -0.117969 -0.993017 0.000000
vn -0.117969 -0.993017 0.000000
vn 0.847551 0.530714 0.000000
vn 0.847551 0.530714 0.000000
vn 0.847551 0.530714 0.000000
vn 0.847551 0.530714 0.000000
vn -0.323087 -0.946369 0.000000
vn -0.323087 -0.946369 0.000000
vn -0.323087 -0.946369 0.000000
vn -0.323087 -0.946369 0.000000
vn 0.000000 0.000000 1.000000
vn 0.000000 0.000000 1.000000
vn -0.569660 -0.821880 0.000000
vn -0.569660 -0.821880 0.000000
vn -0.569660 -0.821880 0.000000
vn -0.569660 -0.821880 0.000000
vn 0.000001 0.000000 -1.000000
vn 0.000001 0.000000 -1.000000
vn -0.569661 -0.821880 0.000000
vn -0.569661 -0.821880 0.000000
vn -0.569661 -0.821880 0.000000
vn -0.569661 -0.821880 0.000000
vn -0.323086 -0.946370 0.000000
vn -0.323086 -0.946370 0.000000
vn -0.323086 -0.946370 0.000000
vn -0.323086 -0.946370 0.000000
vn 0.000000 0.000000 1.000000
vn 0.000000 0.000000 1.000000
vn 0.000000 0.000000 1.000000
vn 0.000000 0.000000 1.000000
vn 0.000000 0.000000 1.000000
vn 0.000001 0.000000 1.000000
vn 0.000001 0.000000 1.000000
vn 0.000000 0.000000 1.000000
vn 0.000000 0.000000 -1.000000
vn 0.000000 0.000000 -1.000000
vn 0.000000 0.000000 -1.000000
vn 0.000000 0.000000 -1.000000
vn 0.000000 1.000000 0.000000
vn 0.000000 1.000000 0.000000
vn 0.000000 1.000000 0.000000
vn 0.000000 1.000000 0.000000
vn 0.000000 1.000000 0.000000
vn 0.000000 1.000000 0.000000
vn 0.000000 1.000000 0.000000
vn 0.000000 1.000000 0.000000
vn 0.000000 -1.000000 0.000000
vn 0.000000 -1.000000 0.000000
vn 0.000000 -1.000000 0.000000
vn 0.000000 -1.000000 0.000000
vn 1.000000 0.000000 0.000000
vn 1.000000 0.000000 0.000000
vn 1.000000 0.000000 0.000000
vn 1.000000 0.000000 0.000000
vn 0.000000 0.000000 1.000000
vn 0.000000 0.000000 1.000000
vn 0.000000 1.000000 0.000000
vn 0.000000 1.000000 0.000000
vn 0.000000 0.000000 -1.000000
vn 0.000000 0.000000 -1.000000
vn 0.000000 -1.000000 0.000000
vn 0.000000 -1.000000 0.000000
vn 0.000000 0.000000 1.000000
vn 0.000000 0.000000 1.000000
vn 1.000000 0.000000 0.000000
vn 1.000000 0.000000 0.000000
vn 1.000000 0.000000 0.000000
vn 1.000000 0.000000 0.000000
vn 0.000000 0.000000 -1.000000
vn 0.000000 0.000000 -1.000000
vn 0.000000 1.000000 0.000000
vn 0.000000 1.000000 0.000000
vn 1.000000 0.000000 0.000000
vn 1.000000 0.000000 0.000000
vn 1.000000 0.000000 0.000000
vn 1.000000 0.000000 0.000000
vn 1.000000 0.000000 0.000000
vn 1.000000 0.000000 0.000000
vn 1.000000 0.000000 0.000000
vn 1.000000 0.000000 0.000000
vn 0.000000 -1.000000 0.000000
vn 0.000000 -1.000000 0.000000
vn 0.000000 -1.000000 0.000000
vn 0.000000 -1.000000 0.000000
vn 0.000000 -1.000000 0.000000
vn 0.000000 -1.000000 0.000000
vn 0.000000 0.000000 -1.000000
vn 0.000004 0.000000 -1.000000
vn 0.000004 0.000000 -1.000000
vn 0.000000 0.000000 -1.000000
vn 0.740197 -0.672390 0.000000
vn 0.740197 -0.672390 0.000000
vn 0.740197 -0.672390 0.000000
vn 0.740197 -0.672390 0.000000
vn 0.707114 0.000000 -0.707100
vn 0.707114 0.000000 -0.707100
vn 0.707114 0.000000 -0.707100
vn 0.707114 0.000000 -0.707100
vn 0.707103 0.000000 0.707111
vn 0.707103 0.000000 0.707111
vn 0.707103 0.000000 0.707111
vn 0.707103 0.000000 0.707111
vn 0.707114 0.000000 -0.707100
vn 0.707114 0.000000 -0.707100
vn 0.707114 0.000000 -0.707100
vn 0.707114 0.000000 -0.707100
vn 0.740197 0.672390 0.000000
vn 0.740197 0.672390 0.000000
vn 0.740197 0.672390 0.000000
vn 0.740197 0.672390 0.000000
vn 0.707103 0.000000 0.707111
vn 0.707103 0.000000 0.707111
vn 0.707103 0.000000 0.707111
vn 0.707103 0.000000 0.707111
vn 0.740202 0.672385 0.000000
vn 0.740202 0.672385 0.000000
vn 0.740202 0.672385 0.000000
vn 0.740202 0.672385 0.000000
vn 0.740196 -0.672392 0.000000
vn 0.740196 -0.672392 0.000000
vn 0.740196 -0.672392 0.000000
vn 0.740196 -0.672392 0.000000
vn 0.707114 0.000000 -0.707100
vn 0.707114 0.000000 -0.707100
vn 0.707114 0.000000 -0.707100
vn 0.707114 0.000000 -0.707100
vn 0.740201 0.672386 0.000000
vn 0.740201 0.672386 0.000000
vn 0.740201 0.672386 0.000000
vn 0.740201 0.672386 0.000000
vn 0.707125 0.000000 0.707089
vn 0.707125 0.000000 0.707089
vn 0.707125 0.000000 0.707089
vn 0.707125 0.000000 0.707089
vn 0.707114 0.000000 -0.707100
vn 0.707114 0.000000 -0.707100
vn 0.707114 0.000000 -0.707100
vn 0.707114 0.000000 -0.707100
vn 0.740196 0.672392 0.000000
vn 0.740196 0.672392 0.000000
vn 0.740196 0.672392 0.000000
vn 0.740196 0.672392 0.000000
vn 0.707125 0.000000 0.707089
vn 0.707125 0.000000 0.707089
vn 0.707125 0.000000 0.707089
vn 0.707125 0.000000 0.707089
vn 0.740201 -0.672386 0.000000
vn 0.740201 -0.672386 0.000000
vn 0.740201 -0.672386 0.000000
vn 0.740201 -0.672386 0.000000
vn 0.740202 -0.672385 0.000000
vn 0.740202 -0.672385 0.000000
vn 0.740202 -0.672385 0.000000
vn 0.740202 -0.672385 0.000000
vn 0.707107 0.000000 -0.707107
vn 0.707107 0.000000 -0.707107
vn 0.707107 0.000000 -0.707107
vn 0.707107 0.000000 -0.707107
vn 0.740199 -0.672388 0.000000
vn 0.740199 -0.672388 0.000000
vn 0.740199 -0.672388 0.000000
vn 0.740199 -0.672388 0.000000
vn 0.740203 0.672384 0.000000
vn 0.740203 0.672384 0.000000
vn 0.740203 0.672384 0.000000
vn 0.740203 0.672384 0.000000
vn 0.707087 0.000000 0.707127
vn 0.707087 0.000000 0.707126
vn 0.707087 0.000000 0.707127
vn 0.707087 0.000000 0.707127
vn 0.707107 0.000000 -0.707107
vn 0.707107 0.000000 -0.707107
vn 0.707107 0.000000 -0.707107
vn 0.707107 0.000000 -0.707107
vn 0.740198 0.672389 0.000000
vn 0.740198 0.672389 0.000000
vn 0.740198 0.672389 0.000000
vn 0.740198 0.672389 0.000000
vn 0.740196 -0.672391 0.000000
vn 0.740196 -0.672391 0.000000
vn 0.740196 -0.672391 0.000000
vn 0.740196 -0.672391 0.000000
vn 0.707097 0.000000 0.707117
vn 0.707097 0.000000 0.707117
vn 0.707097 0.000000 0.707117
vn 0.707097 0.000000 0.707117
vn 1.000000 0.000000 0.000000
vn 1.000000 0.000000 0.000000
vn 1.000000 0.000000 0.000000
vn 1.000000 0.000000 0.000000
vn 1.000000 0.000000 0.000000
vn 1.000000 0.000001 0.000000
vn 1.000000 0.000001 0.000000
vn 1.000000 0.000000 0.000000
vn 1.000000 0.000000 0.000000
vn 1.000000 0.000000 0.000000
vn 1.000000 -0.000001 0.000000
vn 1.000000 0.000000 0.000000
vn 1.000000 0.000000 0.000000
vn 1.000000 0.000000 0.000000
vn 1.000000 0.000000 0.000000
vn 1.000000 0.000000 0.000000
vn 1.000000 0.000002 0.000000
vn 1.000000 0.000001 0.000000
vn 1.000000 0.000001 0.000000
vn 1.000000 0.000002 0.000000
vn 1.000000 0.000001 0.000000
vn 1.000000 0.000001 0.000000
vn 0.000000 -1.000000 0.000000
vn 0.000000 0.000000 1.000000
vn 1.000000 0.000000 0.000000
vn 1.000000 0.000000 0.000000
vn 1.000000 0.000000 0.000000
vn 0.000000 1.000000 0.000000
vn 1.000000 -0.000001 0.000000
vn 1.000000 -0.000002 0.000000
vn 1.000000 -0.000001 0.000000
vn 0.000000 0.000000 -1.000000
vn 0.000000 0.000000 1.000000
vn 1.000000 0.000001 0.000000
vn 1.000000 0.000001 0.000000
vn 1.000000 0.000000 0.000000
vn 0.000000 0.000000 -1.000000
vn 0.000000 1.000000 0.000000
vn 1.000000 0.000000 0.000000
vn 0.000000 -1.000000 0.000000
vn 0.000000 0.000000 -1.000000
vn 0.000000 0.000000 -1.000000
vn 0.000000 0.000000 -1.000000
vn 0.000000 0.000000 -1.000000
vn 0.000000 1.000000 0.000000
vn 0.000000 1.000000 0.000000
vn 0.000000 1.000000 0.000000
vn 0.000000 1.000000 0.000000
vn 0.000000 0.000000 1.000000
vn 0.000000 0.000000 1.000000
vn 0.000000 0.000000 1.000000
vn 0.000000 0.000000 1.000000
vn 0.000000 -1.000000 0.000000
vn 0.000000 -1.000000 0.000000
vn 0.000000 -1.000000 0.000000
vn 0.000000 -1.000000 0.000000
vn 0.000000 0.000000 -1.000000
vn 0.000000 0.000000 -1.000000
vn 0.000000 0.000000 -1.000000
vn 0.000000 0.000000 -1.000000
vn 0.000000 1.000000 0.000000
vn 0.000000 1.000000 0.000000
vn 0.000000 1.000000 0.000000
vn 0.000000 1.000000 0.000000
vn 0.000000 0.000000 1.000000
vn 0.000000 0.000000 1.000000
vn 0.000000 0.000000 1.000000
vn 0.000000 0.000000 1.000000
vn 0.000000 -1.000000 0.000000
vn 0.000000 -1.000000 0.000000
vn 0.000000 -1.000000 0.000000
vn 0.000000 -1.000000 0.000000
vn 0.000000 1.000000 0.000000
vn 0.000000 1.000000 0.000000
vn 0.000000 1.000000 0.000000
vn 0.000000 1.000000 0.000000
vn 0.000000 0.000000 1.000000
vn 0.000000 0.000000 1.000000
vn 0.000000 0.000000 1.000000
vn 0.000000 0.000000 1.000000
vn 0.000000 -1.000000 0.000000
vn 0.000000 -1.000000 0.000000
vn 0.000000 -1.000000 0.000000
vn 0.000000 -1.000000 0.000000
vn 0.000000 0.000000 -1.000000
vn 0.000000 0.000000 -1.000000
vn 0.000000 0.000000 -1.000000
vn 0.000000 0.000000 -1.000000
vn 0.000000 1.000000 0.000000
vn 0.000000 1.000000 0.000000
vn 0.000000 1.000000 0.000000
vn 0.000000 1.000000 0.000000
vn 0.000000 0.000000 1.000000
vn 0.000000 0.000000 1.000000
vn 0.000000 0.000000 1.000000
vn 0.000000 0.000000 1.000000
vn 0.000000 -1.000000 0.000000
vn 0.000000 -1.000000 0.000000
vn 0.000000 -1.000000 0.000000
vn 0.000000 -1.000000 0.000000
vn 0.000000 0.000000 -1.000000
vn 0.000000 0.000000 -1.000000
vn 0.000000 0.000000 -1.000000
vn 0.000000 0.000000 -1.000000
vn 1.000000 0.000000 0.000000
vn 1.000000 0.000000 0.000000
vn 1.000000 0.000001 0.000000
vn 1.000000 0.000001 0.000000
vn 0.511279 -0.464471 -0.723091
vn 0.511279 -0.464471 -0.723091
vn 0.511279 -0.464471 -0.723091
vn 0.523383 0.672395 0.523408
vn 0.523383 0.672395 0.523408
vn 0.523383 0.672395 0.523408
vn 0.511301 0.464447 -0.723091
vn 0.511301 0.464447 -0.723091
vn 0.511301 0.464447 -0.723091
vn 0.523419 0.672377 -0.523394
vn 0.523419 0.672377 -0.523394
vn 0.523419 0.672377 -0.523394
vn 0.523383 -0.672395 0.523408
vn 0.523383 -0.672395 0.523408
vn 0.523383 -0.672395 0.523408
vn 0.523419 -0.672377 -0.523394
vn 0.523419 -0.672377 -0.523394
vn 0.523419 -0.672377 -0.523394
vn 0.511236 0.464451 0.723134
vn 0.511236 0.464451 0.723134
vn 0.511236 0.464451 0.723134
vn 0.511285 -0.464452 0.723099
vn 0.511285 -0.464452 0.723099
vn 0.511285 -0.464452 0.723099
vn 1.000000 0.000000 0.000000
vn 1.000000 0.000000 0.000000
vn 1.000000 0.000000 0.000000
vn 1.000000 0.000000 0.000000
vn 1.000000 0.000000 0.000000
vn 1.000000 0.000000 0.000000
vn 1.000000 0.000000 0.000000
vn 1.000000 0.000000 0.000000
vn 1.000000 0.000000 0.000000
vn 1.000000 0.000000 0.000000
vn 1.000000 0.000000 0.000000
vn -0.000000 -0.798177 -0.602423
vn 0.000000 -0.798170 -0.602432
vn 0.000000 -0.798170 -0.602432
vn 0.000000 -0.798171 -0.602431
vn 0.000000 0.774760 0.632256
vn 0.000000 0.778298 0.627895
vn 0.000000 0.778298 0.627895
vn 0.000000 0.774760 0.632256
vn 0.000000 -0.865671 0.500613
vn 0.000000 -0.865671 0.500613
vn 0.000000 -0.865671 0.500613
vn 0.000000 -0.865671 0.500613
vn -0.000000 0.778298 0.627895
vn -0.000000 0.798174 0.602427
vn 0.000000 0.798174 0.602427
vn 0.000000 -0.798178 -0.602422
vn -0.000000 -0.798179 -0.602421
vn 1.000000 -0.000001 0.000000
vn 1.000000 -0.000001 0.000000
vn 0.000000 0.798177 0.602424
vn 1.000000 0.000000 0.000000
vn 1.000000 0.000000 0.000000
vn 1.000000 0.000000 0.000000
vn 1.000000 -0.000000 0.000000
vn 1.000000 -0.000000 0.000000
vn 1.000000 0.000000 0.000000
vn 1.000000 0.000000 0.000000
vn -0.000000 -0.798180 0.602419
vn 0.000000 -0.798172 0.602430
vn 0.000000 -0.798170 0.602432
vn 0.000000 -0.798170 0.602432
vn 0.000000 0.774761 -0.632254
vn 0.000000 0.774761 -0.632254
vn 0.000000 0.778299 -0.627894
vn 0.000000 0.778299 -0.627894
vn 0.000000 -0.865671 -0.500613
vn 0.000000 -0.865671 -0.500613
vn 0.000000 -0.865671 -0.500613
vn 0.000000 -0.865671 -0.500613
vn 0.000000 0.798175 -0.602426
vn -0.000000 0.798175 -0.602426
vn 0.000000 0.778298 -0.627895
vn -0.000000 -0.798183 0.602415
vn 0.000000 -0.798180 0.602419
vn 1.000000 -0.000002 0.000000
vn 1.000000 -0.000002 0.000000
vn 0.000000 0.798175 -0.602425
vn 0.000002 0.765786 0.643095
vn 0.000002 0.765786 0.643095
vn 0.000001 1.000000 0.000000
vn 0.000001 1.000000 0.000000
vn 0.000000 0.765787 -0.643094
vn 0.000000 0.765787 -0.643094
vn 1.000000 0.000000 0.000000
vn 0.000000 0.000000 0.000000
vn 1.000000 0.000000 0.000000
vn 1.000000 0.000000 0.000000
vn 1.000000 0.000000 0.000000
vn 1.000000 0.000000 0.000000
vn 0.000000 0.000000 1.000000
vn 0.000000 0.000000 1.000000
vn 0.000001 0.000000 1.000000
vn 0.000001 0.000000 1.000000
vn 0.000000 -1.000000 0.000000
vn 0.000000 -1.000000 0.000000
vn -0.000000 -1.000000 0.000000
vn -0.000000 -1.000000 0.000000
vn -0.000000 0.774760 0.632255
vn 0.000000 0.774760 0.632255
vn -0.000000 -0.865674 0.500608
vn -0.000000 -0.865674 0.500608
vn -0.000000 -0.865674 0.500608
vn -0.000000 -0.865674 0.500608
vn -0.000000 -0.798179 -0.602421
vn -0.000000 -0.798179 -0.602421
vn -0.000000 0.000000 -1.000000
vn -0.000000 0.000000 -1.000000
vn -0.000000 0.000000 -1.000000
vn -0.000000 0.000000 -1.000000
vn 0.000000 -1.000000 0.000000
vn -0.000000 -1.000000 0.000000
vn 0.000000 0.774761 -0.632254
vn 0.000000 0.774761 -0.632254
vn -0.000000 -0.865674 -0.500608
vn -0.000000 -0.865674 -0.500608
vn -0.000000 -0.865674 -0.500608
vn -0.000000 -0.865674 -0.500608
vn 0.000000 -0.798183 0.602415
vn 0.000000 -0.798183 0.602415
vn -0.000000 1.000000 -0.000000
vn 0.000000 0.765787 0.643095
vn 0.000000 0.765787 0.643095
vn 0.000000 1.000000 0.000000
vn -0.000000 0.765787 -0.643095
vn 0.000000 0.765787 -0.643095
vn 0.000000 0.000000 1.000000
vn 0.000000 0.000000 1.000000
vn 0.000000 0.000000 1.000000
vn 0.000000 0.000000 1.000000
vn 0.153410 0.988163 0.000000
vn 0.153410 0.988163 0.000000
vn 0.153410 0.988163 0.000000
vn 0.153410 0.988163 0.000000
vn 0.000000 0.000000 -1.000000
vn 0.000000 0.000000 -1.000000
vn 0.000000 0.000000 -1.000000
vn 0.000000 0.000000 -1.000000
vn -0.153410 -0.988163 0.000000
vn -0.153410 -0.988163 0.000000
vn -0.153410 -0.988163 0.000000
vn -0.153410 -0.988163 0.000000
vn 0.988163 -0.153410 0.000000
vn 0.988163 -0.153410 0.000000
vn 0.988163 -0.153410 0.000000
vn 0.988163 -0.153410 0.000000
vn -0.988163 0.153409 0.000000
vn -0.988163 0.153409 0.000000
vn -0.988163 0.153409 0.000000
vn -0.988163 0.153409 0.000000
vn 0.588313 0.808633 0.000000
vn 0.588313 0.808633 0.000000
vn 0.588313 0.808633 0.000000
vn 0.588313 0.808633 0.000000
vn 0.117969 0.993017 0.000000
vn 0.117969 0.993017 0.000000
vn 0.117969 0.993017 0.000000
vn 0.117969 0.993017 0.000000
vn 0.117969 0.993017 0.000000
vn 0.117969 0.993017 0.000000
vn 0.117969 0.993017 0.000000
vn 0.117969 0.993017 0.000000
vn 0.588313 0.808633 0.000000
vn 0.588313 0.808633 0.000000
vn 0.588313 0.808633 0.000000
vn 0.588313 0.808633 0.000000
vn 0.588313 0.808633 0.000000
vn 0.588313 0.808633 0.000000
vn 0.117969 0.993017 0.000000
vn 0.117969 0.993017 0.000000
vn 0.117969 0.993017 0.000000
vn 0.117969 0.993017 0.000000
vn 0.117969 0.993017 0.000000
vn 0.117969 0.993017 0.000000
vn 0.588313 0.808633 0.000000
vn 0.588313 0.808633 0.000000
vn 0.588313 0.808633 0.000000
vn 0.588313 0.808633 0.000000
vn 0.060848 0.998147 -0.000017
vn 0.060848 0.998147 -0.000017
vn 0.060832 0.998148 -0.000001
vn 0.060832 0.998148 -0.000001
vn -0.060830 -0.998148 -0.000001
vn -0.060830 -0.998148 -0.000001
vn -0.060825 -0.998149 -0.000002
vn -0.060825 -0.998148 -0.000002
vn 0.060828 0.998148 0.000003
vn 0.060828 0.998148 0.000003
vn 0.957746 -0.058367 -0.281631
vn 0.957744 -0.058367 -0.281638
vn 0.957744 -0.058367 -0.281638
vn 0.957744 -0.058366 -0.281637
vn 0.957746 -0.058367 -0.281631
vn 0.957746 -0.058361 -0.281631
vn 0.957745 -0.058360 -0.281635
vn 0.957744 -0.058361 -0.281638
vn 0.957744 -0.058361 -0.281638
vn 0.957746 -0.058361 -0.281631
vn -0.060824 -0.998149 -0.000002
vn -0.060824 -0.998149 -0.000002
vn -0.281110 0.017130 -0.959523
vn -0.281110 0.017131 -0.959523
vn -0.281105 0.017131 -0.959524
vn -0.281092 0.017130 -0.959528
vn -0.957745 0.058365 0.281635
vn -0.957745 0.058365 0.281635
vn -0.957745 0.058365 0.281635
vn -0.957745 0.058365 0.281635
vn 0.281097 -0.017132 0.959527
vn 0.281106 -0.017131 0.959524
vn 0.281107 -0.017131 0.959523
vn 0.281102 -0.017132 0.959525
vn 0.281108 -0.017131 0.959523
vn 0.281108 -0.017131 0.959523
vn 0.957743 -0.058365 -0.281641
vn 0.957744 -0.058367 -0.281639
vn 0.957744 -0.058367 -0.281638
vn 0.957743 -0.058366 -0.281640
vn 0.957744 -0.058367 -0.281636
vn 0.957744 -0.058369 -0.281636
vn 0.957744 -0.058366 -0.281637
vn -0.281108 0.017131 -0.959523
vn -0.281110 0.017131 -0.959523
vn -0.957745 0.058365 0.281635
vn -0.957745 0.058365 0.281635
vn -0.281105 0.017131 -0.959524
vn -0.281108 0.017131 -0.959523
vn 0.957747 -0.058365 -0.281629
vn 0.957746 -0.058364 -0.281633
vn -0.281091 0.017130 -0.959528
vn 0.281095 -0.017132 0.959527
vn 0.281106 -0.017131 0.959524
vn 0.957745 -0.058365 -0.281636
vn 0.957745 -0.058365 -0.281636
vn 0.957745 -0.058365 -0.281636
vn 0.281108 -0.017131 0.959523
vn 0.957744 -0.058364 -0.281639
vn -0.957745 0.058365 0.281635
vn -0.957745 0.058365 0.281635
vn 0.281101 -0.017132 0.959525
vn 0.281107 -0.017131 0.959524
vn 0.281108 -0.017131 0.959523
vn 0.957744 -0.058363 -0.281639
vn 0.957745 -0.058366 -0.281636
vn 0.957745 -0.058366 -0.281636
vn 0.957745 -0.058366 -0.281636
vn 0.957747 -0.058366 -0.281628
vn 0.957746 -0.058363 -0.281633
vn -0.281110 0.017131 -0.959523
vn -0.281110 0.017131 -0.959523
vn -0.281111 0.017130 -0.959522
vn 0.957745 -0.058365 -0.281636
vn 0.957745 -0.058365 -0.281636
vn 0.957745 -0.058365 -0.281636
vn 0.957745 -0.058365 -0.281636
vn 0.957745 -0.058365 -0.281636
vn 0.957745 -0.058365 -0.281636
vn 0.258378 0.604796 0.753302
vn 0.258378 0.604795 0.753302
vn 0.258378 0.604796 0.753302
vn 0.258378 0.604795 0.753302
vn -0.281121 0.017131 -0.959519
vn -0.281121 0.017131 -0.959519
vn -0.281121 0.017131 -0.959519
vn -0.281121 0.017131 -0.959519
vn -0.060828 -0.998148 0.000000
vn -0.060828 -0.998148 0.000000
vn -0.060828 -0.998148 0.000000
vn -0.060828 -0.998148 0.000000
vn 0.183023 -0.631696 0.753301
vn 0.183023 -0.631696 0.753301
vn 0.183023 -0.631696 0.753301
vn 0.183023 -0.631696 0.753301
vn 0.060827 0.998148 0.000001
vn 0.060827 0.998148 0.000001
vn 0.060827 0.998148 0.000001
vn 0.060827 0.998148 0.000001
vn -0.281121 0.017131 -0.959519
vn -0.281121 0.017131 -0.959519
vn -0.281121 0.017131 -0.959519
vn -0.281121 0.017131 -0.959519
vn -0.183018 0.631694 -0.753304
vn -0.183018 0.631694 -0.753304
vn -0.183018 0.631694 -0.753304
vn -0.183018 0.631694 -0.753304
vn -0.060828 -0.998148 -0.000002
vn -0.060828 -0.998148 -0.000002
vn -0.060828 -0.998148 -0.000002
vn -0.060828 -0.998148 -0.000002
vn 0.281101 -0.017131 0.959525
vn 0.281101 -0.017131 0.959525
vn 0.281101 -0.017131 0.959525
vn 0.281101 -0.017131 0.959525
vn 0.060828 0.998148 0.000000
vn 0.060828 0.998148 0.000000
vn 0.060828 0.998148 0.000000
vn 0.060828 0.998148 0.000000
vn -0.258372 -0.604797 -0.753303
vn -0.258372 -0.604797 -0.753302
vn -0.258372 -0.604797 -0.753302
vn -0.258372 -0.604797 -0.753302
vn 0.281101 -0.017131 0.959525
vn 0.281101 -0.017131 0.959525
vn 0.281101 -0.017131 0.959525
vn 0.281101 -0.017131 0.959525
vn -0.000000 0.000000 1.000000
vn 0.000000 0.000000 1.000000
vn 0.000000 0.000000 1.000000
vn -0.000000 0.000000 1.000000
vn 0.000000 0.000000 -1.000000
vn 0.000000 0.000000 -1.000000
vn 0.000000 0.000000 -1.000000
vn 0.000000 0.000000 -1.000000
vn 0.059555 0.998225 0.000000
vn 0.059555 0.998225 0.000000
vn 0.059555 0.998225 0.000000
vn 0.059555 0.998225 0.000000
vn -0.998226 0.059545 0.000000
vn -0.998226 0.059545 0.000000
vn -0.998226 0.059545 0.000000
vn -0.998226 0.059545 0.000000
vn -0.072503 -0.997368 0.000000
vn -0.072503 -0.997368 0.000000
vn -0.059557 -0.998225 0.000000
vn -0.059557 -0.998225 0.000000
vn 0.998225 -0.059554 0.000000
vn 0.998225 -0.059554 0.000000
vn 0.998225 -0.059554 0.000000
vn 0.998225 -0.059554 0.000000
vn 0.059555 0.998225 0.000000
vn 0.059555 0.998225 0.000000
vn -0.059556 -0.998225 0.000000
vn -0.142379 -0.989812 0.000000
vn 0.998225 -0.059552 0.000000
vn 0.998225 -0.059552 0.000000
vn -0.998225 0.059556 0.000000
vn -0.998225 0.059556 0.000000
vn -0.998225 0.059556 0.000000
vn -0.998225 0.059556 0.000000
vn -0.998225 0.059556 0.000000
vn -0.998225 0.059556 0.000000
vn -0.998225 0.059556 0.000000
vn -0.998225 0.059556 0.000000
vn -0.142379 -0.989812 0.000000
vn -0.059556 -0.998225 0.000000
vn 0.998225 -0.059552 0.000000
vn 0.998225 -0.059552 0.000000
vn 0.059555 0.998225 0.000000
vn 0.059555 0.998225 0.000000
vn 0.000000 0.000000 -1.000000
vn 0.000000 0.000000 -1.000000
vn 0.000000 0.000000 -1.000000
vn 0.000000 0.000000 -1.000000
vn -0.149922 -0.988698 0.000000
vn -0.149922 -0.988698 0.000000
vn -0.000000 0.000000 1.000000
vn -0.000000 0.000000 1.000000
vn 0.149922 0.988698 0.000000
vn 0.149922 0.988698 0.000000
vn 0.149922 0.988698 0.000000
vn 0.149922 0.988698 0.000000
vn -0.149922 -0.988698 0.000000
vn -0.149922 -0.988698 0.000000
vn 0.000000 0.000000 1.000000
vn 0.000000 0.000000 1.000000
vn 0.000000 0.000000 1.000000
vn 0.000000 0.000000 1.000000
vn 0.149922 0.988698 0.000000
vn 0.149922 0.988698 0.000000
vn 0.149922 0.988698 0.000000
vn 0.149922 0.988698 0.000000
vn 0.000000 0.000000 -1.000000
vn 0.000000 0.000000 -1.000000
vn 1.000000 -0.000001 0.000000
vn 1.000000 -0.000001 0.000000
vn 1.000000 -0.000001 0.000000
vn 1.000000 -0.000001 0.000000
vn 0.000000 0.000000 -1.000000
vn 0.000000 0.000000 -1.000000
vn 0.000000 0.000000 -1.000000
vn 0.000000 0.000000 -1.000000
vn -1.000000 0.000000 0.000000
vn -1.000000 0.000000 0.000000
vn -1.000000 0.000000 0.000000
vn -1.000000 0.000000 0.000000
vn 0.000000 0.000000 1.000000
vn 0.000000 0.000000 1.000000
vn 0.000000 0.000000 1.000000
vn 0.000000 0.000000 1.000000
vn 1.000000 -0.000001 0.000000
vn 1.000000 -0.000001 0.000000
vn 1.000000 -0.000001 0.000000
vn 1.000000 -0.000001 0.000000
vn 0.000000 0.000000 -1.000000
vn 0.000000 0.000000 -1.000000
vn 0.000000 0.000000 -1.000000
vn 0.000000 0.000000 -1.000000
vn -1.000000 0.000000 0.000000
vn -1.000000 0.000000 0.000000
vn -1.000000 0.000000 0.000000
vn -1.000000 0.000000 0.000000
vn 0.000000 0.000000 1.000000
vn 0.000000 0.000000 1.000000
vn 0.000000 0.000000 1.000000
vn 0.000000 0.000000 1.000000
vn 1.000000 0.000000 0.000000
vn 1.000000 0.000000 0.000000
vn 1.000000 0.000000 0.000000
vn 1.000000 0.000000 0.000000
vn 1.000000 0.000000 0.000000
vn 1.000000 0.000000 0.000000
vn 1.000000 0.000000 0.000000
vn 1.000000 0.000000 0.000000
vn 1.000000 0.000000 0.000000
vn 1.000000 0.000000 0.000000
vn 1.000000 0.000000 0.000000
vn -0.000000 -0.798177 -0.602423
vn 0.000000 -0.798170 -0.602432
vn 0.000000 -0.798170 -0.602432
vn 0.000000 -0.798171 -0.602431
vn 0.000000 0.774760 0.632256
vn 0.000000 0.778298 0.627895
vn 0.000000 0.778298 0.627895
vn 0.000000 0.774760 0.632256
vn 0.000000 -0.865671 0.500613
vn 0.000000 -0.865671 0.500613
vn 0.000000 -0.865671 0.500613
vn 0.000000 -0.865671 0.500613
vn -0.000000 0.778298 0.627895
vn 0.000000 0.798174 0.602427
vn 0.000000 0.798174 0.602427
vn 0.000000 -0.798178 -0.602422
vn -0.000000 -0.798179 -0.602421
vn 1.000000 -0.000001 0.000000
vn 1.000000 -0.000001 0.000000
vn 0.000000 0.798177 0.602424
vn 1.000000 0.000000 0.000000
vn 1.000000 0.000000 0.000000
vn 1.000000 0.000000 0.000000
vn 1.000000 0.000000 0.000000
vn 1.000000 0.000000 0.000000
vn 1.000000 0.000000 0.000000
vn 1.000000 0.000000 0.000000
vn -0.000000 -0.798180 0.602419
vn 0.000000 -0.798172 0.602430
vn 0.000000 -0.798170 0.602432
vn 0.000000 -0.798170 0.602432
vn 0.000000 0.774761 -0.632254
vn 0.000000 0.774761 -0.632254
vn 0.000000 0.778299 -0.627894
vn 0.000000 0.778299 -0.627894
vn 0.000000 -0.865672 -0.500611
vn 0.000000 -0.865672 -0.500611
vn 0.000000 -0.865672 -0.500611
vn 0.000000 -0.865672 -0.500611
vn 0.000000 0.798175 -0.602426
vn -0.000000 0.798175 -0.602426
vn -0.000000 0.778299 -0.627894
vn -0.000000 -0.798183 0.602416
vn 0.000000 -0.798180 0.602420
vn 1.000000 0.000000 0.000000
vn 1.000000 0.000000 0.000000
vn 0.000000 0.798176 -0.602425
vn 0.000002 0.765786 0.643095
vn 0.000002 0.765786 0.643095
vn 0.000002 1.000000 0.000000
vn 0.000002 1.000000 0.000000
vn 0.000002 0.765787 -0.643094
vn 0.000002 0.765787 -0.643094
vn 1.000000 0.000000 0.000000
vn 0.000000 0.000000 0.000000
vn 1.000000 0.000000 0.000000
vn 1.000000 0.000000 0.000000
vn 1.000000 0.000000 0.000000
vn 1.000000 0.000000 0.000000
vn 0.000000 0.000000 1.000000
vn 0.000000 0.000000 1.000000
vn 0.000001 0.000000 1.000000
vn 0.000001 0.000000 1.000000
vn 0.000000 -1.000000 0.000000
vn 0.000000 -1.000000 0.000000
vn -0.000000 -1.000000 0.000000
vn -0.000000 -1.000000 0.000000
vn -0.000000 0.774760 0.632255
vn 0.000000 0.774760 0.632255
vn 0.000000 -0.865674 0.500608
vn 0.000000 -0.865674 0.500608
vn -0.000000 -0.865674 0.500608
vn -0.000000 -0.865674 0.500608
vn 0.000000 -0.798179 -0.602421
vn 0.000000 -0.798179 -0.602421
vn -0.000000 0.000000 -1.000000
vn -0.000000 0.000000 -1.000000
vn -0.000000 0.000000 -1.000000
vn -0.000000 0.000000 -1.000000
vn 0.000000 -1.000000 0.000000
vn -0.000000 -1.000000 0.000000
vn 0.000000 0.774761 -0.632254
vn 0.000000 0.774761 -0.632254
vn 0.000000 -0.865675 -0.500606
vn 0.000000 -0.865675 -0.500606
vn -0.000000 -0.865675 -0.500606
vn -0.000000 -0.865675 -0.500606
vn 0.000000 -0.798183 0.602416
vn 0.000000 -0.798183 0.602415
vn 0.000000 1.000000 -0.000000
vn 0.000000 0.765787 0.643095
vn 0.000000 0.765787 0.643095
vn 0.000000 1.000000 0.000000
vn 0.000000 0.765787 -0.643095
vn 0.000000 0.765787 -0.643095
vn 0.000000 0.000000 1.000000
vn 0.000000 0.000000 1.000000
vn -0.000000 0.000000 1.000000
vn -0.000000 0.000000 1.000000
vn -0.000000 0.000000 1.000000
vn -0.000001 0.000000 1.000000
vn -0.000001 0.000000 1.000000
vn -0.000000 0.000000 1.000000
vn -0.000000 0.000000 -1.000000
vn -0.000000 0.000000 -1.000000
vn 0.000000 0.000000 -1.000000
vn 0.000000 0.000000 -1.000000
vn 0.000000 1.000000 0.000000
vn 0.000000 1.000000 0.000000
vn 0.000000 1.000000 0.000000
vn 0.000000 1.000000 0.000000
vn 0.000000 1.000000 0.000000
vn 0.000000 1.000000 0.000000
vn 0.000000 1.000000 0.000000
vn 0.000000 1.000000 0.000000
vn 0.000000 -1.000000 0.000000
vn 0.000000 -1.000000 0.000000
vn 0.000000 -1.000000 0.000000
vn 0.000000 -1.000000 0.000000
vn 1.000000 0.000000 0.000000
vn 1.000000 0.000000 0.000000
vn 1.000000 0.000000 0.000000
vn 1.000000 0.000000 0.000000
vn 0.000000 0.000000 1.000000
vn 0.000000 0.000000 1.000000
vn 0.000000 1.000000 0.000000
vn 0.000000 1.000000 0.000000
vn 0.000000 0.000000 -1.000000
vn 0.000000 0.000000 -1.000000
vn 0.000000 -1.000000 0.000000
vn 0.000000 -1.000000 0.000000
vn 0.000000 0.000000 1.000000
vn 0.000000 0.000000 1.000000
vn 1.000000 0.000000 0.000000
vn 1.000000 0.000000 0.000000
vn 1.000000 0.000000 0.000000
vn 1.000000 0.000000 0.000000
vn 0.000000 0.000000 -1.000000
vn 0.000000 0.000000 -1.000000
vn 0.000000 1.000000 0.000000
vn 0.000000 1.000000 0.000000
vn 1.000000 0.000000 0.000000
vn 1.000000 0.000000 0.000000
vn 1.000000 0.000000 0.000000
vn 1.000000 0.000000 0.000000
vn 1.000000 0.000000 0.000000
vn 1.000000 0.000000 0.000000
vn 1.000000 0.000000 0.000000
vn 1.000000 0.000000 0.000000
vn 0.000000 -1.000000 0.000000
vn 0.000000 -1.000000 0.000000
vn 0.000000 -1.000000 0.000000
vn 0.000000 -1.000000 0.000000
vn 0.000000 -1.000000 0.000000
vn 0.000000 -1.000000 0.000000
vn -0.000001 0.000000 -1.000000
vn -0.000007 0.000000 -1.000000
vn -0.000007 0.000000 -1.000000
vn -0.000001 0.000000 -1.000000
vn 0.634795 -0.772680 0.000000
vn 0.634795 -0.772681 0.000000
vn 0.634795 -0.772681 0.000000
vn 0.634795 -0.772680 0.000000
vn 0.707108 0.000000 -0.707105
vn 0.707108 0.000000 -0.707105
vn 0.707108 0.000000 -0.707105
vn 0.707108 0.000000 -0.707105
vn 0.707097 0.000000 0.707116
vn 0.707097 0.000000 0.707116
vn 0.707097 0.000000 0.707116
vn 0.707097 0.000000 0.707116
vn 0.707097 0.000000 -0.707116
vn 0.707097 0.000000 -0.707117
vn 0.707097 0.000000 -0.707116
vn 0.707097 0.000000 -0.707116
vn 0.634795 0.772681 0.000000
vn 0.634795 0.772680 0.000000
vn 0.634795 0.772680 0.000000
vn 0.634795 0.772681 0.000000
vn 0.707097 0.000000 0.707116
vn 0.707097 0.000000 0.707116
vn 0.707097 0.000000 0.707116
vn 0.707097 0.000000 0.707116
vn 0.634814 0.772665 0.000000
vn 0.634814 0.772665 0.000000
vn 0.634814 0.772665 0.000000
vn 0.634814 0.772665 0.000000
vn 0.634801 -0.772676 0.000000
vn 0.634801 -0.772676 0.000000
vn 0.634801 -0.772676 0.000000
vn 0.634801 -0.772676 0.000000
vn 0.707108 0.000000 -0.707105
vn 0.707108 0.000000 -0.707105
vn 0.707108 0.000000 -0.707105
vn 0.707108 0.000000 -0.707105
vn 0.634819 0.772661 0.000000
vn 0.634819 0.772661 0.000000
vn 0.634819 0.772661 0.000000
vn 0.634819 0.772661 0.000000
vn 0.707129 0.000000 0.707084
vn 0.707129 0.000000 0.707084
vn 0.707129 0.000000 0.707084
vn 0.707129 0.000000 0.707084
vn 0.707108 0.000000 -0.707106
vn 0.707108 0.000000 -0.707106
vn 0.707108 0.000000 -0.707106
vn 0.707108 0.000000 -0.707106
vn 0.634801 0.772676 0.000000
vn 0.634801 0.772676 0.000000
vn 0.634801 0.772676 0.000000
vn 0.634801 0.772676 0.000000
vn 0.707129 0.000000 0.707084
vn 0.707129 0.000000 0.707084
vn 0.707129 0.000000 0.707084
vn 0.707129 0.000000 0.707084
vn 0.634819 -0.772661 0.000000
vn 0.634819 -0.772661 0.000000
vn 0.634819 -0.772661 0.000000
vn 0.634819 -0.772661 0.000000
vn 0.634814 -0.772665 0.000000
vn 0.634814 -0.772665 0.000000
vn 0.634814 -0.772665 0.000000
vn 0.634814 -0.772665 0.000000
vn 0.707128 0.000000 -0.707085
vn 0.707128 0.000000 -0.707085
vn 0.707128 0.000000 -0.707085
vn 0.707128 0.000000 -0.707085
vn 0.634819 -0.772661 0.000000
vn 0.634819 -0.772661 0.000000
vn 0.634819 -0.772661 0.000000
vn 0.634819 -0.772661 0.000000
vn 0.634815 0.772664 0.000000
vn 0.634815 0.772664 0.000000
vn 0.634815 0.772664 0.000000
vn 0.634815 0.772664 0.000000
vn 0.707099 0.000000 0.707115
vn 0.707098 0.000000 0.707115
vn 0.707099 0.000000 0.707115
vn 0.707099 0.000000 0.707115
vn 0.707108 0.000000 -0.707105
vn 0.707108 0.000000 -0.707105
vn 0.707108 0.000000 -0.707105
vn 0.707108 0.000000 -0.707105
vn 0.634819 0.772661 0.000000
vn 0.634819 0.772661 0.000000
vn 0.634819 0.772661 0.000000
vn 0.634819 0.772661 0.000000
vn 0.634815 -0.772664 0.000000
vn 0.634815 -0.772664 0.000000
vn 0.634815 -0.772664 0.000000
vn 0.634815 -0.772664 0.000000
vn 0.707089 0.000000 0.707125
vn 0.707089 0.000000 0.707125
vn 0.707089 0.000000 0.707125
vn 0.707089 0.000000 0.707125
vn 1.000000 0.000000 0.000000
vn 1.000000 0.000000 0.000000
vn 1.000000 0.000000 0.000000
vn 1.000000 0.000000 0.000000
vn 1.000000 0.000000 0.000000
vn 1.000000 -0.000002 0.000000
vn 1.000000 0.000000 0.000000
vn 1.000000 0.000000 0.000000
vn 1.000000 0.000000 0.000000
vn 1.000000 0.000000 0.000000
vn 1.000000 0.000001 0.000000
vn 1.000000 0.000002 0.000000
vn 1.000000 0.000000 0.000000
vn 1.000000 0.000000 0.000000
vn 1.000000 0.000000 0.000000
vn 1.000000 0.000000 0.000000
vn 1.000000 -0.000003 0.000000
vn 1.000000 0.000001 0.000000
vn 1.000000 0.000001 0.000000
vn 1.000000 0.000000 0.000000
vn 1.000000 0.000000 0.000000
vn 1.000000 0.000000 0.000000
vn 0.000000 -1.000000 0.000000
vn 0.000000 0.000000 1.000000
vn 1.000000 0.000001 0.000000
vn 1.000000 0.000000 0.000000
vn 1.000000 0.000002 0.000000
vn 0.000000 1.000000 0.000000
vn 1.000000 0.000000 0.000000
vn 1.000000 0.000001 0.000000
vn 1.000000 0.000000 0.000000
vn 0.000000 0.000000 -1.000000
vn 0.000000 0.000000 1.000000
vn 1.000000 -0.000001 0.000000
vn 1.000000 -0.000002 0.000000
vn 1.000000 0.000000 0.000000
vn 0.000000 0.000000 -1.000000
vn 0.000000 1.000000 0.000000
vn 1.000000 0.000003 0.000000
vn 0.000000 -1.000000 0.000000
vn 0.000000 0.000000 -1.000000
vn 0.000000 0.000000 -1.000000
vn 0.000000 0.000000 -1.000000
vn 0.000000 0.000000 -1.000000
vn 0.000000 1.000000 0.000000
vn 0.000000 1.000000 0.000000
vn 0.000000 1.000000 0.000000
vn 0.000000 1.000000 0.000000
vn 0.000000 0.000000 1.000000
vn 0.000000 0.000000 1.000000
vn 0.000000 0.000000 1.000000
vn 0.000000 0.000000 1.000000
vn 0.000000 -1.000000 0.000000
vn 0.000000 -1.000000 0.000000
vn 0.000000 -1.000000 0.000000
vn 0.000000 -1.000000 0.000000
vn 0.000000 0.000000 -1.000000
vn 0.000000 0.000000 -1.000000
vn 0.000000 0.000000 -1.000000
vn 0.000000 0.000000 -1.000000
vn 0.000000 1.000000 0.000000
vn 0.000000 1.000000 0.000000
vn 0.000000 1.000000 0.000000
vn 0.000000 1.000000 0.000000
vn 0.000000 0.000000 1.000000
vn 0.000000 0.000000 1.000000
vn 0.000000 0.000000 1.000000
vn 0.000000 0.000000 1.000000
vn 0.000000 -1.000000 0.000000
vn 0.000000 -1.000000 0.000000
vn 0.000000 -1.000000 0.000000
vn 0.000000 -1.000000 0.000000
vn 0.000000 1.000000 0.000000
vn 0.000000 1.000000 0.000000
vn 0.000000 1.000000 0.000000
vn 0.000000 1.000000 0.000000
vn 0.000000 0.000000 1.000000
vn 0.000000 0.000000 1.000000
vn 0.000000 0.000000 1.000000
vn 0.000000 0.000000 1.000000
vn 0.000000 -1.000000 0.000000
vn 0.000000 -1.000000 0.000000
vn 0.000000 -1.000000 0.000000
vn 0.000000 -1.000000 0.000000
vn 0.000000 0.000000 -1.000000
vn 0.000000 0.000000 -1.000000
vn 0.000000 0.000000 -1.000000
vn 0.000000 0.000000 -1.000000
vn 0.000000 1.000000 0.000000
vn 0.000000 1.000000 0.000000
vn 0.000000 1.000000 0.000000
vn 0.000000 1.000000 0.000000
vn 0.000000 0.000000 1.000000
vn 0.000000 0.000000 1.000000
vn 0.000000 0.000000 1.000000
vn 0.000000 0.000000 1.000000
vn 0.000000 -1.000000 0.000000
vn 0.000000 -1.000000 0.000000
vn 0.000000 -1.000000 0.000000
vn 0.000000 -1.000000 0.000000
vn 0.000000 0.000000 -1.000000
vn 0.000000 0.000000 -1.000000
vn 0.000000 0.000000 -1.000000
vn 0.000000 0.000000 -1.000000
vn 1.000000 0.000000 0.000000
vn 1.000000 0.000000 0.000000
vn 1.000000 0.000001 0.000000
vn 1.000000 0.000001 0.000000
vn 0.472400 -0.574940 -0.668043
vn 0.472400 -0.574940 -0.668043
vn 0.472400 -0.574940 -0.668043
vn 0.448850 0.772689 0.448871
vn 0.448850 0.772689 0.448871
vn 0.448850 0.772689 0.448871
vn 0.472400 0.574940 -0.668043
vn 0.472400 0.574940 -0.668043
vn 0.472400 0.574940 -0.668043
vn 0.448859 0.772691 -0.448859
vn 0.448859 0.772691 -0.448859
vn 0.448859 0.772691 -0.448859
vn 0.448833 -0.772661 0.448936
vn 0.448834 -0.772661 0.448936
vn 0.448833 -0.772661 0.448936
vn 0.448843 -0.772662 -0.448925
vn 0.448843 -0.772662 -0.448925
vn 0.448843 -0.772662 -0.448925
vn 0.472406 0.574925 0.668052
vn 0.472406 0.574925 0.668052
vn 0.472406 0.574925 0.668052
vn 0.472406 -0.574925 0.668052
vn 0.472406 -0.574925 0.668052
vn 0.472406 -0.574925 0.668052
vn 0.000000 0.000000 1.000000
vn 0.000000 0.000000 1.000000
vn 0.000000 0.000000 1.000000
vn 0.000000 0.000000 1.000000
vn 0.153410 0.988163 0.000000
vn 0.153410 0.988163 0.000000
vn 0.153410 0.988163 0.000000
vn 0.153410 0.988163 0.000000
vn -0.000000 0.000000 -1.000000
vn -0.000000 0.000000 -1.000000
vn -0.000000 0.000000 -1.000000
vn -0.000000 0.000000 -1.000000
vn -0.153410 -0.988163 0.000000
vn -0.153410 -0.988163 0.000000
vn -0.153410 -0.988163 0.000000
vn -0.153410 -0.988163 0.000000
vn 0.988163 -0.153410 0.000000
vn 0.988163 -0.153410 0.000000
vn 0.988163 -0.153410 0.000000
vn 0.988163 -0.153410 0.000000
vn -0.988163 0.153409 0.000000
vn -0.988163 0.153409 0.000000
vn -0.988163 0.153409 0.000000
vn -0.988163 0.153409 0.000000
vn 0.000000 0.000000 1.000000
vn 0.000000 0.000000 1.000000
vn 0.000000 0.000000 1.000000
vn 0.000000 0.000000 1.000000
vn 0.153410 0.988163 0.000000
vn 0.153410 0.988163 0.000000
vn 0.153410 0.988163 0.000000
vn 0.153410 0.988163 0.000000
vn 0.000000 0.000000 -1.000000
vn 0.000000 0.000000 -1.000000
vn 0.000000 0.000000 -1.000000
vn 0.000000 0.000000 -1.000000
vn -0.153410 -0.988163 0.000000
vn -0.153410 -0.988163 0.000000
vn -0.153410 -0.988163 0.000000
vn -0.153410 -0.988163 0.000000
vn 0.988163 -0.153410 0.000000
vn 0.988163 -0.153410 0.000000
vn 0.988163 -0.153410 0.000000
vn 0.988163 -0.153410 0.000000
vn -0.988163 0.153408 0.000000
vn -0.988163 0.153408 0.000000
vn -0.988163 0.153408 0.000000
vn -0.988163 0.153408 0.000000
vn 0.000000 0.000000 1.000000
vn 0.000000 0.000000 1.000000
vn 0.000000 0.000000 1.000000
vn 0.000000 0.000000 1.000000
vn 0.153410 0.988163 0.000000
vn 0.153410 0.988163 0.000000
vn 0.153410 0.988163 0.000000
vn 0.153410 0.988163 0.000000
vn 0.000000 0.000000 -1.000000
vn 0.000000 0.000000 -1.000000
vn 0.000000 0.000000 -1.000000
vn 0.000000 0.000000 -1.000000
vn -0.153410 -0.988163 0.000000
vn -0.153410 -0.988163 0.000000
vn -0.153410 -0.988163 0.000000
vn -0.153410 -0.988163 0.000000
vn 0.988163 -0.153410 0.000000
vn 0.988163 -0.153410 0.000000
vn 0.988163 -0.153410 0.000000
vn 0.988163 -0.153410 0.000000
vn -0.988163 0.153409 0.000000
vn -0.988163 0.153409 0.000000
vn -0.988163 0.153409 0.000000
vn -0.988163 0.153409 0.000000
vn 0.000000 0.000000 1.000000
vn 0.000000 0.000000 1.000000
vn -0.000000 0.000000 1.000000
vn -0.000000 0.000000 1.000000
vn -0.000000 0.000000 1.000000
vn -0.000002 0.000000 1.000000
vn -0.000002 0.000000 1.000000
vn -0.000000 0.000000 1.000000
vn 0.000000 0.000000 -1.000000
vn 0.000000 0.000000 -1.000000
vn 0.000000 0.000000 -1.000000
vn 0.000000 0.000000 -1.000000
vn 0.000000 1.000000 0.000000
vn 0.000000 1.000000 0.000000
vn 0.000000 1.000000 0.000000
vn 0.000000 1.000000 0.000000
vn 0.000000 1.000000 0.000000
vn 0.000000 1.000000 0.000000
vn 0.000000 1.000000 0.000000
vn 0.000000 1.000000 0.000000
vn 0.000000 -1.000000 0.000000
vn 0.000000 -1.000000 0.000000
vn 0.000000 -1.000000 0.000000
vn 0.000000 -1.000000 0.000000
vn 1.000000 0.000000 0.000000
vn 1.000000 0.000000 0.000000
vn 1.000000 0.000000 0.000000
vn 1.000000 0.000000 0.000000
vn 0.000000 0.000000 1.000000
vn 0.000000 0.000000 1.000000
vn 0.000000 1.000000 0.000000
vn 0.000000 1.000000 0.000000
vn 0.000000 0.000000 -1.000000
vn 0.000000 0.000000 -1.000000
vn 0.000000 -1.000000 0.000000
vn 0.000000 -1.000000 0.000000
vn 0.000000 0.000000 1.000000
vn 0.000000 0.000000 1.000000
vn 1.000000 0.000000 0.000000
vn 1.000000 0.000000 0.000000
vn 1.000000 0.000000 0.000000
vn 1.000000 0.000000 0.000000
vn 0.000000 0.000000 -1.000000
vn 0.000000 0.000000 -1.000000
vn 0.000000 1.000000 0.000000
vn 0.000000 1.000000 0.000000
vn 1.000000 0.000000 0.000000
vn 1.000000 0.000000 0.000000
vn 1.000000 0.000000 0.000000
vn 1.000000 0.000000 0.000000
vn 1.000000 0.000000 0.000000
vn 1.000000 0.000000 0.000000
vn 1.000000 0.000000 0.000000
vn 1.000000 0.000000 0.000000
vn 0.000000 -1.000000 0.000000
vn 0.000000 -1.000000 0.000000
vn 0.000000 -1.000000 0.000000
vn 0.000000 -1.000000 0.000000
vn 0.000000 -1.000000 0.000000
vn 0.000000 -1.000000 0.000000
vn 0.000000 0.000000 -1.000000
vn 0.000000 0.000000 -1.000000
vn 0.000000 0.000000 -1.000000
vn 0.000000 0.000000 -1.000000
vn 0.740197 -0.672390 0.000000
vn 0.740197 -0.672390 0.000000
vn 0.740197 -0.672390 0.000000
vn 0.740197 -0.672390 0.000000
vn 0.707103 0.000000 -0.707111
vn 0.707103 0.000000 -0.707111
vn 0.707103 0.000000 -0.707111
vn 0.707103 0.000000 -0.707111
vn 0.707103 0.000000 0.707111
vn 0.707103 0.000000 0.707111
vn 0.707103 0.000000 0.707111
vn 0.707103 0.000000 0.707111
vn 0.707103 0.000000 -0.707111
vn 0.707103 0.000000 -0.707111
vn 0.707103 0.000000 -0.707111
vn 0.707103 0.000000 -0.707111
vn 0.740197 0.672390 0.000000
vn 0.740197 0.672390 0.000000
vn 0.740197 0.672390 0.000000
vn 0.740197 0.672390 0.000000
vn 0.707103 0.000000 0.707111
vn 0.707103 0.000000 0.707111
vn 0.707103 0.000000 0.707111
vn 0.707103 0.000000 0.707111
vn 0.740202 0.672384 0.000000
vn 0.740202 0.672384 0.000000
vn 0.740202 0.672384 0.000000
vn 0.740202 0.672384 0.000000
vn 0.740196 -0.672391 0.000000
vn 0.740196 -0.672391 0.000000
vn 0.740196 -0.672391 0.000000
vn 0.740196 -0.672391 0.000000
vn 0.707103 0.000000 -0.707111
vn 0.707103 0.000000 -0.707111
vn 0.707103 0.000000 -0.707111
vn 0.707103 0.000000 -0.707111
vn 0.740201 0.672386 0.000000
vn 0.740201 0.672386 0.000000
vn 0.740201 0.672386 0.000000
vn 0.740201 0.672386 0.000000
vn 0.707119 0.000000 0.707094
vn 0.707119 0.000000 0.707094
vn 0.707119 0.000000 0.707094
vn 0.707119 0.000000 0.707094
vn 0.707103 0.000000 -0.707111
vn 0.707103 0.000000 -0.707111
vn 0.707103 0.000000 -0.707111
vn 0.707103 0.000000 -0.707111
vn 0.740196 0.672391 0.000000
vn 0.740196 0.672391 0.000000
vn 0.740196 0.672391 0.000000
vn 0.740196 0.672391 0.000000
vn 0.707119 0.000000 0.707094
vn 0.707119 0.000000 0.707094
vn 0.707119 0.000000 0.707094
vn 0.707119 0.000000 0.707094
vn 0.740201 -0.672386 0.000000
vn 0.740201 -0.672386 0.000000
vn 0.740201 -0.672386 0.000000
vn 0.740201 -0.672386 0.000000
vn 0.740202 -0.672384 0.000000
vn 0.740202 -0.672384 0.000000
vn 0.740202 -0.672384 0.000000
vn 0.740202 -0.672384 0.000000
vn 0.707102 0.000000 -0.707112
vn 0.707102 0.000000 -0.707112
vn 0.707102 0.000000 -0.707112
vn 0.707102 0.000000 -0.707112
vn 0.740206 -0.672380 0.000000
vn 0.740206 -0.672380 0.000000
vn 0.740206 -0.672380 0.000000
vn 0.740206 -0.672380 0.000000
vn 0.740196 0.672392 0.000000
vn 0.740196 0.672392 0.000000
vn 0.740196 0.672392 0.000000
vn 0.740196 0.672392 0.000000
vn 0.707107 0.000000 0.707107
vn 0.707107 0.000000 0.707107
vn 0.707107 0.000000 0.707107
vn 0.707107 0.000000 0.707107
vn 0.707097 0.000000 -0.707117
vn 0.707097 0.000000 -0.707117
vn 0.707097 0.000000 -0.707117
vn 0.707097 0.000000 -0.707117
vn 0.740205 0.672381 0.000000
vn 0.740205 0.672381 0.000000
vn 0.740205 0.672381 0.000000
vn 0.740205 0.672381 0.000000
vn 0.740197 -0.672390 0.000000
vn 0.740197 -0.672390 0.000000
vn 0.740197 -0.672390 0.000000
vn 0.740197 -0.672390 0.000000
vn 0.707097 0.000000 0.707117
vn 0.707097 0.000000 0.707117
vn 0.707097 0.000000 0.707117
vn 0.707097 0.000000 0.707117
vn 1.000000 0.000000 0.000000
vn 1.000000 0.000000 0.000000
vn 1.000000 0.000000 0.000000
vn 1.000000 0.000000 0.000000
vn 1.000000 0.000000 0.000000
vn 1.000000 0.000001 0.000000
vn 1.000000 0.000000 0.000000
vn 1.000000 0.000000 0.000000
vn 1.000000 0.000000 0.000000
vn 1.000000 0.000000 0.000000
vn 1.000000 -0.000000 0.000000
vn 1.000000 0.000000 0.000000
vn 1.000000 0.000000 0.000000
vn 1.000000 0.000000 0.000000
vn 1.000000 0.000000 0.000000
vn 1.000000 0.000000 0.000000
vn 1.000000 0.000002 0.000000
vn 1.000000 0.000001 0.000000
vn 1.000000 0.000001 0.000000
vn 1.000000 0.000000 0.000000
vn 1.000000 0.000000 0.000000
vn 1.000000 0.000000 0.000000
vn 0.000000 -1.000000 0.000000
vn 0.000000 0.000000 1.000000
vn 1.000000 0.000000 0.000000
vn 1.000000 0.000000 0.000000
vn 1.000000 0.000000 0.000000
vn 0.000000 1.000000 0.000000
vn 1.000000 -0.000000 0.000000
vn 1.000000 -0.000000 0.000000
vn 1.000000 -0.000000 0.000000
vn 0.000000 0.000000 -1.000000
vn 0.000000 0.000000 1.000000
vn 1.000000 0.000001 0.000000
vn 1.000000 0.000001 0.000000
vn 1.000000 0.000000 0.000000
vn 0.000000 0.000000 -1.000000
vn 0.000000 1.000000 0.000000
vn 1.000000 0.000000 0.000000
vn 0.000000 -1.000000 0.000000
vn 0.000000 0.000000 -1.000000
vn 0.000000 0.000000 -1.000000
vn 0.000000 0.000000 -1.000000
vn 0.000000 0.000000 -1.000000
vn 0.000000 1.000000 0.000000
vn 0.000000 1.000000 0.000000
vn 0.000000 1.000000 0.000000
vn 0.000000 1.000000 0.000000
vn 0.000000 0.000000 1.000000
vn 0.000000 0.000000 1.000000
vn 0.000000 0.000000 1.000000
vn 0.000000 0.000000 1.000000
vn 0.000000 -1.000000 0.000000
vn 0.000000 -1.000000 0.000000
vn 0.000000 -1.000000 0.000000
vn 0.000000 -1.000000 0.000000
vn 0.000000 0.000000 -1.000000
vn 0.000000 0.000000 -1.000000
vn 0.000000 0.000000 -1.000000
vn 0.000000 0.000000 -1.000000
vn 0.000000 1.000000 0.000000
vn 0.000000 1.000000 0.000000
vn 0.000000 1.000000 0.000000
vn 0.000000 1.000000 0.000000
vn 0.000000 0.000000 1.000000
vn 0.000000 0.000000 1.000000
vn 0.000000 0.000000 1.000000
vn 0.000000 0.000000 1.000000
vn 0.000000 -1.000000 0.000000
vn 0.000000 -1.000000 0.000000
vn 0.000000 -1.000000 0.000000
vn 0.000000 -1.000000 0.000000
vn 0.000000 1.000000 0.000000
vn 0.000000 1.000000 0.000000
vn 0.000000 1.000000 0.000000
vn 0.000000 1.000000 0.000000
vn 0.000000 0.000000 1.000000
vn 0.000000 0.000000 1.000000
vn 0.000000 0.000000 1.000000
vn 0.000000 0.000000 1.000000
vn 0.000000 -1.000000 0.000000
vn 0.000000 -1.000000 0.000000
vn 0.000000 -1.000000 0.000000
vn 0.000000 -1.000000 0.000000
vn 0.000000 0.000000 -1.000000
vn 0.000000 0.000000 -1.000000
vn 0.000000 0.000000 -1.000000
vn 0.000000 0.000000 -1.000000
vn 0.000000 1.000000 0.000000
vn 0.000000 1.000000 0.000000
vn 0.000000 1.000000 0.000000
vn 0.000000 1.000000 0.000000
vn 0.000000 0.000000 1.000000
vn 0.000000 0.000000 1.000000
vn 0.000000 0.000000 1.000000
vn 0.000000 0.000000 1.000000
vn 0.000000 -1.000000 0.000000
vn 0.000000 -1.000000 0.000000
vn 0.000000 -1.000000 0.000000
vn 0.000000 -1.000000 0.000000
vn 0.000000 0.000000 -1.000000
vn 0.000000 0.000000 -1.000000
vn 0.000000 0.000000 -1.000000
vn 0.000000 0.000000 -1.000000
vn 1.000000 0.000000 0.000000
vn 1.000000 0.000000 0.000000
vn 1.000000 0.000001 0.000000
vn 1.000000 0.000001 0.000000
vn 0.511314 -0.464459 -0.723074
vn 0.511314 -0.464459 -0.723074
vn 0.511314 -0.464459 -0.723074
vn 0.523401 0.672386 0.523401
vn 0.523401 0.672386 0.523401
vn 0.523401 0.672386 0.523401
vn 0.511301 0.464447 -0.723091
vn 0.511301 0.464447 -0.723091
vn 0.511301 0.464447 -0.723091
vn 0.523401 0.672386 -0.523401
vn 0.523401 0.672386 -0.523401
vn 0.523401 0.672386 -0.523401
vn 0.523401 -0.672386 0.523401
vn 0.523401 -0.672386 0.523401
vn 0.523401 -0.672386 0.523401
vn 0.523401 -0.672386 -0.523401
vn 0.523401 -0.672386 -0.523401
vn 0.523401 -0.672386 -0.523401
vn 0.511301 0.464447 0.723091
vn 0.511301 0.464447 0.723091
vn 0.511301 0.464447 0.723091
vn 0.511279 -0.464471 0.723091
vn 0.511279 -0.464471 0.723091
vn 0.511279 -0.464471 0.723091
vn 0.000000 0.000000 1.000000
vn 0.000000 0.000000 1.000000
vn 0.000000 0.000000 1.000000
vn 0.000000 0.000000 1.000000
vn 0.153410 0.988163 0.000000
vn 0.153410 0.988163 0.000000
vn 0.153410 0.988163 0.000000
vn 0.153410 0.988163 0.000000
vn 0.000000 0.000000 -1.000000
vn 0.000000 0.000000 -1.000000
vn 0.000000 0.000000 -1.000000
vn 0.000000 0.000000 -1.000000
vn -0.153410 -0.988163 0.000000
vn -0.153410 -0.988163 0.000000
vn -0.153410 -0.988163 0.000000
vn -0.153410 -0.988163 0.000000
vn 0.988163 -0.153410 0.000000
vn 0.988163 -0.153410 0.000000
vn 0.988163 -0.153410 0.000000
vn 0.988163 -0.153410 0.000000
vn -0.988163 0.153408 0.000000
vn -0.988163 0.153408 0.000000
vn -0.988163 0.153408 0.000000
vn -0.988163 0.153408 0.000000
vn 0.083646 -0.979420 0.183687
vn 0.083646 -0.979420 0.183687
vn 0.083652 -0.979419 0.183685
vn 0.083652 -0.979419 0.183685
vn -0.083662 0.979418 -0.183687
vn -0.083662 0.979418 -0.183687
vn -0.083659 0.979419 -0.183685
vn -0.083659 0.979419 -0.183685
vn 0.083653 -0.979419 0.183685
vn 0.083653 -0.979419 0.183685
vn 0.956158 0.130809 0.262012
vn 0.956157 0.130810 0.262018
vn 0.956157 0.130810 0.262018
vn 0.956158 0.130810 0.262013
vn 0.956158 0.130809 0.262012
vn 0.956159 0.130803 0.262012
vn 0.956159 0.130802 0.262014
vn 0.956157 0.130805 0.262018
vn 0.956157 0.130805 0.262019
vn 0.956159 0.130803 0.262012
vn -0.083658 0.979419 -0.183685
vn -0.083658 0.979419 -0.183685
vn -0.280641 0.153713 0.947424
vn -0.280641 0.153715 0.947424
vn -0.280638 0.153715 0.947425
vn -0.280628 0.153713 0.947428
vn -0.956158 -0.130807 -0.262013
vn -0.956158 -0.130807 -0.262013
vn -0.956158 -0.130807 -0.262013
vn -0.956158 -0.130807 -0.262013
vn 0.280673 -0.153712 -0.947415
vn 0.280645 -0.153715 -0.947423
vn 0.280646 -0.153714 -0.947423
vn 0.280684 -0.153708 -0.947413
vn 0.280638 -0.153716 -0.947425
vn 0.280637 -0.153716 -0.947425
vn 0.956156 0.130809 0.262021
vn 0.956157 0.130806 0.262018
vn 0.956157 0.130805 0.262018
vn 0.956156 0.130808 0.262021
vn 0.956159 0.130804 0.262014
vn 0.956158 0.130803 0.262015
vn 0.956158 0.130805 0.262014
vn -0.280641 0.153716 0.947424
vn -0.280641 0.153716 0.947424
vn -0.956158 -0.130807 -0.262013
vn -0.956158 -0.130807 -0.262013
vn -0.280638 0.153715 0.947425
vn -0.280641 0.153715 0.947424
vn 0.956160 0.130806 0.262009
vn 0.956159 0.130805 0.262011
vn -0.280627 0.153712 0.947429
vn 0.280673 -0.153712 -0.947415
vn 0.280645 -0.153715 -0.947423
vn 0.956158 0.130807 0.262014
vn 0.956158 0.130807 0.262014
vn 0.956158 0.130807 0.262014
vn 0.280638 -0.153716 -0.947425
vn 0.956157 0.130807 0.262017
vn -0.956158 -0.130807 -0.262013
vn -0.956158 -0.130807 -0.262013
vn 0.280685 -0.153708 -0.947412
vn 0.280646 -0.153714 -0.947423
vn 0.280637 -0.153716 -0.947425
vn 0.956157 0.130808 0.262017
vn 0.956158 0.130807 0.262014
vn 0.956158 0.130807 0.262014
vn 0.956158 0.130807 0.262014
vn 0.956159 0.130807 0.262011
vn 0.956159 0.130807 0.262012
vn -0.280641 0.153715 0.947424
vn -0.280641 0.153716 0.947424
vn -0.280640 0.153712 0.947425
vn 0.956158 0.130807 0.262014
vn 0.956158 0.130807 0.262014
vn 0.956158 0.130807 0.262014
vn 0.956158 0.130807 0.262014
vn 0.956158 0.130807 0.262014
vn 0.956158 0.130807 0.262014
vn 0.272146 -0.727324 -0.630029
vn 0.272146 -0.727324 -0.630029
vn 0.272146 -0.727324 -0.630029
vn 0.272146 -0.727324 -0.630029
vn -0.280652 0.153714 0.947421
vn -0.280652 0.153714 0.947421
vn -0.280652 0.153714 0.947421
vn -0.280652 0.153714 0.947421
vn -0.083647 0.979420 -0.183684
vn -0.083647 0.979420 -0.183684
vn -0.083647 0.979420 -0.183684
vn -0.083647 0.979420 -0.183684
vn 0.168523 0.485966 -0.857576
vn 0.168523 0.485966 -0.857576
vn 0.168523 0.485966 -0.857576
vn 0.168523 0.485966 -0.857576
vn 0.083649 -0.979419 0.183686
vn 0.083649 -0.979419 0.183686
vn 0.083649 -0.979419 0.183686
vn 0.083649 -0.979419 0.183686
vn -0.280652 0.153715 0.947421
vn -0.280652 0.153715 0.947421
vn -0.280652 0.153715 0.947421
vn -0.280652 0.153715 0.947421
vn -0.168512 -0.485965 0.857579
vn -0.168512 -0.485965 0.857579
vn -0.168512 -0.485965 0.857579
vn -0.168512 -0.485965 0.857579
vn -0.083657 0.979418 -0.183687
vn -0.083657 0.979418 -0.183687
vn -0.083657 0.979418 -0.183687
vn -0.083657 0.979418 -0.183687
vn 0.280635 -0.153715 -0.947426
vn 0.280635 -0.153715 -0.947426
vn 0.280635 -0.153715 -0.947426
vn 0.280635 -0.153716 -0.947426
vn 0.083657 -0.979418 0.183689
vn 0.083657 -0.979418 0.183689
vn 0.083657 -0.979418 0.183689
vn 0.083657 -0.979418 0.183689
vn -0.272147 0.727322 0.630031
vn -0.272147 0.727322 0.630031
vn -0.272147 0.727322 0.630031
vn -0.272147 0.727322 0.630031
vn 0.280639 -0.153715 -0.947425
vn 0.280639 -0.153715 -0.947425
vn 0.280639 -0.153715 -0.947425
vn 0.280639 -0.153715 -0.947425
vn -0.000000 0.000000 1.000000
vn -0.000000 0.000000 1.000000
vn -0.000000 0.000000 1.000000
vn -0.000000 0.000000 1.000000
vn 0.153410 0.988163 0.000000
vn 0.153410 0.988163 0.000000
vn 0.153410 0.988163 0.000000
vn 0.153410 0.988163 0.000000
vn 0.000000 0.000000 -1.000000
vn 0.000000 0.000000 -1.000000
vn 0.000000 0.000000 -1.000000
vn 0.000000 0.000000 -1.000000
vn -0.153410 -0.988163 0.000000
vn -0.153410 -0.988163 0.000000
vn -0.153410 -0.988163 0.000000
vn -0.153410 -0.988163 0.000000
vn 0.988163 -0.153410 0.000000
vn 0.988163 -0.153410 0.000000
vn 0.988163 -0.153410 0.000000
vn 0.988163 -0.153410 0.000000
vn -0.988163 0.153409 0.000000
vn -0.988163 0.153409 0.000000
vn -0.988163 0.153409 0.000000
vn -0.988163 0.153409 0.000000
vn -0.000000 0.000000 1.000000
vn -0.000000 0.000000 1.000000
vn -0.000000 0.000000 1.000000
vn -0.000000 0.000000 1.000000
vn 0.153410 0.988163 0.000000
vn 0.153410 0.988163 0.000000
vn 0.153410 0.988163 0.000000
vn 0.153410 0.988163 0.000000
vn 0.000000 0.000000 -1.000000
vn 0.000000 0.000000 -1.000000
vn 0.000000 0.000000 -1.000000
vn 0.000000 0.000000 -1.000000
vn -0.153410 -0.988163 0.000000
vn -0.153410 -0.988163 0.000000
vn -0.153410 -0.988163 0.000000
vn -0.153410 -0.988163 0.000000
vn 0.988163 -0.153410 0.000000
vn 0.988163 -0.153410 0.000000
vn 0.988163 -0.153410 0.000000
vn 0.988163 -0.153410 0.000000
vn -0.988163 0.153409 0.000000
vn -0.988163 0.153409 0.000000
vn -0.988163 0.153409 0.000000
vn -0.988163 0.153409 0.000000
vn -0.003000 0.097084 0.995272
vn -0.003000 0.097084 0.995272
vn -0.003000 0.097084 0.995272
vn -0.003000 0.097084 0.995272
vn -0.030742 0.994797 -0.097132
vn -0.030742 0.994797 -0.097132
vn -0.030742 0.994797 -0.097132
vn -0.030742 0.994797 -0.097132
vn 0.002999 -0.097084 -0.995272
vn 0.002999 -0.097084 -0.995272
vn 0.002999 -0.097084 -0.995272
vn 0.002999 -0.097084 -0.995272
vn 0.030742 -0.994797 0.097131
vn 0.030742 -0.994797 0.097131
vn 0.030742 -0.994797 0.097131
vn 0.030742 -0.994797 0.097131
vn -0.999523 -0.030887 -0.000001
vn -0.999523 -0.030887 -0.000001
vn -0.999523 -0.030887 -0.000001
vn -0.999523 -0.030887 -0.000001
vn 0.999523 0.030887 0.000001
vn 0.999523 0.030887 0.000001
vn 0.999523 0.030887 0.000001
vn 0.999523 0.030887 0.000001
vn 0.000000 0.158562 0.987349
vn 0.000000 0.158562 0.987349
vn 0.000000 0.158562 0.987349
vn 0.000000 0.158562 0.987349
vn 0.000000 0.987349 -0.158562
vn 0.000000 0.987349 -0.158562
vn 0.000000 0.987349 -0.158562
vn 0.000000 0.987349 -0.158562
vn 0.000000 -0.158562 -0.987349
vn 0.000000 -0.158562 -0.987349
vn 0.000000 -0.158562 -0.987349
vn 0.000000 -0.158562 -0.987349
vn 0.000000 -0.987349 0.158563
vn 0.000000 -0.987349 0.158563
vn 0.000000 -0.987349 0.158563
vn 0.000000 -0.987349 0.158563
vn -1.000000 0.000000 0.000000
vn -1.000000 0.000000 0.000000
vn -1.000000 0.000000 0.000000
vn -1.000000 0.000000 0.000000
vn 1.000000 0.000000 0.000000
vn 1.000000 0.000000 0.000000
vn 1.000000 0.000000 0.000000
vn 1.000000 0.000000 0.000000
vn 0.122403 -0.103491 0.987070
vn 0.122403 -0.103491 0.987070
vn 0.122403 -0.103491 0.987070
vn 0.122403 -0.103491 0.987070
vn -0.000000 0.994548 0.104277
vn -0.000000 0.994548 0.104277
vn -0.000000 0.994548 0.104277
vn -0.000000 0.994548 0.104277
vn -0.122402 0.103491 -0.987070
vn -0.122402 0.103491 -0.987070
vn -0.122402 0.103491 -0.987070
vn -0.122402 0.103491 -0.987070
vn -0.000000 -0.994548 -0.104275
vn -0.000000 -0.994548 -0.104275
vn -0.000000 -0.994548 -0.104275
vn -0.000000 -0.994548 -0.104275
vn -0.992481 -0.012763 0.121733
vn -0.992481 -0.012763 0.121733
vn -0.992481 -0.012763 0.121733
vn -0.992481 -0.012763 0.121733
vn 0.992481 0.012763 -0.121733
vn 0.992481 0.012763 -0.121733
vn 0.992481 0.012763 -0.121733
vn 0.992481 0.012763 -0.121733
vn 0.000000 0.000000 1.000000
vn 0.000000 0.000000 1.000000
vn 0.000000 0.000000 1.000000
vn 0.000000 0.000000 1.000000
vn 0.000000 0.000000 1.000000
vn 0.000004 0.000000 1.000000
vn 0.000004 0.000000 1.000000
vn 0.000000 0.000000 1.000000
vn -0.000000 0.000000 -1.000000
vn 0.000000 0.000000 -1.000000
vn 0.000000 0.000000 -1.000000
vn -0.000000 0.000000 -1.000000
vn 0.000000 1.000000 0.000000
vn 0.000000 1.000000 0.000000
vn 0.000000 1.000000 0.000000
vn 0.000000 1.000000 0.000000
vn 0.000000 1.000000 0.000000
vn 0.000000 1.000000 0.000000
vn 0.000000 1.000000 0.000000
vn 0.000000 1.000000 0.000000
vn 0.000000 -1.000000 0.000000
vn 0.000000 -1.000000 0.000000
vn 0.000000 -1.000000 0.000000
vn 0.000000 -1.000000 0.000000
vn -1.000000 0.000000 0.000000
vn -1.000000 0.000000 0.000000
vn -1.000000 0.000000 0.000000
vn -1.000000 0.000000 0.000000
vn 0.000000 0.000000 1.000000
vn 0.000000 0.000000 1.000000
vn 0.000000 1.000000 0.000000
vn 0.000000 1.000000 0.000000
vn 0.000000 0.000000 -1.000000
vn 0.000000 0.000000 -1.000000
vn 0.000000 -1.000000 0.000000
vn 0.000000 -1.000000 0.000000
vn 0.000000 0.000000 1.000000
vn 0.000000 0.000000 1.000000
vn -1.000000 0.000000 0.000000
vn -1.000000 0.000000 0.000000
vn -1.000000 0.000000 0.000000
vn -1.000000 0.000000 0.000000
vn 0.000000 0.000000 -1.000000
vn 0.000000 0.000000 -1.000000
vn 0.000000 1.000000 0.000000
vn 0.000000 1.000000 0.000000
vn -1.000000 0.000000 0.000000
vn -1.000000 0.000000 0.000000
vn -1.000000 0.000000 0.000000
vn -1.000000 0.000000 0.000000
vn -1.000000 0.000000 0.000000
vn -1.000000 0.000000 0.000000
vn -1.000000 0.000000 0.000000
vn -1.000000 0.000000 0.000000
vn 0.000000 -1.000000 0.000000
vn 0.000000 -1.000000 0.000000
vn 0.000000 -1.000000 0.000000
vn 0.000000 -1.000000 0.000000
vn 0.000000 -1.000000 0.000000
vn 0.000000 -1.000000 0.000000
vn -0.000000 0.000000 -1.000000
vn -0.000000 0.000000 -1.000000
vn -0.000002 0.000000 -1.000000
vn -0.000002 0.000000 -1.000000
vn -0.740196 -0.672391 0.000000
vn -0.740196 -0.672391 0.000000
vn -0.740196 -0.672391 0.000000
vn -0.740196 -0.672391 0.000000
vn -0.707106 0.000000 -0.707107
vn -0.707106 0.000000 -0.707107
vn -0.707106 0.000000 -0.707107
vn -0.707106 0.000000 -0.707107
vn -0.707110 0.000000 0.707103
vn -0.707110 0.000000 0.707103
vn -0.707110 0.000000 0.707103
vn -0.707110 0.000000 0.707103
vn -0.707106 0.000000 -0.707107
vn -0.707106 0.000000 -0.707107
vn -0.707106 0.000000 -0.707107
vn -0.707106 0.000000 -0.707107
vn -0.740196 0.672391 0.000000
vn -0.740196 0.672391 0.000000
vn -0.740196 0.672391 0.000000
vn -0.740196 0.672391 0.000000
vn -0.707110 0.000000 0.707103
vn -0.707110 0.000000 0.707103
vn -0.707110 0.000000 0.707103
vn -0.707110 0.000000 0.707103
vn -0.740201 0.672386 0.000000
vn -0.740201 0.672386 0.000000
vn -0.740201 0.672386 0.000000
vn -0.740201 0.672386 0.000000
vn -0.740210 -0.672375 0.000000
vn -0.740210 -0.672375 0.000000
vn -0.740210 -0.672375 0.000000
vn -0.740210 -0.672375 0.000000
vn -0.707107 0.000000 -0.707107
vn -0.707107 0.000000 -0.707107
vn -0.707107 0.000000 -0.707107
vn -0.707107 0.000000 -0.707107
vn -0.740216 0.672370 0.000000
vn -0.740216 0.672370 0.000000
vn -0.740216 0.672370 0.000000
vn -0.740216 0.672370 0.000000
vn -0.707122 0.000000 0.707092
vn -0.707122 0.000000 0.707092
vn -0.707122 0.000000 0.707092
vn -0.707122 0.000000 0.707092
vn -0.707107 0.000000 -0.707107
vn -0.707107 0.000000 -0.707107
vn -0.707107 0.000000 -0.707107
vn -0.707107 0.000000 -0.707107
vn -0.740210 0.672375 0.000000
vn -0.740210 0.672375 0.000000
vn -0.740210 0.672375 0.000000
vn -0.740210 0.672375 0.000000
vn -0.707122 0.000000 0.707092
vn -0.707122 0.000000 0.707092
vn -0.707122 0.000000 0.707092
vn -0.707122 0.000000 0.707092
vn -0.740216 -0.672370 0.000000
vn -0.740216 -0.672370 0.000000
vn -0.740216 -0.672370 0.000000
vn -0.740216 -0.672370 0.000000
vn -0.740201 -0.672386 0.000000
vn -0.740201 -0.672386 0.000000
vn -0.740201 -0.672386 0.000000
vn -0.740201 -0.672386 0.000000
vn -0.707105 0.000000 -0.707109
vn -0.707105 0.000000 -0.707109
vn -0.707105 0.000000 -0.707109
vn -0.707105 0.000000 -0.707109
vn -0.740207 -0.672379 0.000000
vn -0.740207 -0.672379 0.000000
vn -0.740207 -0.672379 0.000000
vn -0.740207 -0.672379 0.000000
vn -0.740196 0.672392 0.000000
vn -0.740196 0.672392 0.000000
vn -0.740196 0.672392 0.000000
vn -0.740196 0.672392 0.000000
vn -0.707099 0.000000 0.707114
vn -0.707099 0.000000 0.707115
vn -0.707099 0.000000 0.707115
vn -0.707099 0.000000 0.707114
vn -0.707099 0.000000 -0.707115
vn -0.707099 0.000000 -0.707115
vn -0.707099 0.000000 -0.707115
vn -0.707099 0.000000 -0.707115
vn -0.740210 0.672376 0.000000
vn -0.740210 0.672376 0.000000
vn -0.740210 0.672376 0.000000
vn -0.740210 0.672376 0.000000
vn -0.740193 -0.672394 0.000000
vn -0.740193 -0.672394 0.000000
vn -0.740193 -0.672394 0.000000
vn -0.740193 -0.672394 0.000000
vn -0.707097 0.000000 0.707116
vn -0.707097 0.000000 0.707116
vn -0.707097 0.000000 0.707116
vn -0.707097 0.000000 0.707116
vn -1.000000 0.000000 0.000000
vn -1.000000 0.000000 0.000000
vn -1.000000 0.000000 0.000000
vn -1.000000 0.000000 0.000000
vn -1.000000 0.000000 0.000000
vn -1.000000 0.000000 0.000000
vn -1.000000 0.000000 0.000000
vn -1.000000 0.000000 0.000000
vn -1.000000 -0.000000 0.000000
vn -1.000000 -0.000000 0.000000
vn -1.000000 -0.000000 0.000000
vn -1.000000 -0.000000 0.000000
vn -1.000000 -0.000000 0.000000
vn -1.000000 -0.000005 0.000000
vn -1.000000 -0.000005 0.000000
vn -1.000000 -0.000000 0.000000
vn -1.000000 0.000000 0.000000
vn -1.000000 0.000000 0.000000
vn -1.000000 0.000000 0.000000
vn -1.000000 0.000000 0.000000
vn -1.000000 0.000000 0.000000
vn -1.000000 0.000000 0.000000
vn 0.000000 -1.000000 0.000000
vn 0.000000 0.000000 1.000000
vn -1.000000 0.000000 0.000000
vn -1.000000 0.000000 0.000000
vn -1.000000 0.000000 0.000000
vn 0.000000 1.000000 0.000000
vn -1.000000 0.000000 0.000000
vn -1.000000 0.000000 0.000000
vn -1.000000 -0.000000 0.000000
vn 0.000000 0.000000 -1.000000
vn 0.000000 0.000000 1.000000
vn -1.000000 0.000000 0.000000
vn -1.000000 0.000000 0.000000
vn -1.000000 0.000000 0.000000
vn 0.000000 0.000000 -1.000000
vn 0.000000 1.000000 0.000000
vn -1.000000 -0.000000 0.000000
vn 0.000000 -1.000000 0.000000
vn 0.000000 0.000000 -1.000000
vn 0.000000 0.000000 -1.000000
vn 0.000000 0.000000 -1.000000
vn 0.000000 0.000000 -1.000000
vn 0.000000 1.000000 0.000000
vn 0.000000 1.000000 0.000000
vn 0.000000 1.000000 0.000000
vn 0.000000 1.000000 0.000000
vn 0.000000 0.000000 1.000000
vn 0.000000 0.000000 1.000000
vn 0.000000 0.000000 1.000000
vn 0.000000 0.000000 1.000000
vn 0.000000 -1.000000 0.000000
vn 0.000000 -1.000000 0.000000
vn 0.000000 -1.000000 0.000000
vn 0.000000 -1.000000 0.000000
vn 0.000000 0.000000 -1.000000
vn 0.000000 0.000000 -1.000000
vn 0.000000 0.000000 -1.000000
vn 0.000000 0.000000 -1.000000
vn 0.000000 1.000000 0.000000
vn 0.000000 1.000000 0.000000
vn 0.000000 1.000000 0.000000
vn 0.000000 1.000000 0.000000
vn 0.000000 0.000000 1.000000
vn 0.000000 0.000000 1.000000
vn 0.000000 0.000000 1.000000
vn 0.000000 0.000000 1.000000
vn 0.000000 -1.000000 0.000000
vn 0.000000 -1.000000 0.000000
vn 0.000000 -1.000000 0.000000
vn 0.000000 -1.000000 0.000000
vn 0.000000 1.000000 0.000000
vn 0.000000 1.000000 0.000000
vn 0.000000 1.000000 0.000000
vn 0.000000 1.000000 0.000000
vn 0.000000 0.000000 1.000000
vn 0.000000 0.000000 1.000000
vn 0.000000 0.000000 1.000000
vn 0.000000 0.000000 1.000000
vn 0.000000 -1.000000 0.000000
vn 0.000000 -1.000000 0.000000
vn 0.000000 -1.000000 0.000000
vn 0.000000 -1.000000 0.000000
vn 0.000000 0.000000 -1.000000
vn 0.000000 0.000000 -1.000000
vn 0.000000 0.000000 -1.000000
vn 0.000000 0.000000 -1.000000
vn 0.000000 1.000000 0.000000
vn 0.000000 1.000000 0.000000
vn 0.000000 1.000000 0.000000
vn 0.000000 1.000000 0.000000
vn 0.000000 0.000000 1.000000
vn 0.000000 0.000000 1.000000
vn 0.000000 0.000000 1.000000
vn 0.000000 0.000000 1.000000
vn 0.000000 -1.000000 0.000000
vn 0.000000 -1.000000 0.000000
vn 0.000000 -1.000000 0.000000
vn 0.000000 -1.000000 0.000000
vn 0.000000 0.000000 -1.000000
vn 0.000000 0.000000 -1.000000
vn 0.000000 0.000000 -1.000000
vn 0.000000 0.000000 -1.000000
vn -1.000000 0.000000 0.000000
vn -1.000000 0.000000 0.000000
vn -1.000000 -0.000002 0.000000
vn -1.000000 -0.000002 0.000000
vn -0.511317 -0.464450 -0.723078
vn -0.511317 -0.464450 -0.723078
vn -0.511317 -0.464450 -0.723078
vn -0.523410 0.672373 0.523410
vn -0.523410 0.672373 0.523410
vn -0.523410 0.672373 0.523410
vn -0.511304 0.464438 -0.723095
vn -0.511304 0.464438 -0.723095
vn -0.511304 0.464438 -0.723095
vn -0.523427 0.672364 -0.523403
vn -0.523427 0.672364 -0.523403
vn -0.523427 0.672364 -0.523403
vn -0.523410 -0.672373 0.523410
vn -0.523410 -0.672373 0.523410
vn -0.523410 -0.672373 0.523410
vn -0.523427 -0.672364 -0.523403
vn -0.523427 -0.672364 -0.523403
vn -0.523427 -0.672364 -0.523403
vn -0.511268 0.464449 0.723112
vn -0.511269 0.464449 0.723112
vn -0.511268 0.464449 0.723112
vn -0.511247 -0.464472 0.723113
vn -0.511247 -0.464472 0.723113
vn -0.511246 -0.464472 0.723113
vn 0.158968 0.868880 0.468803
vn 0.158990 0.868874 0.468808
vn 0.158990 0.868874 0.468808
vn 0.158968 0.868880 0.468803
vn -0.158994 -0.868875 -0.468805
vn -0.158994 -0.868873 -0.468808
vn -0.158994 -0.868873 -0.468808
vn -0.158994 -0.868875 -0.468805
vn 0.158996 0.868872 0.468809
vn 0.158996 0.868872 0.468809
vn -0.947318 0.267990 -0.175412
vn -0.947318 0.267990 -0.175412
vn -0.947316 0.267993 -0.175417
vn -0.947316 0.267993 -0.175419
vn -0.947316 0.267993 -0.175419
vn -0.947317 0.267993 -0.175414
vn -0.947317 0.267993 -0.175414
vn -0.947317 0.267991 -0.175418
vn -0.947317 0.267991 -0.175419
vn -0.947317 0.267991 -0.175416
vn -0.158994 -0.868872 -0.468809
vn -0.158994 -0.868872 -0.468809
vn 0.278026 0.416227 -0.865711
vn 0.278011 0.416227 -0.865717
vn 0.278047 0.416217 -0.865710
vn 0.278040 0.416219 -0.865711
vn 0.947316 -0.267997 0.175416
vn 0.947316 -0.267996 0.175416
vn 0.947316 -0.267996 0.175416
vn 0.947316 -0.267997 0.175416
vn -0.278046 -0.416207 0.865715
vn -0.278108 -0.416200 0.865698
vn -0.278057 -0.416216 0.865707
vn -0.278054 -0.416216 0.865708
vn -0.278044 -0.416220 0.865709
vn -0.278055 -0.416218 0.865707
vn -0.947316 0.267993 -0.175420
vn -0.947315 0.267998 -0.175421
vn -0.947315 0.267996 -0.175420
vn -0.947316 0.267993 -0.175419
vn -0.947315 0.267997 -0.175418
vn -0.947316 0.267995 -0.175417
vn -0.947316 0.267995 -0.175417
vn 0.278056 0.416215 -0.865708
vn 0.278043 0.416217 -0.865711
vn 0.947316 -0.267997 0.175416
vn 0.947316 -0.267997 0.175416
vn 0.278047 0.416217 -0.865710
vn 0.278056 0.416215 -0.865708
vn -0.947316 0.267997 -0.175413
vn -0.947316 0.267998 -0.175411
vn 0.278011 0.416226 -0.865717
vn -0.278053 -0.416216 0.865708
vn -0.278045 -0.416208 0.865715
vn -0.947315 0.267997 -0.175416
vn -0.947316 0.267997 -0.175416
vn -0.947315 0.267997 -0.175416
vn -0.278056 -0.416218 0.865707
vn -0.947316 0.267994 -0.175418
vn 0.947316 -0.267996 0.175416
vn 0.947316 -0.267996 0.175416
vn -0.278111 -0.416200 0.865698
vn -0.278057 -0.416217 0.865707
vn -0.278044 -0.416221 0.865709
vn -0.947314 0.267999 -0.175420
vn -0.947316 0.267997 -0.175416
vn -0.947316 0.267997 -0.175416
vn -0.947316 0.267997 -0.175416
vn -0.947318 0.267993 -0.175409
vn -0.947316 0.267996 -0.175413
vn 0.278043 0.416218 -0.865711
vn 0.278040 0.416219 -0.865711
vn 0.278027 0.416227 -0.865711
vn -0.947316 0.267996 -0.175417
vn -0.947316 0.267996 -0.175417
vn -0.947316 0.267996 -0.175417
vn -0.947316 0.267997 -0.175416
vn -0.947316 0.267997 -0.175416
vn -0.947316 0.267997 -0.175416
vn -0.119815 0.211409 0.970026
vn -0.119815 0.211409 0.970026
vn -0.119815 0.211409 0.970026
vn -0.119815 0.211409 0.970026
vn 0.278061 0.416220 -0.865704
vn 0.278061 0.416220 -0.865704
vn 0.278061 0.416220 -0.865704
vn 0.278061 0.416220 -0.865704
vn -0.158997 -0.868871 -0.468810
vn -0.158997 -0.868871 -0.468810
vn -0.158997 -0.868871 -0.468810
vn -0.158997 -0.868871 -0.468810
vn -0.316774 -0.864940 0.389273
vn -0.316774 -0.864940 0.389273
vn -0.316774 -0.864940 0.389273
vn -0.316774 -0.864940 0.389273
vn 0.158996 0.868872 0.468809
vn 0.158996 0.868872 0.468809
vn 0.158996 0.868872 0.468809
vn 0.158996 0.868872 0.468809
vn 0.278053 0.416220 -0.865706
vn 0.278053 0.416220 -0.865706
vn 0.278053 0.416220 -0.865706
vn 0.278053 0.416220 -0.865706
vn 0.316770 0.864942 -0.389272
vn 0.316770 0.864942 -0.389272
vn 0.316770 0.864942 -0.389272
vn 0.316770 0.864942 -0.389272
vn -0.158993 -0.868872 -0.468811
vn -0.158993 -0.868872 -0.468811
vn -0.158993 -0.868872 -0.468811
vn -0.158993 -0.868872 -0.468811
vn -0.278048 -0.416220 0.865708
vn -0.278048 -0.416220 0.865708
vn -0.278048 -0.416220 0.865708
vn -0.278048 -0.416220 0.865708
vn 0.158994 0.868873 0.468807
vn 0.158994 0.868873 0.468807
vn 0.158994 0.868873 0.468807
vn 0.158994 0.868873 0.468807
vn 0.119816 -0.211407 -0.970026
vn 0.119816 -0.211407 -0.970026
vn 0.119816 -0.211407 -0.970026
vn 0.119816 -0.211407 -0.970026
vn -0.278045 -0.416223 0.865708
vn -0.278045 -0.416223 0.865708
vn -0.278045 -0.416223 0.865708
vn -0.278045 -0.416223 0.865708
vn -0.083650 -0.979420 0.183682
vn -0.083654 -0.979419 0.183686
vn -0.083654 -0.979419 0.183686
vn -0.083650 -0.979420 0.183682
vn 0.083662 0.979416 -0.183697
vn 0.083658 0.979418 -0.183687
vn 0.083658 0.979418 -0.183687
vn 0.083662 0.979416 -0.183697
vn -0.083654 -0.979419 0.183687
vn -0.083654 -0.979419 0.183687
vn -0.956159 0.130805 0.262013
vn -0.956159 0.130805 0.262013
vn -0.956159 0.130807 0.262011
vn -0.956158 0.130805 0.262017
vn -0.956158 0.130805 0.262017
vn -0.956159 0.130806 0.262012
vn -0.956159 0.130806 0.262012
vn -0.956156 0.130807 0.262020
vn -0.956156 0.130807 0.262020
vn -0.956158 0.130804 0.262015
vn 0.083657 0.979419 -0.183684
vn 0.083657 0.979419 -0.183684
vn 0.280684 0.153714 0.947412
vn 0.280630 0.153723 0.947426
vn 0.280638 0.153717 0.947425
vn 0.280650 0.153715 0.947421
vn 0.956158 -0.130807 -0.262014
vn 0.956158 -0.130807 -0.262013
vn 0.956158 -0.130807 -0.262013
vn 0.956158 -0.130807 -0.262014
vn -0.280628 -0.153714 -0.947428
vn -0.280681 -0.153712 -0.947413
vn -0.280641 -0.153715 -0.947424
vn -0.280630 -0.153716 -0.947427
vn -0.280631 -0.153715 -0.947427
vn -0.280631 -0.153717 -0.947427
vn -0.956155 0.130810 0.262023
vn -0.956157 0.130805 0.262018
vn -0.956158 0.130805 0.262016
vn -0.956157 0.130807 0.262019
vn -0.956159 0.130807 0.262010
vn -0.956159 0.130805 0.262013
vn -0.956158 0.130805 0.262014
vn 0.280639 0.153716 0.947425
vn 0.280641 0.153715 0.947424
vn 0.956158 -0.130807 -0.262014
vn 0.956158 -0.130807 -0.262014
vn 0.280637 0.153717 0.947425
vn 0.280639 0.153715 0.947424
vn -0.956159 0.130807 0.262012
vn -0.956159 0.130807 0.262010
vn 0.280629 0.153724 0.947426
vn -0.280630 -0.153716 -0.947427
vn -0.280625 -0.153714 -0.947429
vn -0.956158 0.130807 0.262014
vn -0.956158 0.130807 0.262014
vn -0.956158 0.130807 0.262014
vn -0.280631 -0.153717 -0.947427
vn -0.956157 0.130808 0.262019
vn 0.956158 -0.130807 -0.262013
vn 0.956158 -0.130807 -0.262013
vn -0.280681 -0.153711 -0.947413
vn -0.280641 -0.153714 -0.947424
vn -0.280631 -0.153715 -0.947427
vn -0.956158 0.130807 0.262013
vn -0.956158 0.130807 0.262014
vn -0.956158 0.130807 0.262014
vn -0.956158 0.130807 0.262014
vn -0.956159 0.130806 0.262010
vn -0.956159 0.130808 0.262008
vn 0.280642 0.153715 0.947424
vn 0.280651 0.153714 0.947421
vn 0.280686 0.153714 0.947411
vn -0.956158 0.130807 0.262014
vn -0.956158 0.130807 0.262014
vn -0.956158 0.130807 0.262014
vn -0.956158 0.130808 0.262013
vn -0.956158 0.130808 0.262013
vn -0.956158 0.130808 0.262013
vn -0.272142 -0.727325 -0.630029
vn -0.272142 -0.727326 -0.630029
vn -0.272142 -0.727325 -0.630029
vn -0.272142 -0.727325 -0.630029
vn 0.280652 0.153716 0.947421
vn 0.280652 0.153716 0.947421
vn 0.280652 0.153716 0.947421
vn 0.280652 0.153716 0.947421
vn 0.083649 0.979419 -0.183686
vn 0.083649 0.979419 -0.183686
vn 0.083649 0.979419 -0.183686
vn 0.083649 0.979419 -0.183686
vn -0.168522 0.485966 -0.857576
vn -0.168522 0.485966 -0.857576
vn -0.168522 0.485966 -0.857577
vn -0.168522 0.485966 -0.857576
vn -0.083648 -0.979420 0.183685
vn -0.083648 -0.979420 0.183685
vn -0.083648 -0.979420 0.183685
vn -0.083648 -0.979420 0.183685
vn 0.280654 0.153713 0.947420
vn 0.280654 0.153713 0.947420
vn 0.280654 0.153713 0.947420
vn 0.280654 0.153713 0.947420
vn 0.168508 -0.485970 0.857577
vn 0.168508 -0.485970 0.857577
vn 0.168508 -0.485970 0.857577
vn 0.168508 -0.485970 0.857577
vn 0.083655 0.979419 -0.183686
vn 0.083655 0.979419 -0.183686
vn 0.083655 0.979419 -0.183686
vn 0.083655 0.979419 -0.183686
vn -0.280636 -0.153716 -0.947426
vn -0.280636 -0.153716 -0.947425
vn -0.280636 -0.153716 -0.947425
vn -0.280636 -0.153716 -0.947426
vn -0.083657 -0.979418 0.183688
vn -0.083657 -0.979418 0.183688
vn -0.083657 -0.979418 0.183688
vn -0.083657 -0.979418 0.183688
vn 0.272144 0.727321 0.630033
vn 0.272144 0.727321 0.630033
vn 0.272144 0.727321 0.630033
vn 0.272144 0.727321 0.630033
vn -0.280639 -0.153716 -0.947425
vn -0.280639 -0.153716 -0.947425
vn -0.280639 -0.153716 -0.947425
vn -0.280639 -0.153716 -0.947425
vn 0.000000 0.000000 1.000000
vn 0.000000 0.000000 1.000000
vn 0.000000 0.000000 1.000000
vn 0.000000 0.000000 1.000000
vn 0.000000 0.000000 1.000000
vn 0.000000 0.000000 1.000000
vn 0.000000 0.000000 1.000000
vn 0.000000 0.000000 1.000000
vn -0.000000 0.000000 -1.000000
vn 0.000000 0.000000 -1.000000
vn 0.000000 0.000000 -1.000000
vn -0.000000 0.000000 -1.000000
vn 0.000000 1.000000 0.000000
vn 0.000000 1.000000 0.000000
vn 0.000000 1.000000 0.000000
vn 0.000000 1.000000 0.000000
vn 0.000000 1.000000 0.000000
vn 0.000000 1.000000 0.000000
vn 0.000000 1.000000 0.000000
vn 0.000000 1.000000 0.000000
vn 0.000000 -1.000000 0.000000
vn 0.000000 -1.000000 0.000000
vn 0.000000 -1.000000 0.000000
vn 0.000000 -1.000000 0.000000
vn -1.000000 0.000000 0.000000
vn -1.000000 0.000000 0.000000
vn -1.000000 0.000000 0.000000
vn -1.000000 0.000000 0.000000
vn 0.000000 0.000000 1.000000
vn 0.000000 0.000000 1.000000
vn 0.000000 1.000000 0.000000
vn 0.000000 1.000000 0.000000
vn 0.000000 0.000000 -1.000000
vn 0.000000 0.000000 -1.000000
vn 0.000000 -1.000000 0.000000
vn 0.000000 -1.000000 0.000000
vn 0.000000 0.000000 1.000000
vn 0.000000 0.000000 1.000000
vn -1.000000 0.000000 0.000000
vn -1.000000 0.000000 0.000000
vn -1.000000 0.000000 0.000000
vn -1.000000 0.000000 0.000000
vn 0.000000 0.000000 -1.000000
vn 0.000000 0.000000 -1.000000
vn 0.000000 1.000000 0.000000
vn 0.000000 1.000000 0.000000
vn -1.000000 0.000000 0.000000
vn -1.000000 0.000000 0.000000
vn -1.000000 0.000000 0.000000
vn -1.000000 0.000000 0.000000
vn -1.000000 0.000000 0.000000
vn -1.000000 0.000000 0.000000
vn -1.000000 0.000000 0.000000
vn -1.000000 0.000000 0.000000
vn 0.000000 -1.000000 0.000000
vn 0.000000 -1.000000 0.000000
vn 0.000000 -1.000000 0.000000
vn 0.000000 -1.000000 0.000000
vn 0.000000 -1.000000 0.000000
vn 0.000000 -1.000000 0.000000
vn -0.000000 0.000000 -1.000000
vn -0.000000 0.000000 -1.000000
vn -0.000001 0.000000 -1.000000
vn -0.000001 0.000000 -1.000000
vn -0.634804 -0.772673 0.000000
vn -0.634804 -0.772673 0.000000
vn -0.634804 -0.772673 0.000000
vn -0.634804 -0.772673 0.000000
vn -0.707108 0.000000 -0.707105
vn -0.707108 0.000000 -0.707105
vn -0.707108 0.000000 -0.707105
vn -0.707108 0.000000 -0.707105
vn -0.707116 0.000000 0.707098
vn -0.707116 0.000000 0.707098
vn -0.707116 0.000000 0.707098
vn -0.707116 0.000000 0.707098
vn -0.707108 0.000000 -0.707105
vn -0.707108 0.000000 -0.707106
vn -0.707108 0.000000 -0.707105
vn -0.707108 0.000000 -0.707105
vn -0.634804 0.772673 0.000000
vn -0.634804 0.772673 0.000000
vn -0.634804 0.772673 0.000000
vn -0.634804 0.772673 0.000000
vn -0.707115 0.000000 0.707098
vn -0.707115 0.000000 0.707098
vn -0.707115 0.000000 0.707098
vn -0.707115 0.000000 0.707098
vn -0.634823 0.772658 0.000000
vn -0.634823 0.772658 0.000000
vn -0.634823 0.772658 0.000000
vn -0.634823 0.772658 0.000000
vn -0.634802 -0.772675 0.000000
vn -0.634802 -0.772675 0.000000
vn -0.634802 -0.772675 0.000000
vn -0.634802 -0.772675 0.000000
vn -0.707115 0.000000 -0.707099
vn -0.707115 0.000000 -0.707099
vn -0.707115 0.000000 -0.707099
vn -0.707115 0.000000 -0.707099
vn -0.634821 0.772659 0.000000
vn -0.634821 0.772659 0.000000
vn -0.634821 0.772659 0.000000
vn -0.634821 0.772659 0.000000
vn -0.707121 0.000000 0.707092
vn -0.707121 0.000000 0.707092
vn -0.707121 0.000000 0.707092
vn -0.707121 0.000000 0.707092
vn -0.707114 0.000000 -0.707099
vn -0.707114 0.000000 -0.707099
vn -0.707114 0.000000 -0.707099
vn -0.707114 0.000000 -0.707099
vn -0.634802 0.772675 0.000000
vn -0.634802 0.772675 0.000000
vn -0.634802 0.772675 0.000000
vn -0.634802 0.772675 0.000000
vn -0.707121 0.000000 0.707093
vn -0.707121 0.000000 0.707093
vn -0.707121 0.000000 0.707093
vn -0.707121 0.000000 0.707093
vn -0.634821 -0.772659 0.000000
vn -0.634821 -0.772659 0.000000
vn -0.634821 -0.772659 0.000000
vn -0.634821 -0.772659 0.000000
vn -0.634823 -0.772658 0.000000
vn -0.634823 -0.772658 0.000000
vn -0.634823 -0.772658 0.000000
vn -0.634823 -0.772658 0.000000
vn -0.707108 0.000000 -0.707106
vn -0.707108 0.000000 -0.707106
vn -0.707108 0.000000 -0.707106
vn -0.707108 0.000000 -0.707106
vn -0.634817 -0.772662 0.000000
vn -0.634817 -0.772662 0.000000
vn -0.634817 -0.772662 0.000000
vn -0.634817 -0.772662 0.000000
vn -0.634813 0.772666 0.000000
vn -0.634813 0.772666 0.000000
vn -0.634813 0.772666 0.000000
vn -0.634813 0.772666 0.000000
vn -0.707087 0.000000 0.707127
vn -0.707087 0.000000 0.707127
vn -0.707087 0.000000 0.707127
vn -0.707087 0.000000 0.707127
vn -0.707108 0.000000 -0.707106
vn -0.707108 0.000000 -0.707106
vn -0.707108 0.000000 -0.707106
vn -0.707108 0.000000 -0.707106
vn -0.634817 0.772662 0.000000
vn -0.634817 0.772662 0.000000
vn -0.634817 0.772662 0.000000
vn -0.634817 0.772662 0.000000
vn -0.634813 -0.772666 0.000000
vn -0.634813 -0.772666 0.000000
vn -0.634813 -0.772666 0.000000
vn -0.634813 -0.772666 0.000000
vn -0.707087 0.000000 0.707127
vn -0.707087 0.000000 0.707127
vn -0.707087 0.000000 0.707127
vn -0.707087 0.000000 0.707127
vn -1.000000 0.000000 0.000000
vn -1.000000 0.000000 0.000000
vn -1.000000 0.000000 0.000000
vn -1.000000 0.000000 0.000000
vn -1.000000 0.000000 0.000000
vn -1.000000 0.000001 0.000000
vn -1.000000 0.000001 0.000000
vn -1.000000 0.000000 0.000000
vn -1.000000 0.000000 0.000000
vn -1.000000 0.000000 0.000000
vn -1.000000 -0.000001 0.000000
vn -1.000000 0.000000 0.000000
vn -1.000000 0.000000 0.000000
vn -1.000000 0.000000 0.000000
vn -1.000000 0.000000 0.000000
vn -1.000000 0.000000 0.000000
vn -1.000000 0.000001 0.000000
vn -1.000000 0.000000 0.000000
vn -1.000000 0.000000 0.000000
vn -1.000000 0.000002 0.000000
vn -1.000000 0.000001 0.000000
vn -1.000000 0.000000 0.000000
vn 0.000000 -1.000000 0.000000
vn 0.000000 0.000000 1.000000
vn -1.000000 -0.000001 0.000000
vn -1.000000 -0.000001 0.000000
vn -1.000000 0.000000 0.000000
vn 0.000000 1.000000 0.000000
vn -1.000000 0.000000 0.000000
vn -1.000000 0.000000 0.000000
vn -1.000000 0.000000 0.000000
vn 0.000000 0.000000 -1.000000
vn 0.000000 0.000000 1.000000
vn -1.000000 0.000001 0.000000
vn -1.000000 0.000000 0.000000
vn -1.000000 0.000001 0.000000
vn 0.000000 0.000000 -1.000000
vn 0.000000 1.000000 0.000000
vn -1.000000 -0.000002 0.000000
vn 0.000000 -1.000000 0.000000
vn 0.000000 0.000000 -1.000000
vn 0.000000 0.000000 -1.000000
vn 0.000000 0.000000 -1.000000
vn 0.000000 0.000000 -1.000000
vn 0.000000 1.000000 0.000000
vn 0.000000 1.000000 0.000000
vn 0.000000 1.000000 0.000000
vn 0.000000 1.000000 0.000000
vn 0.000000 0.000000 1.000000
vn 0.000000 0.000000 1.000000
vn 0.000000 0.000000 1.000000
vn 0.000000 0.000000 1.000000
vn 0.000000 -1.000000 0.000000
vn 0.000000 -1.000000 0.000000
vn 0.000000 -1.000000 0.000000
vn 0.000000 -1.000000 0.000000
vn 0.000000 0.000000 -1.000000
vn 0.000000 0.000000 -1.000000
vn 0.000000 0.000000 -1.000000
vn 0.000000 0.000000 -1.000000
vn 0.000000 1.000000 0.000000
vn 0.000000 1.000000 0.000000
vn 0.000000 1.000000 0.000000
vn 0.000000 1.000000 0.000000
vn 0.000000 0.000000 1.000000
vn 0.000000 0.000000 1.000000
vn 0.000000 0.000000 1.000000
vn 0.000000 0.000000 1.000000
vn 0.000000 -1.000000 0.000000
vn 0.000000 -1.000000 0.000000
vn 0.000000 -1.000000 0.000000
vn 0.000000 -1.000000 0.000000
vn 0.000000 1.000000 0.000000
vn 0.000000 1.000000 0.000000
vn 0.000000 1.000000 0.000000
vn 0.000000 1.000000 0.000000
vn 0.000000 0.000000 1.000000
vn 0.000000 0.000000 1.000000
vn 0.000000 0.000000 1.000000
vn 0.000000 0.000000 1.000000
vn 0.000000 -1.000000 0.000000
vn 0.000000 -1.000000 0.000000
vn 0.000000 -1.000000 0.000000
vn 0.000000 -1.000000 0.000000
vn 0.000000 0.000000 -1.000000
vn 0.000000 0.000000 -1.000000
vn 0.000000 0.000000 -1.000000
vn 0.000000 0.000000 -1.000000
vn 0.000000 1.000000 0.000000
vn 0.000000 1.000000 0.000000
vn 0.000000 1.000000 0.000000
vn 0.000000 1.000000 0.000000
vn 0.000000 0.000000 1.000000
vn 0.000000 0.000000 1.000000
vn 0.000000 0.000000 1.000000
vn 0.000000 0.000000 1.000000
vn 0.000000 -1.000000 0.000000
vn 0.000000 -1.000000 0.000000
vn 0.000000 -1.000000 0.000000
vn 0.000000 -1.000000 0.000000
vn 0.000000 0.000000 -1.000000
vn 0.000000 0.000000 -1.000000
vn 0.000000 0.000000 -1.000000
vn 0.000000 0.000000 -1.000000
vn -1.000000 0.000000 0.000000
vn -1.000000 0.000000 0.000000
vn -1.000000 0.000001 0.000000
vn -1.000000 0.000001 0.000000
vn -0.472400 -0.574940 -0.668043
vn -0.472400 -0.574940 -0.668043
vn -0.472400 -0.574940 -0.668043
vn -0.448899 0.772668 0.448858
vn -0.448899 0.772668 0.448858
vn -0.448899 0.772668 0.448858
vn -0.472400 0.574940 -0.668043
vn -0.472400 0.574940 -0.668043
vn -0.472400 0.574940 -0.668043
vn -0.448854 0.772708 -0.448834
vn -0.448854 0.772708 -0.448834
vn -0.448854 0.772708 -0.448834
vn -0.448883 -0.772639 0.448924
vn -0.448883 -0.772639 0.448924
vn -0.448883 -0.772639 0.448924
vn -0.448838 -0.772680 -0.448900
vn -0.448838 -0.772680 -0.448900
vn -0.448838 -0.772680 -0.448900
vn -0.472378 0.574923 0.668074
vn -0.472378 0.574923 0.668074
vn -0.472378 0.574923 0.668074
vn -0.472378 -0.574923 0.668074
vn -0.472378 -0.574923 0.668074
vn -0.472378 -0.574923 0.668074
vn 0.000000 0.000000 1.000000
vn 0.000000 0.000000 1.000000
vn 0.000000 0.000000 1.000000
vn 0.000000 0.000000 1.000000
vn 0.000000 0.000000 1.000000
vn 0.000000 0.000000 1.000000
vn 0.000000 0.000000 1.000000
vn 0.000000 0.000000 1.000000
vn 0.000000 0.000000 -1.000000
vn 0.000000 0.000000 -1.000000
vn 0.000000 0.000000 -1.000000
vn 0.000000 0.000000 -1.000000
vn 0.000000 1.000000 0.000000
vn 0.000000 1.000000 0.000000
vn 0.000000 1.000000 0.000000
vn 0.000000 1.000000 0.000000
vn 0.000000 1.000000 0.000000
vn 0.000000 1.000000 0.000000
vn 0.000000 1.000000 0.000000
vn 0.000000 1.000000 0.000000
vn 0.000000 -1.000000 0.000000
vn 0.000000 -1.000000 0.000000
vn 0.000000 -1.000000 0.000000
vn 0.000000 -1.000000 0.000000
vn -1.000000 0.000000 0.000000
vn -1.000000 0.000000 0.000000
vn -1.000000 0.000000 0.000000
vn -1.000000 0.000000 0.000000
vn 0.000000 0.000000 1.000000
vn 0.000000 0.000000 1.000000
vn 0.000000 1.000000 0.000000
vn 0.000000 1.000000 0.000000
vn 0.000000 0.000000 -1.000000
vn 0.000000 0.000000 -1.000000
vn 0.000000 -1.000000 0.000000
vn 0.000000 -1.000000 0.000000
vn 0.000000 0.000000 1.000000
vn 0.000000 0.000000 1.000000
vn -1.000000 0.000000 0.000000
vn -1.000000 0.000000 0.000000
vn -1.000000 0.000000 0.000000
vn -1.000000 0.000000 0.000000
vn 0.000000 0.000000 -1.000000
vn 0.000000 0.000000 -1.000000
vn 0.000000 1.000000 0.000000
vn 0.000000 1.000000 0.000000
vn -1.000000 0.000000 0.000000
vn -1.000000 0.000000 0.000000
vn -1.000000 0.000000 0.000000
vn -1.000000 0.000000 0.000000
vn -1.000000 0.000000 0.000000
vn -1.000000 0.000000 0.000000
vn -1.000000 0.000000 0.000000
vn -1.000000 0.000000 0.000000
vn 0.000000 -1.000000 0.000000
vn 0.000000 -1.000000 0.000000
vn 0.000000 -1.000000 0.000000
vn 0.000000 -1.000000 0.000000
vn 0.000000 -1.000000 0.000000
vn 0.000000 -1.000000 0.000000
vn 0.000000 0.000000 -1.000000
vn 0.000000 0.000000 -1.000000
vn 0.000000 0.000000 -1.000000
vn 0.000000 0.000000 -1.000000
vn -0.740196 -0.672391 0.000000
vn -0.740196 -0.672391 0.000000
vn -0.740196 -0.672391 0.000000
vn -0.740196 -0.672391 0.000000
vn -0.707111 0.000000 -0.707102
vn -0.707111 0.000000 -0.707102
vn -0.707111 0.000000 -0.707102
vn -0.707111 0.000000 -0.707102
vn -0.707100 0.000000 0.707114
vn -0.707100 0.000000 0.707114
vn -0.707100 0.000000 0.707114
vn -0.707100 0.000000 0.707114
vn -0.707111 0.000000 -0.707102
vn -0.707111 0.000000 -0.707102
vn -0.707111 0.000000 -0.707102
vn -0.707111 0.000000 -0.707102
vn -0.740196 0.672391 0.000000
vn -0.740196 0.672391 0.000000
vn -0.740196 0.672391 0.000000
vn -0.740196 0.672391 0.000000
vn -0.707100 0.000000 0.707114
vn -0.707100 0.000000 0.707114
vn -0.707100 0.000000 0.707114
vn -0.707100 0.000000 0.707114
vn -0.740201 0.672386 0.000000
vn -0.740201 0.672386 0.000000
vn -0.740201 0.672386 0.000000
vn -0.740201 0.672386 0.000000
vn -0.740210 -0.672375 0.000000
vn -0.740210 -0.672375 0.000000
vn -0.740210 -0.672375 0.000000
vn -0.740210 -0.672375 0.000000
vn -0.707106 0.000000 -0.707107
vn -0.707106 0.000000 -0.707107
vn -0.707106 0.000000 -0.707107
vn -0.707106 0.000000 -0.707107
vn -0.740216 0.672370 0.000000
vn -0.740216 0.672370 0.000000
vn -0.740216 0.672370 0.000000
vn -0.740216 0.672370 0.000000
vn -0.707122 0.000000 0.707091
vn -0.707122 0.000000 0.707091
vn -0.707122 0.000000 0.707091
vn -0.707122 0.000000 0.707091
vn -0.707106 0.000000 -0.707107
vn -0.707106 0.000000 -0.707107
vn -0.707106 0.000000 -0.707107
vn -0.707106 0.000000 -0.707107
vn -0.740210 0.672375 0.000000
vn -0.740210 0.672375 0.000000
vn -0.740210 0.672375 0.000000
vn -0.740210 0.672375 0.000000
vn -0.707133 0.000000 0.707081
vn -0.707133 0.000000 0.707081
vn -0.707133 0.000000 0.707081
vn -0.707133 0.000000 0.707081
vn -0.740216 -0.672370 0.000000
vn -0.740216 -0.672370 0.000000
vn -0.740216 -0.672370 0.000000
vn -0.740216 -0.672370 0.000000
vn -0.740201 -0.672386 0.000000
vn -0.740201 -0.672386 0.000000
vn -0.740201 -0.672386 0.000000
vn -0.740201 -0.672386 0.000000
vn -0.707099 0.000000 -0.707115
vn -0.707099 0.000000 -0.707115
vn -0.707099 0.000000 -0.707115
vn -0.707099 0.000000 -0.707115
vn -0.740207 -0.672379 0.000000
vn -0.740207 -0.672379 0.000000
vn -0.740207 -0.672379 0.000000
vn -0.740207 -0.672379 0.000000
vn -0.740196 0.672392 0.000000
vn -0.740196 0.672392 0.000000
vn -0.740196 0.672392 0.000000
vn -0.740196 0.672392 0.000000
vn -0.707090 0.000000 0.707123
vn -0.707090 0.000000 0.707123
vn -0.707090 0.000000 0.707123
vn -0.707090 0.000000 0.707123
vn -0.707107 0.000000 -0.707106
vn -0.707107 0.000000 -0.707106
vn -0.707107 0.000000 -0.707106
vn -0.707107 0.000000 -0.707106
vn -0.740210 0.672376 0.000000
vn -0.740210 0.672376 0.000000
vn -0.740210 0.672376 0.000000
vn -0.740210 0.672376 0.000000
vn -0.740193 -0.672394 0.000000
vn -0.740193 -0.672394 0.000000
vn -0.740193 -0.672394 0.000000
vn -0.740193 -0.672394 0.000000
vn -0.707093 0.000000 0.707121
vn -0.707093 0.000000 0.707121
vn -0.707093 0.000000 0.707121
vn -0.707093 0.000000 0.707121
vn -1.000000 0.000000 0.000000
vn -1.000000 0.000000 0.000000
vn -1.000000 0.000000 0.000000
vn -1.000000 0.000000 0.000000
vn -1.000000 0.000000 0.000000
vn -1.000000 0.000000 0.000000
vn -1.000000 0.000000 0.000000
vn -1.000000 0.000000 0.000000
vn -1.000000 -0.000000 0.000000
vn -1.000000 -0.000000 0.000000
vn -1.000000 -0.000000 0.000000
vn -1.000000 -0.000000 0.000000
vn -1.000000 -0.000000 0.000000
vn -1.000000 -0.000005 0.000000
vn -1.000000 -0.000005 0.000000
vn -1.000000 -0.000000 0.000000
vn -1.000000 0.000000 0.000000
vn -1.000000 0.000000 0.000000
vn -1.000000 0.000000 0.000000
vn -1.000000 0.000000 0.000000
vn -1.000000 0.000000 0.000000
vn -1.000000 0.000000 0.000000
vn 0.000000 -1.000000 0.000000
vn 0.000000 0.000000 1.000000
vn -1.000000 0.000000 0.000000
vn -1.000000 0.000000 0.000000
vn -1.000000 0.000000 0.000000
vn 0.000000 1.000000 0.000000
vn -1.000000 0.000000 0.000000
vn -1.000000 0.000000 0.000000
vn -1.000000 -0.000000 0.000000
vn 0.000000 0.000000 -1.000000
vn 0.000000 0.000000 1.000000
vn -1.000000 0.000000 0.000000
vn -1.000000 0.000000 0.000000
vn -1.000000 0.000000 0.000000
vn 0.000000 0.000000 -1.000000
vn 0.000000 1.000000 0.000000
vn -1.000000 -0.000000 0.000000
vn 0.000000 -1.000000 0.000000
vn 0.000000 0.000000 -1.000000
vn 0.000000 0.000000 -1.000000
vn 0.000000 0.000000 -1.000000
vn 0.000000 0.000000 -1.000000
vn 0.000000 1.000000 0.000000
vn 0.000000 1.000000 0.000000
vn 0.000000 1.000000 0.000000
vn 0.000000 1.000000 0.000000
vn 0.000000 0.000000 1.000000
vn 0.000000 0.000000 1.000000
vn 0.000000 0.000000 1.000000
vn 0.000000 0.000000 1.000000
vn 0.000000 -1.000000 0.000000
vn 0.000000 -1.000000 0.000000
vn 0.000000 -1.000000 0.000000
vn 0.000000 -1.000000 0.000000
vn 0.000000 0.000000 -1.000000
vn 0.000000 0.000000 -1.000000
vn 0.000000 0.000000 -1.000000
vn 0.000000 0.000000 -1.000000
vn 0.000000 1.000000 0.000000
vn 0.000000 1.000000 0.000000
vn 0.000000 1.000000 0.000000
vn 0.000000 1.000000 0.000000
vn 0.000000 0.000000 1.000000
vn 0.000000 0.000000 1.000000
vn 0.000000 0.000000 1.000000
vn 0.000000 0.000000 1.000000
vn 0.000000 -1.000000 0.000000
vn 0.000000 -1.000000 0.000000
vn 0.000000 -1.000000 0.000000
vn 0.000000 -1.000000 0.000000
vn 0.000000 1.000000 0.000000
vn 0.000000 1.000000 0.000000
vn 0.000000 1.000000 0.000000
vn 0.000000 1.000000 0.000000
vn 0.000000 0.000000 1.000000
vn 0.000000 0.000000 1.000000
vn 0.000000 0.000000 1.000000
vn 0.000000 0.000000 1.000000
vn 0.000000 -1.000000 0.000000
vn 0.000000 -1.000000 0.000000
vn 0.000000 -1.000000 0.000000
vn 0.000000 -1.000000 0.000000
vn 0.000000 0.000000 -1.000000
vn 0.000000 0.000000 -1.000000
vn 0.000000 0.000000 -1.000000
vn 0.000000 0.000000 -1.000000
vn 0.000000 1.000000 0.000000
vn 0.000000 1.000000 0.000000
vn 0.000000 1.000000 0.000000
vn 0.000000 1.000000 0.000000
vn 0.000000 0.000000 1.000000
vn 0.000000 0.000000 1.000000
vn 0.000000 0.000000 1.000000
vn 0.000000 0.000000 1.000000
vn 0.000000 -1.000000 0.000000
vn 0.000000 -1.000000 0.000000
vn 0.000000 -1.000000 0.000000
vn 0.000000 -1.000000 0.000000
vn 0.000000 0.000000 -1.000000
vn 0.000000 0.000000 -1.000000
vn 0.000000 0.000000 -1.000000
vn 0.000000 0.000000 -1.000000
vn -1.000000 0.000000 0.000000
vn -1.000000 0.000000 0.000000
vn -1.000000 -0.000002 0.000000
vn -1.000000 -0.000002 0.000000
vn -0.511317 -0.464450 -0.723078
vn -0.511317 -0.464450 -0.723078
vn -0.511317 -0.464450 -0.723078
vn -0.523392 0.672381 0.523416
vn -0.523392 0.672381 0.523416
vn -0.523392 0.672381 0.523416
vn -0.511304 0.464438 -0.723095
vn -0.511304 0.464438 -0.723095
vn -0.511304 0.464438 -0.723095
vn -0.523410 0.672373 -0.523410
vn -0.523410 0.672373 -0.523410
vn -0.523410 0.672373 -0.523410
vn -0.523392 -0.672381 0.523416
vn -0.523392 -0.672381 0.523416
vn -0.523392 -0.672381 0.523416
vn -0.523410 -0.672373 -0.523410
vn -0.523410 -0.672373 -0.523410
vn -0.523410 -0.672373 -0.523410
vn -0.511286 0.464443 0.723104
vn -0.511286 0.464444 0.723104
vn -0.511286 0.464443 0.723104
vn -0.511282 -0.464461 0.723095
vn -0.511282 -0.464461 0.723095
vn -0.511282 -0.464461 0.723095
vn -0.000000 0.000000 1.000000
vn -0.000000 0.000000 1.000000
vn 0.000000 0.000000 -1.000000
vn 0.000000 0.000000 -1.000000
vn -1.000000 0.000000 0.000000
vn -1.000000 0.000000 0.000000
vn -1.000000 0.000000 0.000000
vn -1.000000 0.000000 0.000000
vn 0.000000 0.000000 1.000000
vn 0.000000 0.000000 1.000000
vn 0.000000 0.000000 1.000000
vn 0.000000 0.000000 1.000000
vn -0.996284 -0.031461 -0.080176
vn -0.990438 0.000000 -0.137960
vn -0.990438 0.000000 -0.137960
vn -0.997698 -0.050041 -0.045765
vn -0.996349 -0.032015 -0.079146
vn -0.990438 0.000000 -0.137956
vn -0.990438 0.000000 -0.137956
vn -0.997715 -0.050538 -0.044835
vn 0.000000 0.000000 -1.000000
vn 0.000000 0.000000 -1.000000
vn 0.000000 0.000000 -1.000000
vn 0.000000 0.000000 -1.000000
vn 0.000000 0.000000 1.000000
vn 0.000000 0.000000 1.000000
vn 0.000000 0.000000 1.000000
vn 0.000000 0.000000 1.000000
vn 0.000000 0.000000 -1.000000
vn 0.000000 0.000000 -1.000000
vn 0.000000 0.000000 -1.000000
vn 0.000000 0.000000 -1.000000
vn 0.000000 0.000000 1.000000
vn 0.000000 0.000000 1.000000
vn 0.000000 0.000000 1.000000
vn 0.000000 0.000000 1.000000
vn 0.000000 1.000000 0.000000
vn 0.000000 1.000000 0.000000
vn 0.000000 1.000000 0.000000
vn 0.000000 1.000000 0.000000
vn -0.996284 -0.031461 0.080175
vn -0.997698 -0.050041 0.045765
vn -0.996349 -0.032015 0.079146
vn -0.997715 -0.050538 0.044835
vn 0.000000 -1.000000 0.000000
vn 0.000000 -1.000000 0.000000
vn 0.000000 -1.000000 0.000000
vn 0.000000 -1.000000 0.000000
vn 0.000000 1.000000 0.000000
vn 0.000000 1.000000 0.000000
vn 0.000000 -1.000000 0.000000
vn 0.000000 -1.000000 0.000000
vn 0.000000 -1.000000 0.000000
vn 0.000000 -1.000000 0.000000
vn 0.000000 1.000000 0.000000
vn 0.000000 1.000000 0.000000
vn 0.000000 0.000000 -1.000000
vn 0.000000 0.000000 -1.000000
vn 0.000000 0.000000 -1.000000
vn 0.000000 0.000000 -1.000000
vn 0.000000 0.000000 -1.000000
vn 0.000000 0.000000 -1.000000
vn 0.000000 0.000000 -1.000000
vn 0.000000 0.000000 -1.000000
vn 0.000000 0.000000 -1.000000
vn 0.000000 0.000000 -1.000000
vn 0.000000 0.000000 -1.000000
vn 0.000000 0.000000 -1.000000
vn -0.990438 0.000000 0.137956
vn -0.990438 0.000000 0.137956
vn 0.000000 0.000000 1.000000
vn 0.000000 0.000000 1.000000
vn 0.000000 0.000000 1.000000
vn 0.000000 0.000000 1.000000
vn -0.990438 0.000000 0.137959
vn -0.990438 0.000000 0.137959
vn 0.000000 0.000000 1.000000
vn 0.000000 0.000000 1.000000
vn 0.000000 0.000000 1.000000
vn 0.000000 0.000000 1.000000
vn -1.000000 0.000000 0.000000
vn -1.000000 0.000000 0.000000
vn -1.000000 0.000000 0.000000
vn -1.000000 0.000000 0.000000
vn 0.000000 0.000000 1.000000
vn 0.000000 0.000000 1.000000
vn 0.000000 0.000000 -1.000000
vn -0.000000 0.000000 -1.000000
vn -0.000000 0.000000 -1.000000
vn 0.000000 0.000000 1.000000
vn 0.000000 0.000000 1.000000
vn 0.000000 0.000000 1.000000
vn -0.000000 0.000000 1.000000
vn -0.000000 0.000000 1.000000
vn 0.000000 0.000000 1.000000
vn 0.000000 0.999253 -0.038652
vn 0.000000 0.999253 -0.038652
vn 0.000000 0.999253 -0.038652
vn 0.000000 0.999253 -0.038652
vn 0.000000 0.000000 -1.000000
vn 0.000000 0.000000 -1.000000
vn 0.000000 0.000000 -1.000000
vn 0.000000 0.000000 -1.000000
vn 0.000000 -1.000000 0.000000
vn 0.000000 -1.000000 0.000000
vn 0.000000 -1.000000 0.000000
vn 0.000000 -1.000000 0.000000
vn -1.000000 0.000000 0.000000
vn -1.000000 0.000000 0.000000
vn -1.000000 0.000000 0.000000
vn -1.000000 0.000000 0.000000
vn 1.000000 0.000000 0.000000
vn 1.000000 0.000000 0.000000
vn 1.000000 0.000000 0.000000
vn 1.000000 0.000000 0.000000
vn 0.000000 0.000000 1.000000
vn 0.000000 0.000000 1.000000
vn 0.000000 0.999964 0.008444
vn 0.000000 0.999964 0.008444
vn 0.000000 0.999964 0.008444
vn 0.000000 0.999964 0.008444
vn 0.000000 0.000000 -1.000000
vn 0.000000 0.000000 -1.000000
vn 0.000000 -1.000000 0.000000
vn 0.000000 -1.000000 0.000000
vn 0.000000 -1.000000 0.000000
vn 0.000000 -1.000000 0.000000
vn 0.000000 0.000000 1.000000
vn 0.000000 0.000000 1.000000
vn 0.000000 0.000000 1.000000
vn 0.000000 0.000000 1.000000
vn -1.000000 0.000000 0.000000
vn -1.000000 0.000000 0.000000
vn -1.000000 0.000000 0.000000
vn -1.000000 0.000000 0.000000
vn 0.000000 0.000000 -1.000000
vn 0.000000 0.000000 -1.000000
vn 0.000000 0.000000 -1.000000
vn 0.000000 0.000000 -1.000000
vn 1.000000 0.000000 0.000000
vn 1.000000 0.000000 0.000000
vn 1.000000 0.000000 0.000000
vn 1.000000 0.000000 0.000000
vn 1.000000 0.000000 0.000000
vn -0.046423 0.000000 -0.998922
vn -0.046423 0.000000 -0.998922
vn -0.046423 0.000000 -0.998922
vn -0.046423 0.000000 -0.998922
vn -1.000000 0.000000 0.000000
vn -1.000000 0.000000 0.000000
vn -1.000000 0.000000 0.000000
vn -1.000000 0.000000 0.000000
vn -0.046423 0.000000 0.998922
vn -0.046423 0.000000 0.998922
vn -0.046423 0.000000 0.998922
vn -0.046423 0.000000 0.998922
vn 1.000000 0.000000 0.000000
vn 1.000000 0.000000 0.000000
vn 0.000000 0.000000 -1.000000
vn 0.000000 0.000000 -1.000000
vn -0.046423 0.000000 -0.998922
vn -0.046423 0.000000 -0.998922
vn -0.046423 0.000000 -0.998922
vn -0.046423 0.000000 -0.998922
vn -1.000000 0.000000 0.000000
vn -1.000000 0.000000 0.000000
vn -1.000000 0.000000 0.000000
vn -1.000000 0.000000 0.000000
vn -0.046423 0.000000 0.998922
vn -0.046423 0.000000 0.998922
vn -0.046423 0.000000 0.998922
vn -0.046423 0.000000 0.998922
vn -0.000000 0.000000 1.000000
vn -0.000000 0.000000 1.000000
vn 0.000000 0.000000 0.000000
vn 0.000000 0.000000 0.000000
vn 0.000000 0.000000 0.000000
vn 0.000000 0.000000 0.000000
vn 0.000000 0.000000 0.000000
vn 0.000000 0.000000 0.000000
vn 0.000000 0.000000 0.000000
vn 0.000000 0.000000 0.000000
vn 0.000000 0.000000 0.000000
vn 0.000000 0.000000 0.000000
vn 0.000000 0.000000 0.000000
vn 0.000000 0.000000 0.000000
vn 0.000000 0.000000 0.000000
vn 0.000000 0.000000 0.000000
vn 0.000000 0.000000 0.000000
vn 0.000000 0.000000 0.000000
vn 0.000000 0.000000 0.000000
vn 0.000000 0.000000 0.000000
vn 0.000000 0.000000 1.000000
vn 0.000000 0.000000 1.000000
vn 0.000000 0.000000 0.000000
vn 0.000000 0.000000 0.000000
vn 0.000000 0.000000 0.000000
vn 0.000000 0.000000 0.000000
vn 0.000000 0.000000 0.000000
vn 0.000000 0.000000 0.000000
vn 0.000000 0.000000 0.000000
vn 0.000000 0.000000 0.000000
vn 0.000000 0.000000 0.000000
vn 0.000000 0.000000 0.000000
vn 0.000000 0.000000 0.000000
vn 0.000000 0.000000 0.000000
vn 0.000000 0.000000 0.000000
vn 0.000000 0.000000 0.000000
vn 0.000000 0.000000 0.000000
vn 0.000000 0.000000 0.000000
vn 0.000000 0.000000 0.000000
vn 0.000000 0.000000 0.000000
vn 0.000000 0.000000 0.000000
vn 0.000000 0.000000 0.000000
vn 0.000000 0.000000 0.000000
vn 0.000000 0.000000 0.000000
vn 0.000000 0.000000 0.000000
vn 0.000000 0.000000 0.000000
vn 0.000000 0.000000 0.000000
vn 0.000000 0.000000 0.000000
vn 0.000000 0.000000 0.000000
vn 0.000000 0.000000 0.000000
vn 0.000000 0.000000 0.000000
vn 0.000000 0.000000 0.000000
vn 0.000000 0.000000 0.000000
vn 0.000000 0.000000 0.000000
vn 0.000000 0.000000 0.000000
vn 0.000000 0.000000 0.000000
vn 0.000000 0.000000 0.000000
vn 0.000000 0.000000 0.000000
vn 0.000000 0.000000 0.000000
vn 0.000000 0.000000 0.000000
vn 0.000000 0.000000 0.000000
vn 0.000000 0.000000 0.000000
vn 0.000000 0.000000 0.000000
vn 0.000000 0.000000 0.000000
vn 0.000000 0.000000 0.000000
vn 0.000000 0.000000 0.000000
vn 0.000000 0.000000 0.000000
vn 0.000000 0.000000 0.000000
vn 0.000000 0.000000 0.000000
vn 0.000000 0.000000 0.000000
vn 0.000000 0.000000 0.000000
vn 0.000000 0.000000 0.000000
vn 0.000000 0.000000 0.000000
vn 0.000000 0.000000 0.000000
vn 0.000000 0.000000 0.000000
vn 0.000000 0.000000 0.000000
vn 0.000000 0.000000 0.000000
vn 0.000000 0.000000 0.000000
vn 0.000000 0.000000 0.000000
vn 0.000000 0.000000 0.000000
vn 0.000000 0.000000 0.000000
vn 0.002146 -0.999606 0.027970
vn 0.002242 -0.999617 0.027579
vn 0.009798 -0.999947 -0.003266
vn 0.009798 -0.999947 -0.003266
vn 1.000000 0.000000 0.000000
vn 1.000000 0.000000 0.000000
vn 1.000000 0.000000 0.000000
vn 1.000000 0.000000 0.000000
vn 0.000000 1.000000 0.000001
vn 0.000000 1.000000 0.000001
vn 0.000000 0.999563 -0.029550
vn 0.000000 0.999552 -0.029924
vn 0.000000 -0.999588 0.028685
vn 0.000000 -0.999599 0.028326
vn 0.000000 0.999563 -0.029551
vn 0.000000 0.999552 -0.029925
vn 0.000000 -1.000000 0.000000
vn 0.000000 -1.000000 0.000000
vn 0.000000 1.000000 0.000000
vn 0.000000 1.000000 0.000000
vn 1.000000 0.000000 0.000000
vn 1.000000 0.000000 0.000000
vn 1.000000 0.000000 0.000000
vn 1.000000 0.000000 0.000000
vn 0.000000 -0.999970 -0.007686
vn 0.000000 -0.999971 -0.007588
vn 0.000000 -1.000000 0.000000
vn 0.000000 -1.000000 0.000000
vn 1.000000 0.000000 0.000000
vn 1.000000 0.000000 0.000000
vn 1.000000 0.000000 0.000000
vn 1.000000 0.000000 0.000000
vn 0.000000 1.000000 0.000001
vn 0.000000 1.000000 0.000001
vn 0.000000 0.999979 0.006453
vn 0.000000 0.999979 0.006536
vn 0.000000 -0.999970 -0.007686
vn 0.000000 -0.999971 -0.007588
vn 0.000000 0.999979 0.006453
vn 0.000000 0.999979 0.006536
vn 1.000000 0.000000 0.000000
vn 1.000000 0.000000 0.000000
vn 1.000000 0.000000 0.000000
vn 1.000000 0.000000 0.000000
vn 0.000000 -1.000000 0.000000
vn 0.000000 -1.000000 0.000000
vn 0.000000 1.000000 0.000000
vn 0.000000 1.000000 0.000000
vn 0.000000 0.000000 1.000000
vn 0.000000 0.000000 1.000000
vn 0.000000 -1.000000 0.000000
vn 0.000000 -1.000000 0.000000
vn 0.000000 -1.000000 0.000000
vn 0.000000 -1.000000 0.000000
vn 0.000000 0.000000 -1.000000
vn 0.000000 0.000000 -1.000000
vn 0.000000 -1.000000 0.000000
vn 0.000000 -1.000000 0.000000
vn 0.000000 1.000000 0.000000
vn 0.000000 1.000000 0.000000
vn 0.000000 0.000000 1.000000
vn 0.000000 0.000000 1.000000
vn 0.000000 0.000000 1.000000
vn 0.000000 0.000000 1.000000
vn 0.000000 0.000000 1.000000
vn -1.000000 0.000000 0.000000
vn -1.000000 0.000000 0.000000
vn -1.000000 0.000000 0.000000
vn -1.000000 0.000000 0.000000
vn -1.000000 0.000000 0.000000
vn -1.000000 0.000000 0.000000
vn 0.000000 0.000000 -1.000000
vn 0.000000 0.000000 -1.000000
vn 0.000000 0.000000 -1.000000
vn 0.000000 0.000000 -1.000000
vn 1.000000 0.000000 0.000000
vn 1.000000 0.000000 0.000000
vn 1.000000 0.000000 0.000000
vn 1.000000 0.000000 0.000000
vn 0.000000 -1.000000 0.000000
vn 0.000000 -1.000000 0.000000
vn 0.000000 -1.000000 0.000000
vn 0.000000 -1.000000 0.000000
vn 0.000000 -1.000000 0.000000
vn 0.000000 -1.000000 0.000000
vn 0.000000 -1.000000 0.000000
vn 0.000000 -1.000000 0.000000
vn 0.000000 -1.000000 0.000000
vn 0.000000 -1.000000 0.000000
vn 1.000000 0.000000 0.000000
vn 1.000000 0.000000 0.000000
vn 1.000000 0.000000 0.000000
vn 1.000000 0.000000 0.000000
vn -0.000000 -1.000000 0.000000
vn -0.000000 -1.000000 0.000000
vn -0.000000 -1.000000 0.000000
vn 0.000000 1.000000 0.000000
vn 0.000000 1.000000 0.000000
vn 0.000000 0.000000 -1.000000
vn 0.000000 0.000000 1.000000
vn 0.000000 0.000000 1.000000
vn 0.000000 0.000000 1.000000
vn 0.000000 0.000000 1.000000
vn 0.000000 1.000000 0.000000
vn 0.000000 1.000000 0.000000
vn 0.000000 1.000000 0.000000
vn 0.000000 1.000000 0.000000
vn 0.000000 0.000000 -1.000000
vn 0.000000 0.000000 -1.000000
vn 0.000000 0.000000 -1.000000
vn 0.000000 0.000000 -1.000000
vn 0.000000 -1.000000 0.000000
vn 0.000000 -1.000000 0.000000
vn 0.000000 -1.000000 0.000000
vn 0.000000 -1.000000 0.000000
vn -1.000000 0.000000 0.000000
vn -1.000000 0.000000 0.000000
vn -1.000000 0.000000 0.000000
vn -1.000000 0.000000 0.000000
vn 1.000000 0.000000 0.000000
vn 1.000000 0.000000 0.000000
vn 1.000000 0.000000 0.000000
vn 1.000000 0.000000 0.000000
vn -0.022278 0.000000 0.999752
vn -0.022278 0.000000 0.999752
vn -0.022278 0.000000 0.999752
vn -0.022278 0.000000 0.999752
vn 0.000000 1.000000 0.000000
vn 0.000000 1.000000 0.000000
vn 0.000000 1.000000 0.000000
vn 0.000000 1.000000 0.000000
vn -0.999951 0.000000 0.009887
vn -0.999951 0.000000 0.009887
vn -1.000000 0.000000 0.000000
vn -1.000000 0.000000 0.000000
vn -0.022278 0.000000 -0.999752
vn -0.022278 0.000000 -0.999752
vn -0.022278 0.000000 -0.999752
vn -0.022278 0.000000 -0.999752
vn 0.000000 1.000000 -0.000000
vn 0.000000 1.000000 -0.000000
vn -0.999951 0.000000 -0.009887
vn -0.999951 0.000000 -0.009887
vn 0.000000 1.000000 0.000000
vn 0.000000 1.000000 0.000001
vn 0.000000 1.000000 0.000000
vn 0.000000 1.000000 -0.000001
vn 0.000000 1.000000 -0.000000
vn -0.847550 0.530715 0.000000
vn -0.847550 0.530715 0.000000
vn -0.847550 0.530715 0.000000
vn -0.847550 0.530715 0.000000
vn 0.000000 0.000000 1.000000
vn 0.000000 0.000000 1.000000
vn 0.000000 0.000000 1.000000
vn 0.000000 0.000000 1.000000
vn 0.000000 0.000000 1.000000
vn 0.117969 -0.993017 0.000000
vn 0.117969 -0.993017 0.000000
vn 0.117969 -0.993017 0.000000
vn 0.117969 -0.993017 0.000000
vn -0.847550 0.530715 0.000000
vn -0.847550 0.530715 0.000000
vn -0.847550 0.530715 0.000000
vn -0.847550 0.530715 0.000000
vn -0.847550 0.530715 0.000000
vn -0.847550 0.530715 0.000000
vn 0.000000 0.000000 -1.000000
vn -0.000000 0.000000 -1.000000
vn -0.000000 0.000000 -1.000000
vn -0.000000 0.000000 -1.000000
vn 0.000001 0.000000 -1.000000
vn 0.117969 -0.993017 0.000000
vn 0.117969 -0.993017 0.000000
vn 0.117969 -0.993017 0.000000
vn 0.117969 -0.993017 0.000000
vn -0.847550 0.530715 0.000000
vn -0.847550 0.530715 0.000000
vn -0.847550 0.530715 0.000000
vn -0.847550 0.530715 0.000000
vn 0.323086 -0.946370 0.000000
vn 0.323086 -0.946370 0.000000
vn 0.323086 -0.946370 0.000000
vn 0.323086 -0.946370 0.000000
vn 0.569660 -0.821880 0.000000
vn 0.569660 -0.821880 0.000000
vn 0.569660 -0.821880 0.000000
vn 0.569660 -0.821880 0.000000
vn 0.569661 -0.821880 0.000000
vn 0.569661 -0.821880 0.000000
vn 0.569661 -0.821880 0.000000
vn 0.569661 -0.821880 0.000000
vn 0.323086 -0.946370 0.000000
vn 0.323086 -0.946370 0.000000
vn 0.323086 -0.946370 0.000000
vn 0.323086 -0.946370 0.000000
vn 0.000000 0.000000 1.000000
vn 0.000000 0.000000 1.000000
vn 0.000000 0.000000 1.000000
vn 0.000000 0.000000 1.000000
vn 0.000000 0.000000 1.000000
vn 0.000000 0.000000 1.000000
vn 0.000000 0.000000 1.000000
vn 0.000000 0.000000 1.000000
vn -0.000000 0.000000 -1.000000
vn 0.000000 0.000000 -1.000000
vn 0.000000 0.000000 -1.000000
vn -0.000000 0.000000 -1.000000
vn 0.000000 1.000000 0.000000
vn 0.000000 1.000000 0.000000
vn 0.000000 1.000000 0.000000
vn 0.000000 1.000000 0.000000
vn 0.000000 1.000000 0.000000
vn 0.000000 1.000000 0.000000
vn 0.000000 1.000000 0.000000
vn 0.000000 1.000000 0.000000
vn 0.000000 -1.000000 0.000000
vn 0.000000 -1.000000 0.000000
vn 0.000000 -1.000000 0.000000
vn 0.000000 -1.000000 0.000000
vn -1.000000 0.000000 0.000000
vn -1.000000 0.000000 0.000000
vn -1.000000 0.000000 0.000000
vn -1.000000 0.000000 0.000000
vn 0.000000 0.000000 1.000000
vn 0.000000 0.000000 1.000000
vn 0.000000 1.000000 0.000000
vn 0.000000 1.000000 0.000000
vn 0.000000 0.000000 -1.000000
vn 0.000000 0.000000 -1.000000
vn 0.000000 -1.000000 0.000000
vn 0.000000 -1.000000 0.000000
vn 0.000000 0.000000 1.000000
vn 0.000000 0.000000 1.000000
vn -1.000000 0.000000 0.000000
vn -1.000000 0.000000 0.000000
vn -1.000000 0.000000 0.000000
vn -1.000000 0.000000 0.000000
vn 0.000000 0.000000 -1.000000
vn 0.000000 0.000000 -1.000000
vn 0.000000 1.000000 0.000000
vn 0.000000 1.000000 0.000000
vn -1.000000 0.000000 0.000000
vn -1.000000 0.000000 0.000000
vn -1.000000 0.000000 0.000000
vn -1.000000 0.000000 0.000000
vn -1.000000 0.000000 0.000000
vn -1.000000 0.000000 0.000000
vn -1.000000 0.000000 0.000000
vn -1.000000 0.000000 0.000000
vn 0.000000 -1.000000 0.000000
vn 0.000000 -1.000000 0.000000
vn 0.000000 -1.000000 0.000000
vn 0.000000 -1.000000 0.000000
vn 0.000000 -1.000000 0.000000
vn 0.000000 -1.000000 0.000000
vn -0.000000 0.000000 -1.000000
vn -0.000000 0.000000 -1.000000
vn -0.000002 0.000000 -1.000000
vn -0.000002 0.000000 -1.000000
vn -0.740196 -0.672391 0.000000
vn -0.740196 -0.672391 0.000000
vn -0.740196 -0.672391 0.000000
vn -0.740196 -0.672391 0.000000
vn -0.707112 0.000000 -0.707102
vn -0.707112 0.000000 -0.707102
vn -0.707112 0.000000 -0.707102
vn -0.707112 0.000000 -0.707102
vn -0.707105 0.000000 0.707109
vn -0.707105 0.000000 0.707109
vn -0.707105 0.000000 0.707109
vn -0.707105 0.000000 0.707109
vn -0.707112 0.000000 -0.707102
vn -0.707112 0.000000 -0.707102
vn -0.707112 0.000000 -0.707102
vn -0.707112 0.000000 -0.707102
vn -0.740196 0.672391 0.000000
vn -0.740196 0.672391 0.000000
vn -0.740196 0.672391 0.000000
vn -0.740196 0.672391 0.000000
vn -0.707105 0.000000 0.707109
vn -0.707105 0.000000 0.707109
vn -0.707105 0.000000 0.707109
vn -0.707105 0.000000 0.707109
vn -0.740201 0.672386 0.000000
vn -0.740201 0.672386 0.000000
vn -0.740201 0.672386 0.000000
vn -0.740201 0.672386 0.000000
vn -0.740210 -0.672375 0.000000
vn -0.740210 -0.672375 0.000000
vn -0.740210 -0.672375 0.000000
vn -0.740210 -0.672375 0.000000
vn -0.707112 0.000000 -0.707101
vn -0.707112 0.000000 -0.707101
vn -0.707112 0.000000 -0.707101
vn -0.707112 0.000000 -0.707101
vn -0.740215 0.672370 0.000000
vn -0.740215 0.672370 0.000000
vn -0.740215 0.672370 0.000000
vn -0.740215 0.672370 0.000000
vn -0.707127 0.000000 0.707087
vn -0.707127 0.000000 0.707087
vn -0.707127 0.000000 0.707087
vn -0.707127 0.000000 0.707087
vn -0.707112 0.000000 -0.707101
vn -0.707112 0.000000 -0.707101
vn -0.707112 0.000000 -0.707101
vn -0.707112 0.000000 -0.707101
vn -0.740210 0.672375 0.000000
vn -0.740210 0.672375 0.000000
vn -0.740210 0.672375 0.000000
vn -0.740210 0.672375 0.000000
vn -0.707127 0.000000 0.707087
vn -0.707127 0.000000 0.707087
vn -0.707127 0.000000 0.707087
vn -0.707127 0.000000 0.707087
vn -0.740215 -0.672370 0.000000
vn -0.740215 -0.672370 0.000000
vn -0.740215 -0.672370 0.000000
vn -0.740215 -0.672370 0.000000
vn -0.740201 -0.672386 0.000000
vn -0.740201 -0.672386 0.000000
vn -0.740201 -0.672386 0.000000
vn -0.740201 -0.672386 0.000000
vn -0.707108 0.000000 -0.707106
vn -0.707108 0.000000 -0.707106
vn -0.707108 0.000000 -0.707106
vn -0.707108 0.000000 -0.707106
vn -0.740207 -0.672379 0.000000
vn -0.740207 -0.672379 0.000000
vn -0.740207 -0.672379 0.000000
vn -0.740207 -0.672379 0.000000
vn -0.740196 0.672392 0.000000
vn -0.740196 0.672392 0.000000
vn -0.740196 0.672392 0.000000
vn -0.740196 0.672392 0.000000
vn -0.707088 0.000000 0.707126
vn -0.707088 0.000000 0.707126
vn -0.707088 0.000000 0.707126
vn -0.707088 0.000000 0.707126
vn -0.707110 0.000000 -0.707103
vn -0.707111 0.000000 -0.707103
vn -0.707111 0.000000 -0.707103
vn -0.707110 0.000000 -0.707103
vn -0.740210 0.672376 0.000000
vn -0.740210 0.672376 0.000000
vn -0.740210 0.672376 0.000000
vn -0.740210 0.672376 0.000000
vn -0.740193 -0.672395 0.000000
vn -0.740193 -0.672395 0.000000
vn -0.740193 -0.672395 0.000000
vn -0.740193 -0.672395 0.000000
vn -0.707094 0.000000 0.707119
vn -0.707094 0.000000 0.707119
vn -0.707094 0.000000 0.707119
vn -0.707094 0.000000 0.707119
vn -1.000000 0.000000 0.000000
vn -1.000000 0.000000 0.000000
vn -1.000000 0.000000 0.000000
vn -1.000000 0.000000 0.000000
vn -1.000000 0.000000 0.000000
vn -1.000000 0.000000 0.000000
vn -1.000000 0.000000 0.000000
vn -1.000000 0.000000 0.000000
vn -1.000000 -0.000000 0.000000
vn -1.000000 -0.000000 0.000000
vn -1.000000 -0.000000 0.000000
vn -1.000000 -0.000000 0.000000
vn -1.000000 -0.000000 0.000000
vn -1.000000 -0.000005 0.000000
vn -1.000000 -0.000005 0.000000
vn -1.000000 -0.000000 0.000000
vn -1.000000 0.000000 0.000000
vn -1.000000 0.000000 0.000000
vn -1.000000 0.000000 0.000000
vn -1.000000 0.000000 0.000000
vn -1.000000 0.000000 0.000000
vn -1.000000 0.000000 0.000000
vn 0.000000 -1.000000 0.000000
vn 0.000000 0.000000 1.000000
vn -1.000000 0.000000 0.000000
vn -1.000000 0.000000 0.000000
vn -1.000000 0.000000 0.000000
vn 0.000000 1.000000 0.000000
vn -1.000000 0.000000 0.000000
vn -1.000000 0.000000 0.000000
vn -1.000000 -0.000000 0.000000
vn 0.000000 0.000000 -1.000000
vn 0.000000 0.000000 1.000000
vn -1.000000 0.000000 0.000000
vn -1.000000 0.000000 0.000000
vn -1.000000 0.000000 0.000000
vn 0.000000 0.000000 -1.000000
vn 0.000000 1.000000 0.000000
vn -1.000000 -0.000000 0.000000
vn 0.000000 -1.000000 0.000000
vn 0.000000 0.000000 -1.000000
vn 0.000000 0.000000 -1.000000
vn 0.000000 0.000000 -1.000000
vn 0.000000 0.000000 -1.000000
vn 0.000000 1.000000 0.000000
vn 0.000000 1.000000 0.000000
vn 0.000000 1.000000 0.000000
vn 0.000000 1.000000 0.000000
vn 0.000000 0.000000 1.000000
vn 0.000000 0.000000 1.000000
vn 0.000000 0.000000 1.000000
vn 0.000000 0.000000 1.000000
vn 0.000000 -1.000000 0.000000
vn 0.000000 -1.000000 0.000000
vn 0.000000 -1.000000 0.000000
vn 0.000000 -1.000000 0.000000
vn 0.000000 0.000000 -1.000000
vn 0.000000 0.000000 -1.000000
vn 0.000000 0.000000 -1.000000
vn 0.000000 0.000000 -1.000000
vn 0.000000 1.000000 0.000000
vn 0.000000 1.000000 0.000000
vn 0.000000 1.000000 0.000000
vn 0.000000 1.000000 0.000000
vn 0.000000 0.000000 1.000000
vn 0.000000 0.000000 1.000000
vn 0.000000 0.000000 1.000000
vn 0.000000 0.000000 1.000000
vn 0.000000 -1.000000 0.000000
vn 0.000000 -1.000000 0.000000
vn 0.000000 -1.000000 0.000000
vn 0.000000 -1.000000 0.000000
vn 0.000000 1.000000 0.000000
vn 0.000000 1.000000 0.000000
vn 0.000000 1.000000 0.000000
vn 0.000000 1.000000 0.000000
vn 0.000000 0.000000 1.000000
vn 0.000000 0.000000 1.000000
vn 0.000000 0.000000 1.000000
vn 0.000000 0.000000 1.000000
vn 0.000000 -1.000000 0.000000
vn 0.000000 -1.000000 0.000000
vn 0.000000 -1.000000 0.000000
vn 0.000000 -1.000000 0.000000
vn 0.000000 0.000000 -1.000000
vn 0.000000 0.000000 -1.000000
vn 0.000000 0.000000 -1.000000
vn 0.000000 0.000000 -1.000000
vn 0.000000 1.000000 0.000000
vn 0.000000 1.000000 0.000000
vn 0.000000 1.000000 0.000000
vn 0.000000 1.000000 0.000000
vn 0.000000 0.000000 1.000000
vn 0.000000 0.000000 1.000000
vn 0.000000 0.000000 1.000000
vn 0.000000 0.000000 1.000000
vn 0.000000 -1.000000 0.000000
vn 0.000000 -1.000000 0.000000
vn 0.000000 -1.000000 0.000000
vn 0.000000 -1.000000 0.000000
vn 0.000000 0.000000 -1.000000
vn 0.000000 0.000000 -1.000000
vn 0.000000 0.000000 -1.000000
vn 0.000000 0.000000 -1.000000
vn -1.000000 0.000000 0.000000
vn -1.000000 0.000000 0.000000
vn -1.000000 -0.000002 0.000000
vn -1.000000 -0.000002 0.000000
vn -0.511282 -0.464461 -0.723095
vn -0.511282 -0.464461 -0.723095
vn -0.511282 -0.464461 -0.723095
vn -0.523392 0.672381 0.523416
vn -0.523392 0.672381 0.523416
vn -0.523392 0.672381 0.523416
vn -0.511304 0.464438 -0.723095
vn -0.511304 0.464438 -0.723095
vn -0.511304 0.464438 -0.723095
vn -0.523427 0.672364 -0.523403
vn -0.523427 0.672364 -0.523403
vn -0.523427 0.672364 -0.523403
vn -0.523392 -0.672381 0.523416
vn -0.523392 -0.672381 0.523416
vn -0.523392 -0.672381 0.523416
vn -0.523427 -0.672364 -0.523403
vn -0.523427 -0.672364 -0.523403
vn -0.523427 -0.672364 -0.523403
vn -0.511233 0.464460 0.723130
vn -0.511233 0.464460 0.723130
vn -0.511233 0.464460 0.723130
vn -0.511282 -0.464461 0.723095
vn -0.511282 -0.464461 0.723095
vn -0.511282 -0.464461 0.723095
vn -1.000000 0.000000 0.000000
vn -1.000000 0.000000 0.000000
vn -1.000000 0.000000 0.000000
vn -1.000000 0.000000 0.000000
vn -1.000000 0.000000 0.000000
vn -1.000000 0.000000 0.000000
vn -1.000000 0.000000 0.000000
vn -1.000000 0.000000 0.000000
vn -1.000000 0.000000 0.000000
vn -1.000000 0.000000 0.000000
vn -1.000000 0.000000 0.000000
vn 0.000000 -0.798177 -0.602423
vn 0.000000 -0.798171 -0.602431
vn 0.000000 -0.798169 -0.602433
vn 0.000000 -0.798169 -0.602433
vn 0.000000 0.774760 0.632255
vn 0.000000 0.774760 0.632255
vn 0.000000 0.778298 0.627895
vn -0.000000 0.778298 0.627896
vn 0.000000 -0.865673 0.500611
vn 0.000000 -0.865673 0.500611
vn 0.000000 -0.865673 0.500611
vn 0.000000 -0.865673 0.500611
vn -0.000000 0.798174 0.602427
vn 0.000000 -0.798179 -0.602421
vn 0.000000 -0.798179 -0.602420
vn -1.000000 0.000002 0.000000
vn -1.000000 0.000002 0.000000
vn 0.000000 0.798175 0.602426
vn -1.000000 0.000000 0.000000
vn -1.000000 0.000000 0.000000
vn -1.000000 0.000000 0.000000
vn -1.000000 -0.000001 0.000000
vn -1.000000 -0.000001 0.000000
vn -1.000000 -0.000001 0.000000
vn -1.000000 -0.000001 0.000000
vn 0.000000 -0.798180 0.602418
vn 0.000000 -0.798171 0.602431
vn 0.000000 -0.798171 0.602431
vn 0.000000 -0.798172 0.602429
vn 0.000000 0.774762 -0.632253
vn -0.000000 0.778298 -0.627895
vn 0.000000 0.778299 -0.627894
vn 0.000000 0.774762 -0.632253
vn 0.000000 -0.865673 -0.500611
vn 0.000000 -0.865673 -0.500611
vn 0.000000 -0.865673 -0.500611
vn 0.000000 -0.865673 -0.500611
vn -0.000000 0.798175 -0.602426
vn 0.000000 -0.798181 0.602417
vn 0.000000 -0.798183 0.602415
vn -1.000000 0.000002 0.000000
vn -1.000000 0.000002 0.000000
vn 0.000000 0.798173 -0.602428
vn -0.000002 0.765785 0.643096
vn -0.000001 1.000000 0.000000
vn -0.000001 1.000000 -0.000000
vn -0.000002 0.765785 0.643096
vn -0.000000 0.765787 -0.643094
vn -0.000000 0.765787 -0.643094
vn -1.000000 0.000000 0.000000
vn -1.000000 0.000000 0.000000
vn -1.000000 0.000000 0.000000
vn -1.000000 0.000000 0.000000
vn -1.000000 0.000000 0.000000
vn -0.000000 0.000000 0.000000
vn -0.000001 0.000000 1.000000
vn -0.000001 0.000000 1.000000
vn 0.000000 -1.000000 0.000000
vn 0.000000 -1.000000 0.000000
vn -0.000000 0.774760 0.632255
vn 0.000000 -0.865674 0.500608
vn 0.000000 -0.865674 0.500608
vn 0.000000 0.000000 -1.000000
vn 0.000000 0.000000 -1.000000
vn 0.000000 -1.000000 0.000000
vn -0.000000 0.774761 -0.632254
vn 0.000000 -0.865674 -0.500608
vn 0.000000 -0.865674 -0.500608
vn -0.000000 1.000000 -0.000000
vn 0.000000 0.765787 0.643095
vn -0.000000 0.765787 -0.643095
vn 0.000000 0.000000 1.000000
vn 0.000000 0.000000 1.000000
vn 0.000000 0.000000 1.000000
vn 0.000000 0.000000 1.000000
vn -0.153410 0.988163 0.000000
vn -0.153410 0.988163 0.000000
vn -0.153410 0.988163 0.000000
vn -0.153410 0.988163 0.000000
vn 0.000000 0.000000 -1.000000
vn 0.000000 0.000000 -1.000000
vn 0.000000 0.000000 -1.000000
vn 0.000000 0.000000 -1.000000
vn 0.153410 -0.988163 0.000000
vn 0.153410 -0.988163 0.000000
vn 0.153410 -0.988163 0.000000
vn 0.153410 -0.988163 0.000000
vn -0.988162 -0.153412 0.000000
vn -0.988162 -0.153412 0.000000
vn -0.988162 -0.153412 0.000000
vn -0.988162 -0.153412 0.000000
vn 0.988163 0.153409 0.000000
vn 0.988163 0.153409 0.000000
vn 0.988163 0.153409 0.000000
vn 0.988163 0.153409 0.000000
vn -0.588313 0.808633 0.000000
vn -0.588313 0.808633 0.000000
vn -0.588313 0.808633 0.000000
vn -0.588313 0.808633 0.000000
vn -0.117969 0.993017 0.000000
vn -0.117969 0.993017 0.000000
vn -0.117969 0.993017 0.000000
vn -0.117969 0.993017 0.000000
vn -0.117969 0.993017 0.000000
vn -0.117969 0.993017 0.000000
vn -0.117969 0.993017 0.000000
vn -0.117969 0.993017 0.000000
vn -0.588313 0.808633 0.000000
vn -0.588313 0.808633 0.000000
vn -0.588313 0.808633 0.000000
vn -0.588313 0.808633 0.000000
vn -0.588313 0.808633 0.000000
vn -0.588313 0.808633 0.000000
vn -0.117969 0.993017 0.000000
vn -0.117969 0.993017 0.000000
vn -0.117969 0.993017 0.000000
vn -0.117969 0.993017 0.000000
vn -0.117969 0.993017 0.000000
vn -0.117969 0.993017 0.000000
vn -0.588313 0.808633 0.000000
vn -0.588313 0.808633 0.000000
vn -0.588313 0.808633 0.000000
vn -0.588313 0.808633 0.000000
vn -0.060845 0.998147 -0.000009
vn -0.060832 0.998148 -0.000002
vn -0.060832 0.998148 -0.000002
vn -0.060845 0.998147 -0.000009
vn 0.060833 -0.998148 0.000000
vn 0.060826 -0.998148 -0.000001
vn 0.060826 -0.998148 -0.000001
vn 0.060833 -0.998148 0.000000
vn -0.060828 0.998148 0.000000
vn -0.060828 0.998148 0.000000
vn -0.957746 -0.058368 -0.281631
vn -0.957746 -0.058368 -0.281631
vn -0.957744 -0.058370 -0.281638
vn -0.957745 -0.058368 -0.281636
vn -0.957745 -0.058368 -0.281635
vn -0.957746 -0.058363 -0.281632
vn -0.957746 -0.058363 -0.281632
vn -0.957743 -0.058363 -0.281641
vn -0.957743 -0.058363 -0.281641
vn -0.957745 -0.058364 -0.281635
vn 0.060824 -0.998149 -0.000001
vn 0.060824 -0.998149 -0.000001
vn 0.281111 0.017130 -0.959522
vn 0.281093 0.017130 -0.959528
vn 0.281107 0.017131 -0.959523
vn 0.281111 0.017130 -0.959522
vn 0.957745 0.058365 0.281635
vn 0.957745 0.058365 0.281635
vn 0.957745 0.058365 0.281635
vn 0.957745 0.058365 0.281635
vn -0.281113 -0.017132 0.959522
vn -0.281105 -0.017131 0.959524
vn -0.281105 -0.017131 0.959524
vn -0.281104 -0.017131 0.959524
vn -0.281104 -0.017131 0.959524
vn -0.281102 -0.017131 0.959525
vn -0.957742 -0.058364 -0.281645
vn -0.957745 -0.058365 -0.281635
vn -0.957745 -0.058363 -0.281636
vn -0.957743 -0.058363 -0.281641
vn -0.957744 -0.058363 -0.281637
vn -0.957745 -0.058361 -0.281636
vn -0.957745 -0.058364 -0.281635
vn 0.281111 0.017131 -0.959522
vn 0.281111 0.017131 -0.959522
vn 0.957745 0.058365 0.281635
vn 0.957745 0.058365 0.281635
vn 0.281108 0.017131 -0.959523
vn 0.281111 0.017131 -0.959522
vn -0.957746 -0.058366 -0.281631
vn -0.957747 -0.058366 -0.281630
vn 0.281093 0.017130 -0.959528
vn -0.281104 -0.017131 0.959525
vn -0.281112 -0.017132 0.959522
vn -0.957745 -0.058366 -0.281636
vn -0.957745 -0.058366 -0.281636
vn -0.957745 -0.058366 -0.281636
vn -0.281102 -0.017131 0.959525
vn -0.957743 -0.058365 -0.281640
vn 0.957745 0.058365 0.281635
vn 0.957745 0.058365 0.281635
vn -0.281103 -0.017131 0.959525
vn -0.281104 -0.017131 0.959525
vn -0.281104 -0.017131 0.959524
vn -0.957744 -0.058366 -0.281637
vn -0.957745 -0.058365 -0.281636
vn -0.957745 -0.058365 -0.281636
vn -0.957745 -0.058365 -0.281636
vn -0.957747 -0.058365 -0.281627
vn -0.957745 -0.058366 -0.281633
vn 0.281111 0.017131 -0.959522
vn 0.281111 0.017130 -0.959522
vn 0.281112 0.017130 -0.959522
vn -0.957745 -0.058364 -0.281636
vn -0.957745 -0.058364 -0.281636
vn -0.957745 -0.058364 -0.281636
vn -0.957745 -0.058365 -0.281635
vn -0.957745 -0.058365 -0.281635
vn -0.957745 -0.058365 -0.281635
vn -0.258376 0.604801 0.753298
vn -0.258376 0.604801 0.753298
vn -0.258376 0.604801 0.753298
vn -0.258376 0.604801 0.753298
vn 0.281124 0.017131 -0.959519
vn 0.281124 0.017131 -0.959519
vn 0.281124 0.017131 -0.959519
vn 0.281124 0.017131 -0.959518
vn 0.060828 -0.998148 0.000001
vn 0.060828 -0.998148 0.000001
vn 0.060828 -0.998148 0.000001
vn 0.060828 -0.998148 0.000001
vn -0.183022 -0.631698 0.753300
vn -0.183022 -0.631698 0.753300
vn -0.183022 -0.631698 0.753300
vn -0.183022 -0.631698 0.753300
vn -0.060828 0.998148 0.000000
vn -0.060828 0.998148 0.000000
vn -0.060828 0.998148 0.000000
vn -0.060828 0.998148 0.000000
vn 0.281123 0.017132 -0.959519
vn 0.281123 0.017132 -0.959519
vn 0.281123 0.017132 -0.959519
vn 0.281123 0.017132 -0.959519
vn 0.183018 0.631695 -0.753303
vn 0.183018 0.631695 -0.753303
vn 0.183018 0.631695 -0.753303
vn 0.183018 0.631695 -0.753303
vn 0.060827 -0.998148 -0.000001
vn 0.060827 -0.998148 -0.000001
vn 0.060827 -0.998148 -0.000001
vn 0.060827 -0.998148 -0.000001
vn -0.281103 -0.017131 0.959525
vn -0.281103 -0.017131 0.959525
vn -0.281103 -0.017131 0.959525
vn -0.281103 -0.017131 0.959525
vn -0.060828 0.998148 -0.000000
vn -0.060828 0.998148 -0.000000
vn -0.060828 0.998148 -0.000000
vn -0.060828 0.998148 -0.000000
vn 0.258371 -0.604793 -0.753306
vn 0.258371 -0.604793 -0.753306
vn 0.258370 -0.604793 -0.753306
vn 0.258371 -0.604793 -0.753306
vn -0.281103 -0.017131 0.959525
vn -0.281103 -0.017131 0.959525
vn -0.281103 -0.017131 0.959525
vn -0.281103 -0.017131 0.959525
vn -0.000000 0.000000 1.000000
vn -0.000000 0.000000 1.000000
vn 0.000000 0.000000 1.000000
vn 0.000000 0.000000 1.000000
vn -0.000000 0.000000 -1.000000
vn -0.000000 0.000000 -1.000000
vn -0.000001 0.000000 -1.000000
vn -0.000001 0.000000 -1.000000
vn -0.059554 0.998225 0.000000
vn -0.059554 0.998225 0.000000
vn -0.059554 0.998225 0.000000
vn -0.059554 0.998225 0.000000
vn 0.998226 0.059545 0.000000
vn 0.998226 0.059545 0.000000
vn 0.998226 0.059545 0.000000
vn 0.998226 0.059545 0.000000
vn 0.072503 -0.997368 0.000000
vn 0.059556 -0.998225 0.000000
vn 0.059556 -0.998225 0.000000
vn 0.072503 -0.997368 0.000000
vn -0.998225 -0.059554 0.000000
vn -0.998225 -0.059554 0.000000
vn -0.998225 -0.059554 0.000000
vn -0.998225 -0.059554 0.000000
vn -0.059555 0.998225 0.000000
vn -0.059555 0.998225 0.000000
vn 0.142379 -0.989812 0.000000
vn 0.059557 -0.998225 0.000000
vn -0.998225 -0.059554 0.000000
vn -0.998225 -0.059554 0.000000
vn 0.998225 0.059555 0.000000
vn 0.998225 0.059555 0.000000
vn 0.998225 0.059555 0.000000
vn 0.998225 0.059555 0.000000
vn 0.998225 0.059555 0.000000
vn 0.998225 0.059555 0.000000
vn 0.998225 0.059555 0.000000
vn 0.998225 0.059555 0.000000
vn 0.142379 -0.989812 0.000000
vn 0.059557 -0.998225 0.000000
vn -0.998225 -0.059554 0.000000
vn -0.998225 -0.059554 0.000000
vn -0.059555 0.998225 0.000000
vn -0.059555 0.998225 0.000000
vn 0.000000 0.000000 -1.000000
vn 0.000000 0.000000 -1.000000
vn 0.000000 0.000000 -1.000000
vn 0.000000 0.000000 -1.000000
vn 0.149922 -0.988698 0.000000
vn 0.149922 -0.988698 0.000000
vn -0.000000 0.000000 1.000000
vn -0.000000 0.000000 1.000000
vn -0.149922 0.988698 0.000000
vn -0.149922 0.988698 0.000000
vn -0.149922 0.988698 0.000000
vn -0.149922 0.988698 0.000000
vn 0.149922 -0.988698 0.000000
vn 0.149922 -0.988698 0.000000
vn 0.000000 0.000000 1.000000
vn 0.000000 0.000000 1.000000
vn 0.000000 0.000000 1.000000
vn 0.000000 0.000000 1.000000
vn -0.149922 0.988698 0.000000
vn -0.149922 0.988698 0.000000
vn -0.149922 0.988698 0.000000
vn -0.149922 0.988698 0.000000
vn 0.000000 0.000000 -1.000000
vn 0.000000 0.000000 -1.000000
vn -1.000000 -0.000002 0.000000
vn -1.000000 -0.000002 0.000000
vn -1.000000 -0.000002 0.000000
vn -1.000000 -0.000002 0.000000
vn 0.000000 0.000000 -1.000000
vn 0.000000 0.000000 -1.000000
vn 0.000000 0.000000 -1.000000
vn 0.000000 0.000000 -1.000000
vn 1.000000 0.000000 0.000000
vn 1.000000 0.000000 0.000000
vn 1.000000 0.000000 0.000000
vn 1.000000 0.000000 0.000000
vn 0.000000 0.000000 1.000000
vn 0.000000 0.000000 1.000000
vn 0.000000 0.000000 1.000000
vn 0.000000 0.000000 1.000000
vn -1.000000 -0.000002 0.000000
vn -1.000000 -0.000002 0.000000
vn -1.000000 -0.000002 0.000000
vn -1.000000 -0.000002 0.000000
vn 0.000000 0.000000 -1.000000
vn 0.000000 0.000000 -1.000000
vn 0.000000 0.000000 -1.000000
vn 0.000000 0.000000 -1.000000
vn 1.000000 0.000000 0.000000
vn 1.000000 0.000000 0.000000
vn 1.000000 0.000000 0.000000
vn 1.000000 0.000000 0.000000
vn 0.000000 0.000000 1.000000
vn 0.000000 0.000000 1.000000
vn 0.000000 0.000000 1.000000
vn 0.000000 0.000000 1.000000
vn -1.000000 0.000000 0.000000
vn -1.000000 0.000000 0.000000
vn -1.000000 0.000000 0.000000
vn -1.000000 0.000000 0.000000
vn -1.000000 0.000000 0.000000
vn -1.000000 0.000000 0.000000
vn -1.000000 0.000000 0.000000
vn -1.000000 0.000000 0.000000
vn -1.000000 0.000000 0.000000
vn -1.000000 0.000000 0.000000
vn -1.000000 0.000000 0.000000
vn 0.000000 -0.798177 -0.602423
vn 0.000000 -0.798171 -0.602431
vn 0.000000 -0.798169 -0.602433
vn 0.000000 -0.798169 -0.602433
vn 0.000000 0.774760 0.632255
vn 0.000000 0.774760 0.632255
vn 0.000000 0.778298 0.627895
vn -0.000000 0.778298 0.627896
vn 0.000000 -0.865673 0.500611
vn 0.000000 -0.865673 0.500611
vn 0.000000 -0.865673 0.500611
vn 0.000000 -0.865673 0.500611
vn -0.000000 0.798174 0.602427
vn 0.000000 -0.798179 -0.602421
vn 0.000000 -0.798179 -0.602420
vn -1.000000 0.000002 0.000000
vn -1.000000 0.000002 0.000000
vn 0.000000 0.798175 0.602426
vn -1.000000 0.000000 0.000000
vn -1.000000 0.000000 0.000000
vn -1.000000 0.000000 0.000000
vn -1.000000 -0.000001 0.000000
vn -1.000000 -0.000001 0.000000
vn -1.000000 -0.000001 0.000000
vn -1.000000 -0.000001 0.000000
vn 0.000000 -0.798180 0.602419
vn 0.000000 -0.798171 0.602431
vn 0.000000 -0.798171 0.602431
vn 0.000000 -0.798172 0.602429
vn 0.000000 0.774762 -0.632253
vn -0.000000 0.778299 -0.627895
vn 0.000000 0.778299 -0.627894
vn 0.000000 0.774762 -0.632253
vn 0.000000 -0.865674 -0.500609
vn 0.000000 -0.865674 -0.500609
vn 0.000000 -0.865674 -0.500609
vn 0.000000 -0.865674 -0.500609
vn -0.000000 0.798175 -0.602426
vn 0.000000 -0.798181 0.602418
vn 0.000000 -0.798183 0.602416
vn -1.000000 0.000000 0.000000
vn -1.000000 0.000000 0.000000
vn 0.000000 0.798174 -0.602427
vn -0.000002 0.765785 0.643096
vn -0.000002 1.000000 0.000000
vn -0.000002 1.000000 -0.000000
vn -0.000002 0.765785 0.643096
vn -0.000001 0.765787 -0.643094
vn -0.000001 0.765787 -0.643094
vn -1.000000 0.000000 0.000000
vn -1.000000 0.000000 0.000000
vn -1.000000 0.000000 0.000000
vn -1.000000 0.000000 0.000000
vn -1.000000 0.000000 0.000000
vn -0.000000 0.000000 0.000000
vn -0.000001 0.000000 1.000000
vn -0.000001 0.000000 1.000000
vn 0.000000 -1.000000 0.000000
vn 0.000000 -1.000000 0.000000
vn -0.000000 0.774760 0.632255
vn 0.000000 -0.865674 0.500608
vn 0.000000 -0.865674 0.500608
vn 0.000000 0.000000 -1.000000
vn 0.000000 0.000000 -1.000000
vn 0.000000 -1.000000 0.000000
vn -0.000000 0.774761 -0.632254
vn 0.000000 -0.865675 -0.500606
vn 0.000000 -0.865675 -0.500606
vn -0.000000 1.000000 -0.000000
vn 0.000000 0.765787 0.643095
vn -0.000000 0.765787 -0.643095
vn 0.000000 0.000000 1.000000
vn 0.000000 0.000000 1.000000
vn 0.000000 0.000000 1.000000
vn 0.000000 0.000000 1.000000
vn 0.000000 0.000000 1.000000
vn 0.000000 0.000000 1.000000
vn 0.000000 0.000000 1.000000
vn 0.000000 0.000000 1.000000
vn 0.000000 0.000000 -1.000000
vn 0.000000 0.000000 -1.000000
vn 0.000000 0.000000 -1.000000
vn 0.000000 0.000000 -1.000000
vn 0.000000 1.000000 0.000000
vn 0.000000 1.000000 0.000000
vn 0.000000 1.000000 0.000000
vn 0.000000 1.000000 0.000000
vn 0.000000 1.000000 0.000000
vn 0.000000 1.000000 0.000000
vn 0.000000 1.000000 0.000000
vn 0.000000 1.000000 0.000000
vn 0.000000 -1.000000 0.000000
vn 0.000000 -1.000000 0.000000
vn 0.000000 -1.000000 0.000000
vn 0.000000 -1.000000 0.000000
vn -1.000000 0.000000 0.000000
vn -1.000000 0.000000 0.000000
vn -1.000000 0.000000 0.000000
vn -1.000000 0.000000 0.000000
vn 0.000000 0.000000 1.000000
vn 0.000000 0.000000 1.000000
vn 0.000000 1.000000 0.000000
vn 0.000000 1.000000 0.000000
vn 0.000000 0.000000 -1.000000
vn 0.000000 0.000000 -1.000000
vn 0.000000 -1.000000 0.000000
vn 0.000000 -1.000000 0.000000
vn 0.000000 0.000000 1.000000
vn 0.000000 0.000000 1.000000
vn -1.000000 0.000000 0.000000
vn -1.000000 0.000000 0.000000
vn -1.000000 0.000000 0.000000
vn -1.000000 0.000000 0.000000
vn 0.000000 0.000000 -1.000000
vn 0.000000 0.000000 -1.000000
vn 0.000000 1.000000 0.000000
vn 0.000000 1.000000 0.000000
vn -1.000000 0.000000 0.000000
vn -1.000000 0.000000 0.000000
vn -1.000000 0.000000 0.000000
vn -1.000000 0.000000 0.000000
vn -1.000000 0.000000 0.000000
vn -1.000000 0.000000 0.000000
vn -1.000000 0.000000 0.000000
vn -1.000000 0.000000 0.000000
vn 0.000000 -1.000000 0.000000
vn 0.000000 -1.000000 0.000000
vn 0.000000 -1.000000 0.000000
vn 0.000000 -1.000000 0.000000
vn 0.000000 -1.000000 0.000000
vn 0.000000 -1.000000 0.000000
vn 0.000001 0.000000 -1.000000
vn 0.000001 0.000000 -1.000000
vn 0.000005 0.000000 -1.000000
vn 0.000005 0.000000 -1.000000
vn -0.634804 -0.772673 0.000000
vn -0.634804 -0.772673 0.000000
vn -0.634804 -0.772673 0.000000
vn -0.634804 -0.772673 0.000000
vn -0.707103 0.000000 -0.707111
vn -0.707103 0.000000 -0.707111
vn -0.707103 0.000000 -0.707111
vn -0.707103 0.000000 -0.707111
vn -0.707100 0.000000 0.707114
vn -0.707100 0.000000 0.707114
vn -0.707100 0.000000 0.707114
vn -0.707100 0.000000 0.707114
vn -0.707102 0.000000 -0.707111
vn -0.707102 0.000000 -0.707111
vn -0.707102 0.000000 -0.707111
vn -0.707102 0.000000 -0.707111
vn -0.634804 0.772673 0.000000
vn -0.634804 0.772673 0.000000
vn -0.634804 0.772673 0.000000
vn -0.634804 0.772673 0.000000
vn -0.707100 0.000000 0.707114
vn -0.707100 0.000000 0.707114
vn -0.707100 0.000000 0.707114
vn -0.707100 0.000000 0.707114
vn -0.634823 0.772658 0.000000
vn -0.634823 0.772658 0.000000
vn -0.634823 0.772658 0.000000
vn -0.634823 0.772658 0.000000
vn -0.634803 -0.772674 0.000000
vn -0.634803 -0.772674 0.000000
vn -0.634803 -0.772674 0.000000
vn -0.634803 -0.772674 0.000000
vn -0.707109 0.000000 -0.707105
vn -0.707109 0.000000 -0.707105
vn -0.707109 0.000000 -0.707105
vn -0.707109 0.000000 -0.707105
vn -0.634821 0.772659 0.000000
vn -0.634821 0.772659 0.000000
vn -0.634821 0.772659 0.000000
vn -0.634821 0.772659 0.000000
vn -0.707127 0.000000 0.707087
vn -0.707127 0.000000 0.707087
vn -0.707127 0.000000 0.707087
vn -0.707127 0.000000 0.707087
vn -0.707109 0.000000 -0.707105
vn -0.707109 0.000000 -0.707105
vn -0.707109 0.000000 -0.707105
vn -0.707109 0.000000 -0.707105
vn -0.634803 0.772674 0.000000
vn -0.634803 0.772674 0.000000
vn -0.634803 0.772674 0.000000
vn -0.634803 0.772674 0.000000
vn -0.707126 0.000000 0.707087
vn -0.707126 0.000000 0.707087
vn -0.707126 0.000000 0.707087
vn -0.707126 0.000000 0.707087
vn -0.634821 -0.772659 0.000000
vn -0.634821 -0.772659 0.000000
vn -0.634821 -0.772659 0.000000
vn -0.634821 -0.772659 0.000000
vn -0.634823 -0.772658 0.000000
vn -0.634823 -0.772658 0.000000
vn -0.634823 -0.772658 0.000000
vn -0.634823 -0.772658 0.000000
vn -0.707124 0.000000 -0.707090
vn -0.707123 0.000000 -0.707090
vn -0.707123 0.000000 -0.707090
vn -0.707123 0.000000 -0.707090
vn -0.634817 -0.772662 0.000000
vn -0.634817 -0.772662 0.000000
vn -0.634817 -0.772662 0.000000
vn -0.634817 -0.772662 0.000000
vn -0.634813 0.772666 0.000000
vn -0.634813 0.772666 0.000000
vn -0.634813 0.772666 0.000000
vn -0.634813 0.772666 0.000000
vn -0.707100 0.000000 0.707113
vn -0.707100 0.000000 0.707113
vn -0.707100 0.000000 0.707113
vn -0.707100 0.000000 0.707113
vn -0.707104 0.000000 -0.707110
vn -0.707104 0.000000 -0.707110
vn -0.707104 0.000000 -0.707110
vn -0.707104 0.000000 -0.707110
vn -0.634817 0.772662 0.000000
vn -0.634817 0.772662 0.000000
vn -0.634817 0.772662 0.000000
vn -0.634817 0.772662 0.000000
vn -0.634813 -0.772666 0.000000
vn -0.634813 -0.772666 0.000000
vn -0.634813 -0.772666 0.000000
vn -0.634813 -0.772666 0.000000
vn -0.707091 0.000000 0.707123
vn -0.707091 0.000000 0.707123
vn -0.707091 0.000000 0.707123
vn -0.707091 0.000000 0.707123
vn -1.000000 0.000000 0.000000
vn -1.000000 0.000000 0.000000
vn -1.000000 0.000000 0.000000
vn -1.000000 0.000000 0.000000
vn -1.000000 0.000000 0.000000
vn -1.000000 0.000001 0.000000
vn -1.000000 0.000001 0.000000
vn -1.000000 0.000000 0.000000
vn -1.000000 0.000000 0.000000
vn -1.000000 0.000000 0.000000
vn -1.000000 -0.000001 0.000000
vn -1.000000 0.000000 0.000000
vn -1.000000 0.000000 0.000000
vn -1.000000 0.000000 0.000000
vn -1.000000 0.000000 0.000000
vn -1.000000 0.000000 0.000000
vn -1.000000 0.000001 0.000000
vn -1.000000 0.000000 0.000000
vn -1.000000 0.000000 0.000000
vn -1.000000 0.000002 0.000000
vn -1.000000 0.000001 0.000000
vn -1.000000 0.000000 0.000000
vn 0.000000 -1.000000 0.000000
vn 0.000000 0.000000 1.000000
vn -1.000000 -0.000001 0.000000
vn -1.000000 -0.000001 0.000000
vn -1.000000 0.000000 0.000000
vn 0.000000 1.000000 0.000000
vn -1.000000 0.000000 0.000000
vn -1.000000 0.000000 0.000000
vn -1.000000 0.000000 0.000000
vn 0.000000 0.000000 -1.000000
vn 0.000000 0.000000 1.000000
vn -1.000000 0.000001 0.000000
vn -1.000000 0.000000 0.000000
vn -1.000000 0.000001 0.000000
vn 0.000000 0.000000 -1.000000
vn 0.000000 1.000000 0.000000
vn -1.000000 -0.000002 0.000000
vn 0.000000 -1.000000 0.000000
vn 0.000000 0.000000 -1.000000
vn 0.000000 0.000000 -1.000000
vn 0.000000 0.000000 -1.000000
vn 0.000000 0.000000 -1.000000
vn 0.000000 1.000000 0.000000
vn 0.000000 1.000000 0.000000
vn 0.000000 1.000000 0.000000
vn 0.000000 1.000000 0.000000
vn 0.000000 0.000000 1.000000
vn 0.000000 0.000000 1.000000
vn 0.000000 0.000000 1.000000
vn 0.000000 0.000000 1.000000
vn 0.000000 -1.000000 0.000000
vn 0.000000 -1.000000 0.000000
vn 0.000000 -1.000000 0.000000
vn 0.000000 -1.000000 0.000000
vn 0.000000 0.000000 -1.000000
vn 0.000000 0.000000 -1.000000
vn 0.000000 0.000000 -1.000000
vn 0.000000 0.000000 -1.000000
vn 0.000000 1.000000 0.000000
vn 0.000000 1.000000 0.000000
vn 0.000000 1.000000 0.000000
vn 0.000000 1.000000 0.000000
vn 0.000000 0.000000 1.000000
vn 0.000000 0.000000 1.000000
vn 0.000000 0.000000 1.000000
vn 0.000000 0.000000 1.000000
vn 0.000000 -1.000000 0.000000
vn 0.000000 -1.000000 0.000000
vn 0.000000 -1.000000 0.000000
vn 0.000000 -1.000000 0.000000
vn 0.000000 1.000000 0.000000
vn 0.000000 1.000000 0.000000
vn 0.000000 1.000000 0.000000
vn 0.000000 1.000000 0.000000
vn 0.000000 0.000000 1.000000
vn 0.000000 0.000000 1.000000
vn 0.000000 0.000000 1.000000
vn 0.000000 0.000000 1.000000
vn 0.000000 -1.000000 0.000000
vn 0.000000 -1.000000 0.000000
vn 0.000000 -1.000000 0.000000
vn 0.000000 -1.000000 0.000000
vn 0.000000 0.000000 -1.000000
vn 0.000000 0.000000 -1.000000
vn 0.000000 0.000000 -1.000000
vn 0.000000 0.000000 -1.000000
vn 0.000000 1.000000 0.000000
vn 0.000000 1.000000 0.000000
vn 0.000000 1.000000 0.000000
vn 0.000000 1.000000 0.000000
vn 0.000000 0.000000 1.000000
vn 0.000000 0.000000 1.000000
vn 0.000000 0.000000 1.000000
vn 0.000000 0.000000 1.000000
vn 0.000000 -1.000000 0.000000
vn 0.000000 -1.000000 0.000000
vn 0.000000 -1.000000 0.000000
vn 0.000000 -1.000000 0.000000
vn 0.000000 0.000000 -1.000000
vn 0.000000 0.000000 -1.000000
vn 0.000000 0.000000 -1.000000
vn 0.000000 0.000000 -1.000000
vn -1.000000 0.000000 0.000000
vn -1.000000 0.000000 0.000000
vn -1.000000 0.000001 0.000000
vn -1.000000 0.000001 0.000000
vn -0.472400 -0.574940 -0.668043
vn -0.472400 -0.574940 -0.668043
vn -0.472400 -0.574940 -0.668043
vn -0.448850 0.772689 0.448871
vn -0.448850 0.772689 0.448871
vn -0.448850 0.772689 0.448871
vn -0.472400 0.574940 -0.668043
vn -0.472400 0.574940 -0.668043
vn -0.472400 0.574940 -0.668043
vn -0.448838 0.772715 -0.448838
vn -0.448838 0.772715 -0.448838
vn -0.448838 0.772715 -0.448838
vn -0.448833 -0.772661 0.448936
vn -0.448833 -0.772661 0.448936
vn -0.448834 -0.772661 0.448936
vn -0.448821 -0.772687 -0.448904
vn -0.448821 -0.772687 -0.448904
vn -0.448821 -0.772687 -0.448904
vn -0.472412 0.574911 0.668060
vn -0.472412 0.574911 0.668060
vn -0.472412 0.574911 0.668060
vn -0.472412 -0.574911 0.668060
vn -0.472412 -0.574911 0.668060
vn -0.472412 -0.574911 0.668060
vn -0.000000 0.000000 1.000000
vn -0.000000 0.000000 1.000000
vn -0.000000 0.000000 1.000000
vn -0.000000 0.000000 1.000000
vn -0.153410 0.988163 0.000000
vn -0.153410 0.988163 0.000000
vn -0.153410 0.988163 0.000000
vn -0.153410 0.988163 0.000000
vn -0.000000 0.000000 -1.000000
vn -0.000000 0.000000 -1.000000
vn -0.000000 0.000000 -1.000000
vn -0.000000 0.000000 -1.000000
vn 0.153410 -0.988163 0.000000
vn 0.153410 -0.988163 0.000000
vn 0.153410 -0.988163 0.000000
vn 0.153410 -0.988163 0.000000
vn -0.988162 -0.153412 0.000000
vn -0.988162 -0.153412 0.000000
vn -0.988162 -0.153412 0.000000
vn -0.988162 -0.153412 0.000000
vn 0.988163 0.153409 0.000000
vn 0.988163 0.153409 0.000000
vn 0.988163 0.153409 0.000000
vn 0.988163 0.153409 0.000000
vn -0.000000 0.000000 1.000000
vn -0.000000 0.000000 1.000000
vn -0.000000 0.000000 1.000000
vn -0.000000 0.000000 1.000000
vn -0.153410 0.988163 0.000000
vn -0.153410 0.988163 0.000000
vn -0.153410 0.988163 0.000000
vn -0.153410 0.988163 0.000000
vn 0.000000 0.000000 -1.000000
vn 0.000000 0.000000 -1.000000
vn 0.000000 0.000000 -1.000000
vn 0.000000 0.000000 -1.000000
vn 0.153410 -0.988163 0.000000
vn 0.153410 -0.988163 0.000000
vn 0.153410 -0.988163 0.000000
vn 0.153410 -0.988163 0.000000
vn -0.988162 -0.153412 0.000000
vn -0.988162 -0.153412 0.000000
vn -0.988162 -0.153412 0.000000
vn -0.988162 -0.153412 0.000000
vn 0.988163 0.153408 0.000000
vn 0.988163 0.153408 0.000000
vn 0.988163 0.153408 0.000000
vn 0.988163 0.153408 0.000000
vn 0.000000 0.000000 1.000000
vn 0.000000 0.000000 1.000000
vn 0.000000 0.000000 1.000000
vn 0.000000 0.000000 1.000000
vn -0.153410 0.988163 0.000000
vn -0.153410 0.988163 0.000000
vn -0.153410 0.988163 0.000000
vn -0.153410 0.988163 0.000000
vn 0.000000 0.000000 -1.000000
vn 0.000000 0.000000 -1.000000
vn 0.000000 0.000000 -1.000000
vn 0.000000 0.000000 -1.000000
vn 0.153410 -0.988163 0.000000
vn 0.153410 -0.988163 0.000000
vn 0.153410 -0.988163 0.000000
vn 0.153410 -0.988163 0.000000
vn -0.988162 -0.153412 0.000000
vn -0.988162 -0.153412 0.000000
vn -0.988162 -0.153412 0.000000
vn -0.988162 -0.153412 0.000000
vn 0.988163 0.153409 0.000000
vn 0.988163 0.153409 0.000000
vn 0.988163 0.153409 0.000000
vn 0.988163 0.153409 0.000000
vn 0.000000 0.000000 1.000000
vn 0.000000 0.000000 1.000000
vn 0.000000 0.000000 1.000000
vn 0.000000 0.000000 1.000000
vn 0.000000 0.000000 1.000000
vn 0.000004 0.000000 1.000000
vn 0.000004 0.000000 1.000000
vn 0.000000 0.000000 1.000000
vn -0.000000 0.000000 -1.000000
vn 0.000000 0.000000 -1.000000
vn 0.000000 0.000000 -1.000000
vn -0.000000 0.000000 -1.000000
vn 0.000000 1.000000 0.000000
vn 0.000000 1.000000 0.000000
vn 0.000000 1.000000 0.000000
vn 0.000000 1.000000 0.000000
vn 0.000000 1.000000 0.000000
vn 0.000000 1.000000 0.000000
vn 0.000000 1.000000 0.000000
vn 0.000000 1.000000 0.000000
vn 0.000000 -1.000000 0.000000
vn 0.000000 -1.000000 0.000000
vn 0.000000 -1.000000 0.000000
vn 0.000000 -1.000000 0.000000
vn -1.000000 0.000000 0.000000
vn -1.000000 0.000000 0.000000
vn -1.000000 0.000000 0.000000
vn -1.000000 0.000000 0.000000
vn 0.000000 0.000000 1.000000
vn 0.000000 0.000000 1.000000
vn 0.000000 1.000000 0.000000
vn 0.000000 1.000000 0.000000
vn 0.000000 0.000000 -1.000000
vn 0.000000 0.000000 -1.000000
vn 0.000000 -1.000000 0.000000
vn 0.000000 -1.000000 0.000000
vn 0.000000 0.000000 1.000000
vn 0.000000 0.000000 1.000000
vn -1.000000 0.000000 0.000000
vn -1.000000 0.000000 0.000000
vn -1.000000 0.000000 0.000000
vn -1.000000 0.000000 0.000000
vn 0.000000 0.000000 -1.000000
vn 0.000000 0.000000 -1.000000
vn 0.000000 1.000000 0.000000
vn 0.000000 1.000000 0.000000
vn -1.000000 0.000000 0.000000
vn -1.000000 0.000000 0.000000
vn -1.000000 0.000000 0.000000
vn -1.000000 0.000000 0.000000
vn -1.000000 0.000000 0.000000
vn -1.000000 0.000000 0.000000
vn -1.000000 0.000000 0.000000
vn -1.000000 0.000000 0.000000
vn 0.000000 -1.000000 0.000000
vn 0.000000 -1.000000 0.000000
vn 0.000000 -1.000000 0.000000
vn 0.000000 -1.000000 0.000000
vn 0.000000 -1.000000 0.000000
vn 0.000000 -1.000000 0.000000
vn -0.000000 0.000000 -1.000000
vn -0.000000 0.000000 -1.000000
vn -0.000001 0.000000 -1.000000
vn -0.000001 0.000000 -1.000000
vn -0.740196 -0.672391 0.000000
vn -0.740196 -0.672391 0.000000
vn -0.740196 -0.672391 0.000000
vn -0.740196 -0.672391 0.000000
vn -0.707101 0.000000 -0.707112
vn -0.707101 0.000000 -0.707112
vn -0.707101 0.000000 -0.707112
vn -0.707101 0.000000 -0.707112
vn -0.707104 0.000000 0.707109
vn -0.707104 0.000000 0.707109
vn -0.707104 0.000000 0.707109
vn -0.707104 0.000000 0.707109
vn -0.707101 0.000000 -0.707112
vn -0.707101 0.000000 -0.707112
vn -0.707101 0.000000 -0.707112
vn -0.707101 0.000000 -0.707112
vn -0.740196 0.672391 0.000000
vn -0.740196 0.672391 0.000000
vn -0.740196 0.672391 0.000000
vn -0.740196 0.672391 0.000000
vn -0.707104 0.000000 0.707109
vn -0.707104 0.000000 0.707109
vn -0.707104 0.000000 0.707109
vn -0.707104 0.000000 0.707109
vn -0.740201 0.672386 0.000000
vn -0.740201 0.672386 0.000000
vn -0.740201 0.672386 0.000000
vn -0.740201 0.672386 0.000000
vn -0.740211 -0.672375 0.000000
vn -0.740211 -0.672375 0.000000
vn -0.740211 -0.672375 0.000000
vn -0.740211 -0.672375 0.000000
vn -0.707102 0.000000 -0.707112
vn -0.707102 0.000000 -0.707112
vn -0.707102 0.000000 -0.707112
vn -0.707102 0.000000 -0.707112
vn -0.740216 0.672369 0.000000
vn -0.740216 0.672369 0.000000
vn -0.740216 0.672369 0.000000
vn -0.740216 0.672369 0.000000
vn -0.707121 0.000000 0.707092
vn -0.707121 0.000000 0.707092
vn -0.707121 0.000000 0.707092
vn -0.707121 0.000000 0.707092
vn -0.707102 0.000000 -0.707112
vn -0.707102 0.000000 -0.707112
vn -0.707102 0.000000 -0.707112
vn -0.707102 0.000000 -0.707112
vn -0.740211 0.672375 0.000000
vn -0.740211 0.672375 0.000000
vn -0.740211 0.672375 0.000000
vn -0.740211 0.672375 0.000000
vn -0.707121 0.000000 0.707092
vn -0.707121 0.000000 0.707092
vn -0.707121 0.000000 0.707092
vn -0.707121 0.000000 0.707092
vn -0.740216 -0.672369 0.000000
vn -0.740216 -0.672369 0.000000
vn -0.740216 -0.672369 0.000000
vn -0.740216 -0.672369 0.000000
vn -0.740201 -0.672386 0.000000
vn -0.740201 -0.672386 0.000000
vn -0.740201 -0.672386 0.000000
vn -0.740201 -0.672386 0.000000
vn -0.707103 0.000000 -0.707110
vn -0.707103 0.000000 -0.707110
vn -0.707103 0.000000 -0.707110
vn -0.707103 0.000000 -0.707110
vn -0.740207 -0.672379 0.000000
vn -0.740207 -0.672379 0.000000
vn -0.740207 -0.672379 0.000000
vn -0.740207 -0.672379 0.000000
vn -0.740197 0.672391 0.000000
vn -0.740197 0.672391 0.000000
vn -0.740197 0.672391 0.000000
vn -0.740197 0.672391 0.000000
vn -0.707106 0.000000 0.707107
vn -0.707106 0.000000 0.707107
vn -0.707106 0.000000 0.707107
vn -0.707106 0.000000 0.707107
vn -0.707102 0.000000 -0.707112
vn -0.707102 0.000000 -0.707112
vn -0.707102 0.000000 -0.707112
vn -0.707102 0.000000 -0.707112
vn -0.740210 0.672376 0.000000
vn -0.740210 0.672376 0.000000
vn -0.740210 0.672376 0.000000
vn -0.740210 0.672376 0.000000
vn -0.740194 -0.672393 0.000000
vn -0.740194 -0.672393 0.000000
vn -0.740194 -0.672393 0.000000
vn -0.740194 -0.672393 0.000000
vn -0.707099 0.000000 0.707115
vn -0.707099 0.000000 0.707115
vn -0.707099 0.000000 0.707115
vn -0.707099 0.000000 0.707115
vn -1.000000 0.000000 0.000000
vn -1.000000 0.000000 0.000000
vn -1.000000 0.000000 0.000000
vn -1.000000 0.000000 0.000000
vn -1.000000 0.000000 0.000000
vn -1.000000 -0.000000 0.000000
vn -1.000000 -0.000001 0.000000
vn -1.000000 0.000000 0.000000
vn -1.000000 -0.000000 0.000000
vn -1.000000 -0.000000 0.000000
vn -1.000000 0.000000 0.000000
vn -1.000000 0.000000 0.000000
vn -1.000000 -0.000000 0.000000
vn -1.000000 -0.000005 0.000000
vn -1.000000 -0.000005 0.000000
vn -1.000000 -0.000000 0.000000
vn -1.000000 -0.000000 0.000000
vn -1.000000 -0.000005 0.000000
vn -1.000000 -0.000005 0.000000
vn -1.000000 -0.000001 0.000000
vn -1.000000 0.000000 0.000000
vn -1.000000 0.000000 0.000000
vn 0.000000 -1.000000 0.000000
vn 0.000000 0.000000 1.000000
vn -1.000000 0.000000 0.000000
vn -1.000000 0.000000 0.000000
vn -1.000000 0.000000 0.000000
vn 0.000000 1.000000 0.000000
vn -1.000000 0.000000 0.000000
vn -1.000000 0.000000 0.000000
vn -1.000000 0.000000 0.000000
vn 0.000000 0.000000 -1.000000
vn 0.000000 0.000000 1.000000
vn -1.000000 -0.000000 0.000000
vn -1.000000 0.000000 0.000000
vn -1.000000 -0.000000 0.000000
vn 0.000000 0.000000 -1.000000
vn 0.000000 1.000000 0.000000
vn -1.000000 0.000001 0.000000
vn 0.000000 -1.000000 0.000000
vn 0.000000 0.000000 -1.000000
vn 0.000000 0.000000 -1.000000
vn 0.000000 0.000000 -1.000000
vn 0.000000 0.000000 -1.000000
vn 0.000000 1.000000 0.000000
vn 0.000000 1.000000 0.000000
vn 0.000000 1.000000 0.000000
vn 0.000000 1.000000 0.000000
vn 0.000000 0.000000 1.000000
vn 0.000000 0.000000 1.000000
vn 0.000000 0.000000 1.000000
vn 0.000000 0.000000 1.000000
vn 0.000000 -1.000000 0.000000
vn 0.000000 -1.000000 0.000000
vn 0.000000 -1.000000 0.000000
vn 0.000000 -1.000000 0.000000
vn 0.000000 0.000000 -1.000000
vn 0.000000 0.000000 -1.000000
vn 0.000000 0.000000 -1.000000
vn 0.000000 0.000000 -1.000000
vn 0.000000 1.000000 0.000000
vn 0.000000 1.000000 0.000000
vn 0.000000 1.000000 0.000000
vn 0.000000 1.000000 0.000000
vn 0.000000 0.000000 1.000000
vn 0.000000 0.000000 1.000000
vn 0.000000 0.000000 1.000000
vn 0.000000 0.000000 1.000000
vn 0.000000 -1.000000 0.000000
vn 0.000000 -1.000000 0.000000
vn 0.000000 -1.000000 0.000000
vn 0.000000 -1.000000 0.000000
vn 0.000000 1.000000 0.000000
vn 0.000000 1.000000 0.000000
vn 0.000000 1.000000 0.000000
vn 0.000000 1.000000 0.000000
vn 0.000000 0.000000 1.000000
vn 0.000000 0.000000 1.000000
vn 0.000000 0.000000 1.000000
vn 0.000000 0.000000 1.000000
vn 0.000000 -1.000000 0.000000
vn 0.000000 -1.000000 0.000000
vn 0.000000 -1.000000 0.000000
vn 0.000000 -1.000000 0.000000
vn 0.000000 0.000000 -1.000000
vn 0.000000 0.000000 -1.000000
vn 0.000000 0.000000 -1.000000
vn 0.000000 0.000000 -1.000000
vn 0.000000 1.000000 0.000000
vn 0.000000 1.000000 0.000000
vn 0.000000 1.000000 0.000000
vn 0.000000 1.000000 0.000000
vn 0.000000 0.000000 1.000000
vn 0.000000 0.000000 1.000000
vn 0.000000 0.000000 1.000000
vn 0.000000 0.000000 1.000000
vn 0.000000 -1.000000 0.000000
vn 0.000000 -1.000000 0.000000
vn 0.000000 -1.000000 0.000000
vn 0.000000 -1.000000 0.000000
vn 0.000000 0.000000 -1.000000
vn 0.000000 0.000000 -1.000000
vn 0.000000 0.000000 -1.000000
vn 0.000000 0.000000 -1.000000
vn -1.000000 0.000000 0.000000
vn -1.000000 0.000000 0.000000
vn -1.000000 0.000003 0.000000
vn -1.000000 0.000003 0.000000
vn -0.511317 -0.464450 -0.723078
vn -0.511317 -0.464450 -0.723078
vn -0.511317 -0.464450 -0.723078
vn -0.523410 0.672373 0.523410
vn -0.523410 0.672373 0.523410
vn -0.523410 0.672373 0.523410
vn -0.511304 0.464438 -0.723095
vn -0.511304 0.464438 -0.723095
vn -0.511304 0.464438 -0.723095
vn -0.523410 0.672373 -0.523410
vn -0.523410 0.672373 -0.523410
vn -0.523410 0.672373 -0.523410
vn -0.523410 -0.672373 0.523410
vn -0.523410 -0.672373 0.523410
vn -0.523410 -0.672373 0.523410
vn -0.523410 -0.672373 -0.523410
vn -0.523410 -0.672373 -0.523410
vn -0.523410 -0.672373 -0.523410
vn -0.511304 0.464438 0.723095
vn -0.511304 0.464438 0.723095
vn -0.511304 0.464438 0.723095
vn -0.511282 -0.464461 0.723095
vn -0.511282 -0.464461 0.723095
vn -0.511282 -0.464461 0.723095
vn 0.000000 0.000000 1.000000
vn 0.000000 0.000000 1.000000
vn 0.000000 0.000000 1.000000
vn 0.000000 0.000000 1.000000
vn -0.153410 0.988163 0.000000
vn -0.153410 0.988163 0.000000
vn -0.153410 0.988163 0.000000
vn -0.153410 0.988163 0.000000
vn 0.000000 0.000000 -1.000000
vn 0.000000 0.000000 -1.000000
vn 0.000000 0.000000 -1.000000
vn 0.000000 0.000000 -1.000000
vn 0.153410 -0.988163 0.000000
vn 0.153410 -0.988163 0.000000
vn 0.153410 -0.988163 0.000000
vn 0.153410 -0.988163 0.000000
vn -0.988162 -0.153412 0.000000
vn -0.988162 -0.153412 0.000000
vn -0.988162 -0.153412 0.000000
vn -0.988162 -0.153412 0.000000
vn 0.988163 0.153408 0.000000
vn 0.988163 0.153408 0.000000
vn 0.988163 0.153408 0.000000
vn 0.988163 0.153408 0.000000
vn -0.083644 -0.979421 0.183682
vn -0.083652 -0.979419 0.183686
vn -0.083652 -0.979419 0.183686
vn -0.083644 -0.979421 0.183682
vn 0.083662 0.979416 -0.183697
vn 0.083658 0.979418 -0.183687
vn 0.083658 0.979418 -0.183687
vn 0.083662 0.979416 -0.183697
vn -0.083654 -0.979419 0.183687
vn -0.083654 -0.979419 0.183687
vn -0.956158 0.130806 0.262013
vn -0.956158 0.130806 0.262013
vn -0.956158 0.130808 0.262012
vn -0.956157 0.130805 0.262018
vn -0.956157 0.130805 0.262018
vn -0.956159 0.130805 0.262012
vn -0.956159 0.130805 0.262012
vn -0.956157 0.130807 0.262019
vn -0.956157 0.130807 0.262019
vn -0.956158 0.130804 0.262015
vn 0.083658 0.979419 -0.183684
vn 0.083658 0.979419 -0.183684
vn 0.280645 0.153716 0.947423
vn 0.280631 0.153723 0.947426
vn 0.280638 0.153717 0.947425
vn 0.280642 0.153715 0.947424
vn 0.956158 -0.130807 -0.262014
vn 0.956158 -0.130807 -0.262013
vn 0.956158 -0.130807 -0.262013
vn 0.956158 -0.130807 -0.262014
vn -0.280667 -0.153712 -0.947417
vn -0.280680 -0.153712 -0.947413
vn -0.280647 -0.153714 -0.947423
vn -0.280644 -0.153716 -0.947423
vn -0.280638 -0.153715 -0.947425
vn -0.280638 -0.153717 -0.947425
vn -0.956155 0.130809 0.262022
vn -0.956156 0.130806 0.262020
vn -0.956157 0.130806 0.262017
vn -0.956157 0.130807 0.262018
vn -0.956159 0.130808 0.262012
vn -0.956159 0.130805 0.262013
vn -0.956158 0.130805 0.262014
vn 0.280639 0.153716 0.947425
vn 0.280641 0.153715 0.947424
vn 0.956158 -0.130806 -0.262014
vn 0.956158 -0.130806 -0.262014
vn 0.280637 0.153717 0.947425
vn 0.280639 0.153715 0.947424
vn -0.956159 0.130807 0.262012
vn -0.956159 0.130807 0.262010
vn 0.280629 0.153724 0.947426
vn -0.280644 -0.153715 -0.947423
vn -0.280667 -0.153712 -0.947417
vn -0.956158 0.130807 0.262014
vn -0.956158 0.130807 0.262014
vn -0.956158 0.130807 0.262014
vn -0.280638 -0.153716 -0.947425
vn -0.956157 0.130808 0.262019
vn 0.956158 -0.130807 -0.262013
vn 0.956158 -0.130807 -0.262013
vn -0.280681 -0.153711 -0.947413
vn -0.280647 -0.153714 -0.947423
vn -0.280638 -0.153715 -0.947425
vn -0.956157 0.130809 0.262015
vn -0.956158 0.130807 0.262014
vn -0.956158 0.130807 0.262014
vn -0.956158 0.130807 0.262014
vn -0.956159 0.130807 0.262012
vn -0.956159 0.130810 0.262011
vn 0.280642 0.153715 0.947424
vn 0.280642 0.153715 0.947424
vn 0.280644 0.153716 0.947423
vn -0.956158 0.130807 0.262014
vn -0.956158 0.130807 0.262014
vn -0.956158 0.130807 0.262014
vn -0.956158 0.130808 0.262013
vn -0.956158 0.130808 0.262013
vn -0.956158 0.130808 0.262013
vn -0.272146 -0.727325 -0.630028
vn -0.272146 -0.727325 -0.630028
vn -0.272146 -0.727325 -0.630028
vn -0.272146 -0.727325 -0.630028
vn 0.280652 0.153716 0.947421
vn 0.280652 0.153716 0.947421
vn 0.280652 0.153716 0.947421
vn 0.280652 0.153716 0.947421
vn 0.083648 0.979419 -0.183686
vn 0.083648 0.979419 -0.183686
vn 0.083648 0.979419 -0.183686
vn 0.083648 0.979419 -0.183686
vn -0.168522 0.485966 -0.857576
vn -0.168522 0.485966 -0.857576
vn -0.168522 0.485966 -0.857577
vn -0.168522 0.485966 -0.857576
vn -0.083649 -0.979420 0.183685
vn -0.083649 -0.979420 0.183685
vn -0.083649 -0.979420 0.183685
vn -0.083649 -0.979420 0.183685
vn 0.280652 0.153714 0.947421
vn 0.280652 0.153714 0.947421
vn 0.280652 0.153714 0.947421
vn 0.280652 0.153714 0.947421
vn 0.168512 -0.485970 0.857576
vn 0.168512 -0.485970 0.857576
vn 0.168512 -0.485970 0.857576
vn 0.168512 -0.485970 0.857576
vn 0.083656 0.979419 -0.183686
vn 0.083656 0.979419 -0.183686
vn 0.083656 0.979419 -0.183686
vn 0.083656 0.979419 -0.183686
vn -0.280636 -0.153716 -0.947426
vn -0.280636 -0.153716 -0.947426
vn -0.280636 -0.153716 -0.947426
vn -0.280636 -0.153716 -0.947426
vn -0.083656 -0.979418 0.183688
vn -0.083656 -0.979418 0.183688
vn -0.083656 -0.979418 0.183688
vn -0.083656 -0.979418 0.183688
vn 0.272147 0.727321 0.630032
vn 0.272147 0.727321 0.630032
vn 0.272147 0.727321 0.630032
vn 0.272147 0.727321 0.630032
vn -0.280637 -0.153716 -0.947425
vn -0.280637 -0.153716 -0.947425
vn -0.280637 -0.153716 -0.947425
vn -0.280637 -0.153716 -0.947425
vn 0.000000 0.000000 1.000000
vn 0.000000 0.000000 1.000000
vn 0.000000 0.000000 1.000000
vn 0.000000 0.000000 1.000000
vn -0.153410 0.988163 0.000000
vn -0.153410 0.988163 0.000000
vn -0.153410 0.988163 0.000000
vn -0.153410 0.988163 0.000000
vn 0.000000 0.000000 -1.000000
vn 0.000000 0.000000 -1.000000
vn 0.000000 0.000000 -1.000000
vn 0.000000 0.000000 -1.000000
vn 0.153410 -0.988163 0.000000
vn 0.153410 -0.988163 0.000000
vn 0.153410 -0.988163 0.000000
vn 0.153410 -0.988163 0.000000
vn -0.988162 -0.153412 0.000000
vn -0.988162 -0.153412 0.000000
vn -0.988162 -0.153412 0.000000
vn -0.988162 -0.153412 0.000000
vn 0.988163 0.153409 0.000000
vn 0.988163 0.153409 0.000000
vn 0.988163 0.153409 0.000000
vn 0.988163 0.153409 0.000000
vn 0.000000 0.000000 1.000000
vn 0.000000 0.000000 1.000000
vn 0.000000 0.000000 1.000000
vn 0.000000 0.000000 1.000000
vn -0.153410 0.988163 0.000000
vn -0.153410 0.988163 0.000000
vn -0.153410 0.988163 0.000000
vn -0.153410 0.988163 0.000000
vn -0.000000 0.000000 -1.000000
vn -0.000000 0.000000 -1.000000
vn -0.000000 0.000000 -1.000000
vn -0.000000 0.000000 -1.000000
vn 0.153410 -0.988163 0.000000
vn 0.153410 -0.988163 0.000000
vn 0.153410 -0.988163 0.000000
vn 0.153410 -0.988163 0.000000
vn -0.988162 -0.153412 0.000000
vn -0.988162 -0.153412 0.000000
vn -0.988162 -0.153412 0.000000
vn -0.988162 -0.153412 0.000000
vn 0.988163 0.153409 0.000000
vn 0.988163 0.153409 0.000000
vn 0.988163 0.153409 0.000000
vn 0.988163 0.153409 0.000000
s off
g group2_Post_low2
usemtl initialShadingGroup
f 1/1/1 2/11/2 4/3/3 3/17/4
f 3/4/5 4/14/6 6/15/7 5/18/8
f 5/6/9 6/16/10 8/9/11 7/12/12
f 7/8/13 8/10/14 2/2/15 1/13/16
f 2/11/17 8/7/18 6/5/19 4/3/20
f 7/12/21 1/1/22 3/17/23 5/6/24
f 9/19/25 10/20/26 12/21/27 11/22/28
f 11/23/29 12/24/30 14/25/31 13/26/32
f 13/27/33 14/28/34 16/29/35 15/30/36
f 15/31/37 16/32/38 10/33/39 9/34/40
f 10/20/41 16/35/42 14/36/43 12/21/44
f 15/30/45 9/19/46 11/22/47 13/27/48
f 17/37/49 18/38/50 20/39/51 19/40/52
f 19/41/53 20/42/54 22/43/55 21/44/56
f 21/45/57 22/46/58 24/47/59 23/48/60
f 23/49/61 24/50/62 18/51/63 17/52/64
f 18/38/65 24/53/66 22/54/67 20/39/68
f 23/48/69 17/37/70 19/40/71 21/45/72
s 1
f 34/55/73 33/56/74 36/57/75 35/58/76
f 35/58/76 36/57/75 117/59/77 116/60/78 101/61/79 100/62/80
s 2
f 37/63/81 38/64/82 40/65/83 39/66/84
s 3
f 42/67/85 41/68/86 44/69/87 43/70/88
f 43/70/88 44/69/87 125/71/89 124/72/90 108/73/91 107/74/92
s 4
f 45/75/93 46/76/94 48/77/95 47/78/96
s off
f 50/79/97 49/80/98 51/81/99 52/82/100
s 1
f 26/83/101 34/55/73 35/58/76 30/84/102
s 3
f 27/85/103 42/67/85 43/70/88 31/86/104
s 2
f 37/63/81 39/66/84 27/85/105 31/86/106
s 4
f 45/75/93 47/78/96 28/87/107 32/88/108
s 1
f 36/57/75 33/56/74 25/89/109 29/90/110
s off
f 54/91/111 53/92/112 55/93/113 56/94/114
s 2
f 28/87/115 40/65/83 38/64/82 32/88/116
s 3
f 44/69/87 41/68/86 26/83/117 30/84/118
s off
f 58/95/119 57/96/120 59/97/121 60/98/122
f 61/99/123 62/100/124 63/101/125 64/102/126
s 4
f 25/89/127 48/77/95 46/76/94 29/90/128
f 95/103/129 94/104/130 127/105/131 126/106/132 46/76/94 45/75/93
s 2
f 112/107/133 111/108/134 121/109/135 120/110/136 38/64/82 37/63/81
s off
f 65/111/137 66/112/138 68/113/139 67/114/140
f 66/112/141 65/111/142 118/115/143 119/116/144
f 67/114/145 68/113/146 74/117/147 73/118/148
f 69/119/149 70/120/150 104/121/151 103/122/152
f 70/120/153 69/119/154 71/123/155 72/124/156
f 72/124/157 71/123/158 87/125/159 88/126/160
f 73/118/161 74/117/162 119/116/163 118/115/164
f 75/127/165 76/128/166 80/129/167 79/130/168
f 76/128/169 75/127/170 77/131/171 78/132/172
f 78/132/173 77/131/174 96/133/175 97/134/176
f 79/130/177 80/129/178 97/134/179 96/133/180
f 81/135/181 82/136/182 86/137/183 85/138/184
f 82/136/185 81/135/186 83/139/187 84/140/188
f 84/140/189 83/139/190 89/141/191 90/142/192
f 85/138/193 86/137/194 90/142/195 89/141/196
f 88/126/197 87/125/198 103/122/199 104/121/200
f 91/143/201 92/144/202 120/110/203 122/145/204
f 92/144/205 91/143/206 93/146/207 95/103/208
f 98/147/209 99/148/210 123/149/211 125/71/212
f 99/148/213 98/147/214 100/62/215 102/150/216
f 105/151/217 106/152/218 110/153/219 112/107/220
f 106/152/221 105/151/222 107/74/223 109/154/224
f 113/155/225 114/156/226 126/106/227 128/157/228
f 114/156/229 113/155/230 115/158/231 117/59/232
s 5
f 69/119/233 65/111/234 67/114/235 71/123/236
f 75/127/237 67/114/235 73/118/238 77/131/239
f 81/135/240 75/127/237 79/130/241 83/139/242
f 71/123/236 81/135/240 85/138/243 87/125/244
f 83/139/242 79/130/241 122/145/245 121/109/246 111/108/247 110/153/248
f 77/131/239 73/118/238 128/157/249 127/105/250 94/104/251 93/146/252
f 77/131/239 93/146/252 91/143/253 96/133/254
s 4
f 92/144/255 95/103/129 45/75/93 32/88/108
s 1
f 35/58/76 100/62/80 98/147/256 30/84/102
s 5
f 99/148/257 102/150/258 69/119/233 103/122/259
s 3
f 43/70/88 107/74/92 105/151/260 31/86/104
s 5
f 106/152/261 109/154/262 85/138/243 89/141/263
s 2
f 31/86/106 105/151/264 112/107/133 37/63/81
s 5
f 106/152/261 89/141/263 83/139/242 110/153/248
s 1
f 29/90/110 114/156/265 117/59/77 36/57/75
s 5
f 113/155/266 118/115/267 65/111/234 115/158/268
f 91/143/253 122/145/245 79/130/241 96/133/254
s 2
f 38/64/82 120/110/136 92/144/269 32/88/116
s 3
f 30/84/118 98/147/270 125/71/89 44/69/87
s 5
f 99/148/257 103/122/259 87/125/244 123/149/271
f 118/115/267 113/155/266 128/157/249 73/118/238
s 4
f 114/156/272 29/90/128 46/76/94 126/106/132
s 5
f 75/127/237 81/135/240 71/123/236 67/114/235
s off
f 86/137/273 82/136/274 49/159/275 50/160/276
f 82/136/277 84/140/278 51/161/279 49/159/280
f 84/140/281 90/142/282 52/162/283 51/161/284
f 90/142/285 86/137/286 50/160/287 52/162/288
f 76/128/289 78/132/290 53/163/291 54/164/292
f 78/132/293 97/134/294 55/165/295 53/163/296
f 97/134/297 80/129/298 56/166/299 55/165/300
f 80/129/301 76/128/302 54/164/303 56/166/304
f 70/120/305 72/124/306 57/167/307 58/168/308
f 72/124/309 88/126/310 59/169/311 57/167/312
f 88/126/313 104/121/314 60/170/315 59/169/316
f 104/121/317 70/120/318 58/168/319 60/170/320
f 119/116/321 74/117/322 62/171/323 61/172/324
f 74/117/325 68/113/326 63/173/327 62/171/328
f 68/113/329 66/112/330 64/174/331 63/173/332
f 66/112/333 119/116/334 61/172/335 64/174/336
s 5
f 102/150/258 101/61/337 116/60/338 115/158/268 65/111/234 69/119/233
f 109/154/262 108/73/339 124/72/340 123/149/271 87/125/244 85/138/243
s off
f 93/146/341 94/104/342 95/103/343
f 100/62/344 101/61/345 102/150/346
f 107/74/347 108/73/348 109/154/349
f 110/153/350 111/108/351 112/107/352
f 115/158/353 116/60/354 117/59/355
f 120/110/356 121/109/357 122/145/358
f 123/149/359 124/72/360 125/71/361
f 126/106/362 127/105/363 128/157/364
s 6
f 130/175/365 131/176/366 139/177/367 136/178/368
s 7
f 132/179/369 129/180/370 135/181/371 141/182/372
s 6
f 136/178/368 139/177/367 140/183/373 137/184/374
s 8
f 137/184/375 140/183/376 158/185/377 159/186/378 138/187/379
f 133/188/380 163/189/381 164/190/382 142/191/383 134/192/384
s 7
f 134/192/385 142/191/386 141/182/372 135/181/371
s 10
f 143/193/387 156/194/388 155/195/389 144/196/390
s 11
f 144//391 145//392 146//393 143//394
s 12
f 145/197/395 147/198/396 148/199/397 146/200/398
f 147/198/396 149/201/399 150/202/400 148/199/397
s 8
f 149/201/401 151/203/402 152/204/403 150/202/404
f 151/203/402 166/205/405 161/206/406 162/207/407 152/204/403
s 10
f 153/208/408 155/195/389 156/194/388 154/209/409
s 11
f 132//410 145//392 144//391 129//411
s 10
f 135/181/412 155/195/389 153/208/408 134/192/413
s 8
f 134/192/384 153/208/414 167/210/415 133/188/380
s 10
f 129/180/416 144/196/390 155/195/389 135/181/412
s 12
f 145/197/395 132/179/417 141/182/418 147/198/396
s off
f 168/211/419 170/212/420 169/213/421
s 12
f 147/198/396 141/182/418 142/191/422 149/201/399
s 8
f 149/201/401 142/191/383 164/190/382 165/214/423 151/203/402
s 11
f 146//393 131//424 130//425 143//394
s 12
f 131/176/426 146/200/398 148/199/397 139/177/427
f 139/177/427 148/199/397 150/202/400 140/183/428
s 8
f 140/183/376 150/202/404 152/204/403 157/215/429 158/185/377
s off
f 171/216/430 173/217/431 172/218/432
s 8
f 154/209/433 137/184/375 138/187/379 160/219/434
s 10
f 156/194/388 136/178/435 137/184/436 154/209/409
f 143/193/387 130/175/437 136/178/435 156/194/388
s off
f 174/220/438 176/221/439 175/222/440
f 178/223/441 179/224/442 177/225/443
s 8
f 153/208/414 154/209/433 161/206/406
f 157/215/429 162/207/407 160/219/434 159/186/378
f 163/189/381 167/210/415 166/205/405 165/214/423
f 157/215/429 159/186/378 158/185/377
f 160/219/434 162/207/407 161/206/406 154/209/433
f 163/189/381 165/214/423 164/190/382
f 166/205/405 167/210/415 153/208/414 161/206/406
s off
f 166/205/444 168/211/445 169/213/446 165/214/447
f 165/214/448 169/213/449 170/212/450 151/203/451
f 151/203/452 170/212/453 168/211/454 166/205/455
f 157/215/456 171/216/457 172/218/458 162/207/459
f 162/207/460 172/218/461 173/217/462 152/204/463
f 152/204/464 173/217/465 171/216/466 157/215/467
f 160/219/468 174/220/469 175/222/470 159/186/471
f 159/186/472 175/222/473 176/221/474 138/187/475
f 138/187/476 176/221/477 174/220/478 160/219/479
f 133/188/480 178/223/481 177/225/482 163/189/483
f 163/189/484 177/225/485 179/224/486 167/210/487
f 167/210/488 179/224/489 178/223/490 133/188/491
s 13
f 181/226/492 182/227/493 190/228/494 187/229/495
s 14
f 183/230/496 180/231/497 186/232/498 192/233/499
s 13
f 187/229/495 190/228/494 191/234/500 188/235/501
s 15
f 188/235/502 191/234/503 209/236/504 210/237/505 189/238/506
f 184/239/507 214/240/508 215/241/509 193/242/510 185/243/511
s 14
f 185/243/512 193/242/513 192/233/499 186/232/498
s 17
f 194/244/514 207/245/515 206/246/516 195/247/517
s 18
f 195//518 196//519 197//520 194//521
s 19
f 196/248/522 198/249/523 199/250/524 197/251/525
f 198/249/523 200/252/526 201/253/527 199/250/524
s 15
f 200/252/528 202/254/529 203/255/530 201/253/531
f 202/254/529 217/256/532 212/257/533 213/258/534 203/255/530
s 17
f 204/259/535 206/246/516 207/245/515 205/260/536
s 18
f 183//537 196//519 195//518 180//538
s 17
f 186/232/539 206/246/516 204/259/535 185/243/540
s 15
f 185/243/511 204/259/541 218/261/542 184/239/507
s 17
f 180/231/543 195/247/517 206/246/516 186/232/539
s 19
f 196/248/522 183/230/544 192/233/545 198/249/523
s off
f 219/262/546 221/263/547 220/264/548
s 19
f 198/249/523 192/233/545 193/242/549 200/252/526
s 15
f 200/252/528 193/242/510 215/241/509 216/265/550 202/254/529
s 18
f 197//520 182//551 181//552 194//521
s 19
f 182/227/553 197/251/525 199/250/524 190/228/554
f 190/228/554 199/250/524 201/253/527 191/234/555
s 15
f 191/234/503 201/253/531 203/255/530 208/266/556 209/236/504
s off
f 222/267/557 224/268/558 223/269/559
s 15
f 205/260/560 188/235/502 189/238/506 211/270/561
s 17
f 207/245/515 187/229/562 188/235/563 205/260/536
f 194/244/514 181/226/564 187/229/562 207/245/515
s off
f 225/271/565 227/272/566 226/273/567
f 229/274/568 230/275/569 228/276/570
s 15
f 204/259/541 205/260/560 212/257/533
f 208/266/556 213/258/534 211/270/561 210/237/505
f 214/240/508 218/261/542 217/256/532 216/265/550
f 208/266/556 210/237/505 209/236/504
f 211/270/561 213/258/534 212/257/533 205/260/560
f 214/240/508 216/265/550 215/241/509
f 217/256/532 218/261/542 204/259/541 212/257/533
s off
f 217/256/571 219/262/572 220/264/573 216/265/574
f 216/265/575 220/264/576 221/263/577 202/254/578
f 202/254/579 221/263/580 219/262/581 217/256/582
f 208/266/583 222/267/584 223/269/585 213/258/586
f 213/258/587 223/269/588 224/268/589 203/255/590
f 203/255/591 224/268/592 222/267/593 208/266/594
f 211/270/595 225/271/596 226/273/597 210/237/598
f 210/237/599 226/273/600 227/272/601 189/238/602
f 189/238/603 227/272/604 225/271/605 211/270/606
f 184/239/607 229/274/608 228/276/609 214/240/610
f 214/240/611 228/276/612 230/275/613 218/261/614
f 218/261/615 230/275/616 229/274/617 184/239/618
s 20
f 240/277/619 239/278/620 242/279/621 241/280/622
f 241/280/622 242/279/621 323/281/623 322/282/624 307/283/625 306/284/626
s 21
f 243/285/627 244/286/628 246/287/629 245/288/630
s 22
f 248/289/631 247/290/632 250/291/633 249/292/634
f 249/292/634 250/291/633 331/293/635 330/294/636 314/295/637 313/296/638
s 23
f 251/297/639 252/298/640 254/299/641 253/300/642
s off
f 256/301/643 255/302/644 257/303/645 258/304/646
s 20
f 232/305/647 240/277/619 241/280/622 236/306/648
s 22
f 233/307/649 248/289/631 249/292/634 237/308/650
s 21
f 243/285/627 245/288/630 233/307/651 237/308/652
s 23
f 251/297/639 253/300/642 234/309/653 238/310/654
s 20
f 242/279/621 239/278/620 231/311/655 235/312/656
s off
f 260/313/657 259/314/658 261/315/659 262/316/660
s 21
f 234/309/661 246/287/629 244/286/628 238/310/662
s 22
f 250/291/633 247/290/632 232/305/663 236/306/664
s off
f 264/317/665 263/318/666 265/319/667 266/320/668
f 267/321/669 268/322/670 269/323/671 270/324/672
s 23
f 231/311/673 254/299/641 252/298/640 235/312/674
f 301/325/675 300/326/676 333/327/677 332/328/678 252/298/640 251/297/639
s 21
f 318/329/679 317/330/680 327/331/681 326/332/682 244/286/628 243/285/627
s off
f 271/333/683 272/334/684 274/335/685 273/336/686
f 272/334/687 271/333/688 324/337/689 325/338/690
f 273/336/691 274/335/692 280/339/693 279/340/694
f 275/341/695 276/342/696 310/343/697 309/344/698
f 276/342/699 275/341/700 277/345/701 278/346/702
f 278/346/703 277/345/704 293/347/705 294/348/706
f 279/340/707 280/339/708 325/338/709 324/337/710
f 281/349/711 282/350/712 286/351/713 285/352/714
f 282/350/715 281/349/716 283/353/717 284/354/718
f 284/354/719 283/353/720 302/355/721 303/356/722
f 285/352/723 286/351/724 303/356/725 302/355/726
f 287/357/727 288/358/728 292/359/729 291/360/730
f 288/358/731 287/357/732 289/361/733 290/362/734
f 290/362/735 289/361/736 295/363/737 296/364/738
f 291/360/739 292/359/740 296/364/741 295/363/742
f 294/348/743 293/347/744 309/344/745 310/343/746
f 297/365/747 298/366/748 326/332/749 328/367/750
f 298/366/751 297/365/752 299/368/753 301/325/754
f 304/369/755 305/370/756 329/371/757 331/293/758
f 305/370/759 304/369/760 306/284/761 308/372/762
f 311/373/763 312/374/764 316/375/765 318/329/766
f 312/374/767 311/373/768 313/296/769 315/376/770
f 319/377/771 320/378/772 332/328/773 334/379/774
f 320/378/775 319/377/776 321/380/777 323/281/778
s 24
f 275/341/779 271/333/780 273/336/781 277/345/782
f 281/349/783 273/336/781 279/340/784 283/353/785
f 287/357/786 281/349/783 285/352/787 289/361/788
f 277/345/782 287/357/786 291/360/789 293/347/790
f 289/361/788 285/352/787 328/367/791 327/331/792 317/330/793 316/375/794
f 283/353/785 279/340/784 334/379/795 333/327/796 300/326/797 299/368/798
f 283/353/785 299/368/798 297/365/799 302/355/800
s 23
f 298/366/801 301/325/675 251/297/639 238/310/654
s 20
f 241/280/622 306/284/626 304/369/802 236/306/648
s 24
f 305/370/803 308/372/804 275/341/779 309/344/805
s 22
f 249/292/634 313/296/638 311/373/806 237/308/650
s 24
f 312/374/807 315/376/808 291/360/789 295/363/809
s 21
f 237/308/652 311/373/810 318/329/679 243/285/627
s 24
f 312/374/807 295/363/809 289/361/788 316/375/794
s 20
f 235/312/656 320/378/811 323/281/623 242/279/621
s 24
f 319/377/812 324/337/813 271/333/780 321/380/814
f 297/365/799 328/367/791 285/352/787 302/355/800
s 21
f 244/286/628 326/332/682 298/366/815 238/310/662
s 22
f 236/306/664 304/369/816 331/293/635 250/291/633
s 24
f 305/370/803 309/344/805 293/347/790 329/371/817
f 324/337/813 319/377/812 334/379/795 279/340/784
s 23
f 320/378/818 235/312/674 252/298/640 332/328/678
s 24
f 281/349/783 287/357/786 277/345/782 273/336/781
s off
f 292/359/819 288/358/820 255/381/821 256/382/822
f 288/358/823 290/362/824 257/383/825 255/381/826
f 290/362/827 296/364/828 258/384/829 257/383/830
f 296/364/831 292/359/832 256/382/833 258/384/834
f 282/350/835 284/354/836 259/385/837 260/386/838
f 284/354/839 303/356/840 261/387/841 259/385/842
f 303/356/843 286/351/844 262/388/845 261/387/846
f 286/351/847 282/350/848 260/386/849 262/388/850
f 276/342/851 278/346/852 263/389/853 264/390/854
f 278/346/855 294/348/856 265/391/857 263/389/858
f 294/348/859 310/343/860 266/392/861 265/391/862
f 310/343/863 276/342/864 264/390/865 266/392/866
f 325/338/867 280/339/868 268/393/869 267/394/870
f 280/339/871 274/335/872 269/395/873 268/393/874
f 274/335/875 272/334/876 270/396/877 269/395/878
f 272/334/879 325/338/880 267/394/881 270/396/882
s 24
f 308/372/804 307/283/883 322/282/884 321/380/814 271/333/780 275/341/779
f 315/376/808 314/295/885 330/294/886 329/371/817 293/347/790 291/360/789
s off
f 299/368/887 300/326/888 301/325/889
f 306/284/890 307/283/891 308/372/892
f 313/296/893 314/295/894 315/376/895
f 316/375/896 317/330/897 318/329/898
f 321/380/899 322/282/900 323/281/901
f 326/332/902 327/331/903 328/367/904
f 329/371/905 330/294/906 331/293/907
f 332/328/908 333/327/909 334/379/910
s 25
f 344/397/911 343/398/912 346/399/913 345/400/914
f 345/400/914 346/399/913 427/401/915 426/402/916 411/403/917 410/404/918
s 26
f 347/405/919 348/406/920 350/407/921 349/408/922
s 27
f 352/409/923 351/410/924 354/411/925 353/412/926
f 353/412/926 354/411/925 435/413/927 434/414/928 418/415/929 417/416/930
s 28
f 355/417/931 356/418/932 358/419/933 357/420/934
s off
f 360/421/935 359/422/936 361/423/937 362/424/938
s 25
f 336/425/939 344/397/911 345/400/914 340/426/940
s 27
f 337/427/941 352/409/923 353/412/926 341/428/942
s 26
f 347/405/919 349/408/922 337/427/943 341/428/944
s 28
f 355/417/931 357/420/934 338/429/945 342/430/946
s 25
f 346/399/913 343/398/912 335/431/947 339/432/948
s off
f 364/433/949 363/434/950 365/435/951 366/436/952
s 26
f 338/429/953 350/407/921 348/406/920 342/430/954
s 27
f 354/411/925 351/410/924 336/425/955 340/426/956
s off
f 368/437/957 367/438/958 369/439/959 370/440/960
f 371/441/961 372/442/962 373/443/963 374/444/964
s 28
f 335/431/965 358/419/933 356/418/932 339/432/966
f 405/445/967 404/446/968 437/447/969 436/448/970 356/418/932 355/417/931
s 26
f 422/449/971 421/450/972 431/451/973 430/452/974 348/406/920 347/405/919
s off
f 375/453/975 376/454/976 378/455/977 377/456/978
f 376/454/979 375/453/980 428/457/981 429/458/982
f 377/456/983 378/455/984 384/459/985 383/460/986
f 379/461/987 380/462/988 414/463/989 413/464/990
f 380/462/991 379/461/992 381/465/993 382/466/994
f 382/466/995 381/465/996 397/467/997 398/468/998
f 383/460/999 384/459/1000 429/458/1001 428/457/1002
f 385/469/1003 386/470/1004 390/471/1005 389/472/1006
f 386/470/1007 385/469/1008 387/473/1009 388/474/1010
f 388/474/1011 387/473/1012 406/475/1013 407/476/1014
f 389/472/1015 390/471/1016 407/476/1017 406/475/1018
f 391/477/1019 392/478/1020 396/479/1021 395/480/1022
f 392/478/1023 391/477/1024 393/481/1025 394/482/1026
f 394/482/1027 393/481/1028 399/483/1029 400/484/1030
f 395/480/1031 396/479/1032 400/484/1033 399/483/1034
f 398/468/1035 397/467/1036 413/464/1037 414/463/1038
f 401/485/1039 402/486/1040 430/452/1041 432/487/1042
f 402/486/1043 401/485/1044 403/488/1045 405/445/1046
f 408/489/1047 409/490/1048 433/491/1049 435/413/1050
f 409/490/1051 408/489/1052 410/404/1053 412/492/1054
f 415/493/1055 416/494/1056 420/495/1057 422/449/1058
f 416/494/1059 415/493/1060 417/416/1061 419/496/1062
f 423/497/1063 424/498/1064 436/448/1065 438/499/1066
f 424/498/1067 423/497/1068 425/500/1069 427/401/1070
s 29
f 379/461/1071 375/453/1072 377/456/1073 381/465/1074
f 385/469/1075 377/456/1073 383/460/1076 387/473/1077
f 391/477/1078 385/469/1075 389/472/1079 393/481/1080
f 381/465/1074 391/477/1078 395/480/1081 397/467/1082
f 393/481/1080 389/472/1079 432/487/1083 431/451/1084 421/450/1085 420/495/1086
f 387/473/1077 383/460/1076 438/499/1087 437/447/1088 404/446/1089 403/488/1090
f 387/473/1077 403/488/1090 401/485/1091 406/475/1092
s 28
f 402/486/1093 405/445/967 355/417/931 342/430/946
s 25
f 345/400/914 410/404/918 408/489/1094 340/426/940
s 29
f 409/490/1095 412/492/1096 379/461/1071 413/464/1097
s 27
f 353/412/926 417/416/930 415/493/1098 341/428/942
s 29
f 416/494/1099 419/496/1100 395/480/1081 399/483/1101
s 26
f 341/428/944 415/493/1102 422/449/971 347/405/919
s 29
f 416/494/1099 399/483/1101 393/481/1080 420/495/1086
s 25
f 339/432/948 424/498/1103 427/401/915 346/399/913
s 29
f 423/497/1104 428/457/1105 375/453/1072 425/500/1106
f 401/485/1091 432/487/1083 389/472/1079 406/475/1092
s 26
f 348/406/920 430/452/974 402/486/1107 342/430/954
s 27
f 340/426/956 408/489/1108 435/413/927 354/411/925
s 29
f 409/490/1095 413/464/1097 397/467/1082 433/491/1109
f 428/457/1105 423/497/1104 438/499/1087 383/460/1076
s 28
f 424/498/1110 339/432/966 356/418/932 436/448/970
s 29
f 385/469/1075 391/477/1078 381/465/1074 377/456/1073
s off
f 396/479/1111 392/478/1112 359/501/1113 360/502/1114
f 392/478/1115 394/482/1116 361/503/1117 359/501/1118
f 394/482/1119 400/484/1120 362/504/1121 361/503/1122
f 400/484/1123 396/479/1124 360/502/1125 362/504/1126
f 386/470/1127 388/474/1128 363/505/1129 364/506/1130
f 388/474/1131 407/476/1132 365/507/1133 363/505/1134
f 407/476/1135 390/471/1136 366/508/1137 365/507/1138
f 390/471/1139 386/470/1140 364/506/1141 366/508/1142
f 380/462/1143 382/466/1144 367/509/1145 368/510/1146
f 382/466/1147 398/468/1148 369/511/1149 367/509/1150
f 398/468/1151 414/463/1152 370/512/1153 369/511/1154
f 414/463/1155 380/462/1156 368/510/1157 370/512/1158
f 429/458/1159 384/459/1160 372/513/1161 371/514/1162
f 384/459/1163 378/455/1164 373/515/1165 372/513/1166
f 378/455/1167 376/454/1168 374/516/1169 373/515/1170
f 376/454/1171 429/458/1172 371/514/1173 374/516/1174
s 29
f 412/492/1096 411/403/1175 426/402/1176 425/500/1106 375/453/1072 379/461/1071
f 419/496/1100 418/415/1177 434/414/1178 433/491/1109 397/467/1082 395/480/1081
s off
f 403/488/1179 404/446/1180 405/445/1181
f 410/404/1182 411/403/1183 412/492/1184
f 417/416/1185 418/415/1186 419/496/1187
f 420/495/1188 421/450/1189 422/449/1190
f 425/500/1191 426/402/1192 427/401/1193
f 430/452/1194 431/451/1195 432/487/1196
f 433/491/1197 434/414/1198 435/413/1199
f 436/448/1200 437/447/1201 438/499/1202
s 30
f 439/517/1203 440/518/1204 441/519/1205 442/520/1206
s 31
f 446/521/1207 443/522/1208 444/523/1209 445/524/1210
s off
f 439/517/1211 442/520/1212 443/522/1213 446/521/1214
f 452/525/1215 450/526/1216 449/527/1217 451/528/1218
s 32
f 454/529/1219 455/530/1220 456/531/1221 453/532/1222
s 33
f 460/533/1223 461/534/1224 462/535/1225 459/536/1226
s off
f 448/537/1227 447/538/1228 454/529/1229 453/532/1230
f 457/539/1231 452/525/1232 451/528/1233 458/540/1234
f 455/530/1235 460/533/1236 459/536/1237 456/531/1238
f 461/534/1239 457/539/1240 458/540/1241 462/535/1242
s 34
f 468/541/1243 466/542/1244 450/526/1245 452/525/1246
s 32
f 470/543/1247 471/544/1248 455/530/1220 454/529/1219
s 33
f 476/545/1249 477/546/1250 461/534/1224 460/533/1223
s off
f 463/547/1251 470/543/1252 454/529/1253 447/538/1254
s 34
f 473/548/1255 468/541/1243 452/525/1246 457/539/1256
s off
f 471/544/1257 476/545/1258 460/533/1259 455/530/1260
s 34
f 477/546/1261 473/548/1255 457/539/1256 461/534/1262
s off
f 468/541/1263 467/549/1264 465/550/1265 466/542/1266
f 473/548/1267 474/551/1268 467/549/1269 468/541/1270
f 477/546/1271 478/552/1272 474/551/1273 473/548/1274
s 33
f 476/545/1249 475/553/1275 478/552/1276 477/546/1250
s off
f 471/544/1277 472/554/1278 475/553/1279 476/545/1280
s 32
f 470/543/1247 469/555/1281 472/554/1282 471/544/1248
s off
f 463/547/1283 464/556/1284 469/555/1285 470/543/1286
f 479/557/1287 480/558/1288 463/547/1289 447/538/1290
s 35
f 484/559/1291 481/560/1292 482/561/1293
f 483/562/1294 484/559/1291 482/561/1293 485/563/1295
s 36
f 490/564/1296 487/565/1297 489/566/1298
f 492/567/1299 486/568/1300 488/569/1301 491/570/1302
f 491/570/1302 488/569/1301 487/565/1297 490/564/1296
s 38
f 483/562/1303 485/563/1304 494/571/1305 493/572/1306
s 39
f 495/573/1307 503/574/1308 519/575/1309 514/576/1310
s off
f 507/577/1311 508/578/1312 509/579/1313 510/580/1314
s 40
f 515/581/1315 516/582/1316 506/583/1317 501/584/1318
s off
f 501/584/1319 506/583/1320 503/574/1321 495/573/1322
f 496/585/1323 502/586/1324 517/587/1325 518/588/1326
s 41
f 501/584/1327 495/573/1328 514/576/1329 515/581/1330
s 39
f 518/588/1331 519/589/1309 503/590/1308 496/585/1332
s off
f 505/591/1333 504/592/1334 498/593/1335 500/594/1336
s 40
f 506/595/1317 516/596/1316 517/587/1337 502/586/1338
s off
f 521/597/1339 520/598/1340 522/599/1341 523/600/1342
f 497/601/1343 504/602/1344 513/603/1345 511/604/1346
f 504/602/1347 505/605/1348 512/606/1349 513/603/1350
f 505/605/1351 499/607/1352 510/608/1353 512/606/1354
s 42
f 499/607/1355 497/601/1356 511/604/1357 510/608/1358
f 510/608/1358 511/604/1357 507/609/1359
s off
f 541/610/1360 540/611/1361 542/612/1362 543/613/1363
f 544/614/1364 541/610/1365 543/613/1366 545/615/1367
f 546/616/1368 544/614/1369 545/615/1370 547/617/1371
s 41
f 515/581/1330 514/576/1329 497/601/1372 499/607/1373
s 40
f 499/607/1374 505/605/1375 516/582/1316 515/581/1315
s off
f 549/618/1376 548/619/1377 550/620/1378 551/621/1379
f 552/622/1380 549/618/1381 551/621/1382 553/623/1383
f 555/624/1384 554/625/1385 552/622/1386 553/623/1387
s 39
f 514/576/1310 519/575/1309 504/602/1388 497/601/1389
s off
f 503/574/1390 506/583/1391 520/626/1392 521/627/1393
f 506/595/1394 502/586/1395 522/599/1396 520/598/1397
f 502/586/1398 496/585/1399 523/600/1400 522/599/1401
f 496/585/1402 503/590/1403 521/597/1404 523/600/1405
f 512/606/1406 510/608/1407 524/628/1408 525/629/1409
f 510/608/1410 526/630/1411 524/628/1412
f 510/608/1413 509/631/1414 527/632/1415 526/630/1416
f 513/603/1417 512/606/1418 525/629/1419 528/633/1420
f 509/631/1421 508/634/1422 529/635/1423 527/632/1424
f 511/604/1425 513/603/1426 528/633/1427 530/636/1428
f 508/634/1429 507/609/1430 531/637/1431 529/635/1432
f 507/609/1433 511/604/1434 530/636/1435 531/637/1436
f 517/587/1437 516/596/1438 532/638/1439 533/639/1440
f 516/582/1441 505/605/1442 534/640/1443 532/641/1444
f 505/642/1445 500/643/1446 535/644/1447 534/645/1448
f 518/588/1449 517/587/1450 533/639/1451 536/646/1452
f 500/643/1453 498/647/1454 537/648/1455 535/644/1456
f 504/602/1457 519/575/1458 538/649/1459 539/650/1460
f 519/589/1461 518/588/1462 536/646/1463 538/651/1464
f 498/647/1465 504/652/1466 539/653/1467 537/648/1468
s 43
f 525/629/1469 524/628/1470 540/654/1471 541/655/1472
s off
f 524/628/1473 526/630/1474 542/656/1475 540/654/1476
s 44
f 526/657/1477 527/658/1478 543/613/1479 542/612/1480
s 43
f 528/633/1481 525/629/1469 541/655/1472 544/659/1482
s 44
f 527/658/1478 529/660/1483 545/615/1484 543/613/1479
s 43
f 530/636/1485 528/633/1481 544/659/1482 546/661/1486
s 44
f 529/660/1483 531/662/1487 547/617/1488 545/615/1484
s off
f 531/637/1489 530/636/1490 546/661/1491 547/663/1492
s 45
f 533/639/1493 532/638/1494 548/664/1495 549/665/1496
s off
f 532/666/1497 534/667/1498 550/620/1499 548/619/1500
s 46
f 534/667/1501 535/668/1502 551/621/1503 550/620/1504
s 45
f 536/646/1505 533/639/1493 549/665/1496 552/669/1506
s 46
f 535/668/1502 537/670/1507 553/623/1508 551/621/1503
s off
f 539/671/1509 538/672/1510 554/625/1511 555/624/1512
s 45
f 538/651/1513 536/646/1505 552/669/1506 554/673/1514
s 46
f 537/670/1507 539/671/1515 555/624/1516 553/623/1508
s 47
f 556/674/1517 578/675/1518 585/676/1519 566/677/1520
s 48
f 557/678/1521 560/679/1522 559/680/1523 558/681/1524
s 49
f 561/682/1525 570/683/1526 586/684/1527 581/685/1528
s 48
f 562/686/1529 563/687/1530 559/680/1523 560/679/1522
s 50
f 561/682/1531 581/685/1532 584/688/1533 565/689/1534
s 47
f 566/690/1520 585/691/1519 579/692/1535 557/678/1536
s off
f 567/693/1537 566/690/1538 557/678/1539 558/681/1540
s 51
f 559/680/1541 568/694/1542 567/693/1543 558/681/1544
f 559/680/1541 563/687/1545 569/695/1546 568/694/1542
s off
f 570/696/1547 569/695/1548 563/687/1549 562/686/1550
f 556/674/1551 566/677/1552 572/697/1553 571/698/1554
s 52
f 566/677/1555 567/699/1556 573/700/1557 572/697/1558
f 567/699/1556 568/701/1559 574/702/1560 573/700/1557
f 569/703/1561 570/683/1562 577/704/1563 576/705/1564
s off
f 570/683/1565 561/682/1566 575/706/1567 577/704/1568
s 52
f 568/701/1559 569/703/1561 576/705/1564 574/702/1560
s 53
f 579/692/1569 580/707/1570 560/679/1571 557/678/1572
f 580/707/1570 582/708/1573 562/686/1574 560/679/1571
s 54
f 583/709/1575 578/675/1576 556/674/1577 564/710/1578
s 49
f 582/708/1579 586/711/1527 570/696/1526 562/686/1580
s off
f 587/712/1581 588/713/1582 590/714/1583 589/715/1584
f 589/716/1585 590/717/1586 592/718/1587 591/719/1588
f 591/720/1589 592/721/1590 594/722/1591 593/723/1592
f 593/724/1593 594/725/1594 588/726/1595 587/727/1596
f 588/713/1597 594/728/1598 592/729/1599 590/714/1600
f 593/723/1601 587/712/1602 589/715/1603 591/720/1604
f 602/730/1605 603/731/1606 604/732/1607 599/733/1608
s 55
f 597/734/1609 596/735/1610 609/736/1611 595/737/1612
s 56
f 604/732/1613 605/738/1614 600/739/1615 599/733/1616
s off
f 608/740/1617 601/741/1618 606/742/1619 607/743/1620
s 55
f 597/734/1609 598/744/1621 610/745/1622 596/735/1610
s 56
f 605/738/1614 606/742/1623 601/741/1624 600/739/1615
s 55
f 595/737/1612 609/736/1611 602/730/1625 599/733/1626
f 597/734/1609 595/737/1612 599/733/1626 600/739/1627
f 610/745/1622 598/744/1621 601/741/1628 608/740/1629
f 598/744/1621 597/734/1609 600/739/1627 601/741/1628
s 57
f 612/746/1630 613/747/1631 615/748/1632 614/749/1633
s 58
f 617/750/1634 618/751/1635 619/752/1636 620/753/1637
f 618/751/1635 617/750/1634 621/754/1638
s off
f 611/755/1639 613/747/1640 619/752/1641 618/751/1642
f 613/747/1643 612/746/1644 620/753/1645 619/752/1646
s 57
f 623/756/1647 614/749/1633 615/748/1632 624/757/1648
s 59
f 626/758/1649 629/759/1650 628/760/1651 627/761/1652
f 627/761/1652 630/762/1653 626/758/1649
s off
f 622/763/1654 627/761/1655 628/760/1656 624/757/1657
f 624/757/1658 628/760/1659 629/759/1660 623/756/1661
f 625/764/1662 630/762/1663 627/761/1664 622/763/1665
s 58
f 633/765/1666 632/766/1667 621/754/1638 617/750/1634
s off
f 632/766/1668 631/767/1669 616/768/1670 621/754/1671
s 59
f 635/769/1672 636/770/1673 626/758/1649 630/762/1653
s off
f 634/771/1674 635/769/1675 630/762/1676 625/764/1677
f 611/755/1678 618/751/1679 621/754/1680 616/768/1681
s 60
f 646/772/1682 645/773/1683 648/774/1684 647/775/1685
f 647/775/1685 648/774/1684 729/776/1686 728/777/1687 713/778/1688 712/779/1689
s 61
f 649/780/1690 650/781/1691 652/782/1692 651/783/1693
s 62
f 654/784/1694 653/785/1695 656/786/1696 655/787/1697
f 655/787/1697 656/786/1696 737/788/1698 736/789/1699 720/790/1700 719/791/1701
s 63
f 657/792/1702 658/793/1703 660/794/1704 659/795/1705
s off
f 662/796/1706 661/797/1707 663/798/1708 664/799/1709
s 60
f 638/800/1710 646/772/1682 647/775/1685 642/801/1711
s 62
f 639/802/1712 654/784/1694 655/787/1697 643/803/1713
s 61
f 649/780/1690 651/783/1693 639/802/1714 643/803/1715
s 63
f 657/792/1702 659/795/1705 640/804/1716 644/805/1717
s 60
f 648/774/1684 645/773/1683 637/806/1718 641/807/1719
s off
f 666/808/1720 665/809/1721 667/810/1722 668/811/1723
s 61
f 640/804/1724 652/782/1692 650/781/1691 644/805/1725
s 62
f 656/786/1696 653/785/1695 638/800/1726 642/801/1727
s off
f 670/812/1728 669/813/1729 671/814/1730 672/815/1731
f 673/816/1732 674/817/1733 675/818/1734 676/819/1735
s 63
f 637/806/1736 660/794/1704 658/793/1703 641/807/1737
f 707/820/1738 706/821/1739 739/822/1740 738/823/1741 658/793/1703 657/792/1702
s 61
f 724/824/1742 723/825/1743 733/826/1744 732/827/1745 650/781/1691 649/780/1690
s off
f 677/828/1746 678/829/1747 680/830/1748 679/831/1749
f 678/829/1750 677/828/1751 730/832/1752 731/833/1753
f 679/831/1754 680/830/1755 686/834/1756 685/835/1757
f 681/836/1758 682/837/1759 716/838/1760 715/839/1761
f 682/837/1762 681/836/1763 683/840/1764 684/841/1765
f 684/841/1766 683/840/1767 699/842/1768 700/843/1769
f 685/835/1770 686/834/1771 731/833/1772 730/832/1773
f 687/844/1774 688/845/1775 692/846/1776 691/847/1777
f 688/845/1778 687/844/1779 689/848/1780 690/849/1781
f 690/849/1782 689/848/1783 708/850/1784 709/851/1785
f 691/847/1786 692/846/1787 709/851/1788 708/850/1789
f 693/852/1790 694/853/1791 698/854/1792 697/855/1793
f 694/853/1794 693/852/1795 695/856/1796 696/857/1797
f 696/857/1798 695/856/1799 701/858/1800 702/859/1801
f 697/855/1802 698/854/1803 702/859/1804 701/858/1805
f 700/843/1806 699/842/1807 715/839/1808 716/838/1809
f 703/860/1810 704/861/1811 732/827/1812 734/862/1813
f 704/861/1814 703/860/1815 705/863/1816 707/820/1817
f 710/864/1818 711/865/1819 735/866/1820 737/788/1821
f 711/865/1822 710/864/1823 712/779/1824 714/867/1825
f 717/868/1826 718/869/1827 722/870/1828 724/824/1829
f 718/869/1830 717/868/1831 719/791/1832 721/871/1833
f 725/872/1834 726/873/1835 738/823/1836 740/874/1837
f 726/873/1838 725/872/1839 727/875/1840 729/776/1841
s 64
f 681/836/1842 677/828/1843 679/831/1844 683/840/1845
f 687/844/1846 679/831/1844 685/835/1847 689/848/1848
f 693/852/1849 687/844/1846 691/847/1850 695/856/1851
f 683/840/1845 693/852/1849 697/855/1852 699/842/1853
f 695/856/1851 691/847/1850 734/862/1854 733/826/1855 723/825/1856 722/870/1857
f 689/848/1848 685/835/1847 740/874/1858 739/822/1859 706/821/1860 705/863/1861
f 689/848/1848 705/863/1861 703/860/1862 708/850/1863
s 63
f 704/861/1864 707/820/1738 657/792/1702 644/805/1717
s 60
f 647/775/1685 712/779/1689 710/864/1865 642/801/1711
s 64
f 711/865/1866 714/867/1867 681/836/1842 715/839/1868
s 62
f 655/787/1697 719/791/1701 717/868/1869 643/803/1713
s 64
f 718/869/1870 721/871/1871 697/855/1852 701/858/1872
s 61
f 643/803/1715 717/868/1873 724/824/1742 649/780/1690
s 64
f 718/869/1870 701/858/1872 695/856/1851 722/870/1857
s 60
f 641/807/1719 726/873/1874 729/776/1686 648/774/1684
s 64
f 725/872/1875 730/832/1876 677/828/1843 727/875/1877
f 703/860/1862 734/862/1854 691/847/1850 708/850/1863
s 61
f 650/781/1691 732/827/1745 704/861/1878 644/805/1725
s 62
f 642/801/1727 710/864/1879 737/788/1698 656/786/1696
s 64
f 711/865/1866 715/839/1868 699/842/1853 735/866/1880
f 730/832/1876 725/872/1875 740/874/1858 685/835/1847
s 63
f 726/873/1881 641/807/1737 658/793/1703 738/823/1741
s 64
f 687/844/1846 693/852/1849 683/840/1845 679/831/1844
s off
f 698/854/1882 694/853/1883 661/876/1884 662/877/1885
f 694/853/1886 696/857/1887 663/878/1888 661/876/1889
f 696/857/1890 702/859/1891 664/879/1892 663/878/1893
f 702/859/1894 698/854/1895 662/877/1896 664/879/1897
f 688/845/1898 690/849/1899 665/880/1900 666/881/1901
f 690/849/1902 709/851/1903 667/882/1904 665/880/1905
f 709/851/1906 692/846/1907 668/883/1908 667/882/1909
f 692/846/1910 688/845/1911 666/881/1912 668/883/1913
f 682/837/1914 684/841/1915 669/884/1916 670/885/1917
f 684/841/1918 700/843/1919 671/886/1920 669/884/1921
f 700/843/1922 716/838/1923 672/887/1924 671/886/1925
f 716/838/1926 682/837/1927 670/885/1928 672/887/1929
f 731/833/1930 686/834/1931 674/888/1932 673/889/1933
f 686/834/1934 680/830/1935 675/890/1936 674/888/1937
f 680/830/1938 678/829/1939 676/891/1940 675/890/1941
f 678/829/1942 731/833/1943 673/889/1944 676/891/1945
s 64
f 714/867/1867 713/778/1946 728/777/1947 727/875/1877 677/828/1843 681/836/1842
f 721/871/1871 720/790/1948 736/789/1949 735/866/1880 699/842/1853 697/855/1852
s off
f 705/863/1950 706/821/1951 707/820/1952
f 712/779/1953 713/778/1954 714/867/1955
f 719/791/1956 720/790/1957 721/871/1958
f 722/870/1959 723/825/1960 724/824/1961
f 727/875/1962 728/777/1963 729/776/1964
f 732/827/1965 733/826/1966 734/862/1967
f 735/866/1968 736/789/1969 737/788/1970
f 738/823/1971 739/822/1972 740/874/1973
s 65
f 741/892/1974 744/893/1975 745/894/1976 742/895/1977
s 66
f 742/895/1978 745/894/1979 743/896/1980
s 67
f 748/897/1981 749/898/1982 750/899/1983 751/900/1984
s 68
f 742/901/1985 743/902/1986 749/903/1987 748/904/1988
s 69
f 747/905/1989 746/906/1990 751/900/1991 750/899/1992
s off
f 753/907/1993 752/908/1994 754/909/1995 755/910/1996
s 69
f 746/906/1990 773/911/1997 776/912/1998 753/907/1999
s 68
f 742/901/1985 748/904/1988 754/913/2000 752/914/2001
s 67
f 748/897/1981 751/900/1984 755/910/2002 754/909/2003
s 69
f 751/900/1991 746/906/1990 753/907/1999 755/910/2004
s 65
f 756/915/2005 757/916/2006 745/894/1976 744/893/1975
s 66
f 757/916/2007 743/896/1980 745/894/1979
s 71
f 760/917/2008 763/918/2009 762/919/2010 761/920/2011
s 72
f 757/921/2012 760/922/2013 761/923/2014 743/924/2015
s 73
f 759/925/2016 762/919/2017 763/918/2018 758/926/2019
s off
f 765/927/2020 767/928/2021 766/929/2022 764/930/2023
s 73
f 758/926/2019 765/927/2024 782/931/2025 779/932/2026
s 72
f 757/921/2012 764/933/2027 766/934/2028 760/922/2013
s 71
f 760/917/2008 766/929/2029 767/928/2030 763/918/2009
s 73
f 763/918/2018 767/928/2031 765/927/2024 758/926/2019
s 74
f 747/905/2032 750/899/2033 768/935/2034 769/936/2035
f 769/936/2035 768/935/2034 762/919/2036 759/925/2037
s off
f 749/898/2038 743/937/2039 761/920/2040 762/919/2041 768/935/2042 750/899/2043
s 75
f 771/938/2044 770/939/2045 741/892/2046 742/895/2047
s 76
f 770/940/2048 772/941/2049 744/942/2050 741/943/2051
s 69
f 774/944/2052 773/911/1997 746/906/1990 747/905/2053
s 77
f 776/912/2054 775/945/2055 752/908/2056 753/907/2057
s 68
f 775/946/2058 771/947/2059 742/901/1985 752/914/2001
s 78
f 777/948/2060 778/949/2061 757/916/2062 756/915/2063
s 76
f 772/941/2049 777/950/2064 756/951/2065 744/942/2050
s 73
f 779/932/2026 780/952/2066 759/925/2067 758/926/2019
s 79
f 781/953/2068 782/931/2069 765/927/2070 764/930/2071
s 72
f 778/954/2072 781/955/2073 764/933/2027 757/921/2012
s 80
f 783/956/2074 774/944/2075 747/905/2076 769/936/2077
f 780/952/2078 783/956/2074 769/936/2077 759/925/2079
s off
f 784/957/2080 785/958/2081 787/959/2082 786/960/2083
f 786/960/2084 787/959/2085 789/961/2086 788/962/2087
f 788/962/2088 789/961/2089 791/963/2090 790/964/2091
f 790/964/2092 791/963/2093 785/965/2094 784/966/2095
f 785/967/2096 791/968/2097 789/969/2098 787/970/2099
f 790/971/2100 784/972/2101 786/973/2102 788/974/2103
s 81
f 792/975/2104 795/976/2105 796/977/2106 793/978/2107
s 82
f 793/978/2108 798/979/2109 799/980/2110 792/975/2111
s off
f 798/979/2112 793/978/2113 800/981/2114 801/982/2115
f 793/978/2116 796/977/2117 802/983/2118 800/981/2119
s 81
f 792/975/2104 794/984/2120 797/985/2121 795/976/2105
s 82
f 794/984/2122 792/975/2111 799/980/2110 803/986/2123
s off
f 803/986/2124 804/987/2125 805/988/2126 794/984/2127
f 794/984/2128 805/988/2129 806/989/2130 797/985/2131
s 83
f 808/990/2132 809/991/2133 817/992/2134 814/993/2135
s 84
f 810/994/2136 807/995/2137 813/996/2138 819/997/2139
s 83
f 814/993/2135 817/992/2134 818/998/2140 815/999/2141
s 85
f 815/999/2142 818/998/2143 836/1000/2144 837/1001/2145 816/1002/2146
f 811/1003/2147 841/1004/2148 842/1005/2149 820/1006/2150 812/1007/2151
s 84
f 812/1007/2152 820/1006/2153 819/997/2139 813/996/2138
s 87
f 821/1008/2154 834/1009/2155 833/1010/2156 822/1011/2157
s 88
f 822//2158 823//2159 824//2160 821//2161
s 89
f 823/1012/2162 825/1013/2163 826/1014/2164 824/1015/2165
f 825/1013/2163 827/1016/2166 828/1017/2167 826/1014/2164
s 85
f 827/1016/2168 829/1018/2169 830/1019/2170 828/1017/2171
f 829/1018/2169 844/1020/2172 839/1021/2173 840/1022/2174 830/1019/2170
s 87
f 831/1023/2175 833/1010/2156 834/1009/2155 832/1024/2176
s 88
f 810//2177 823//2159 822//2158 807//2178
s 87
f 813/996/2179 833/1010/2156 831/1023/2175 812/1007/2180
s 85
f 812/1007/2151 831/1023/2181 845/1025/2182 811/1003/2147
s 87
f 807/995/2183 822/1011/2157 833/1010/2156 813/996/2179
s 89
f 823/1012/2162 810/994/2184 819/997/2185 825/1013/2163
s off
f 846/1026/2186 848/1027/2187 847/1028/2188
s 89
f 825/1013/2163 819/997/2185 820/1006/2189 827/1016/2166
s 85
f 827/1016/2168 820/1006/2150 842/1005/2149 843/1029/2190 829/1018/2169
s 88
f 824//2160 809//2191 808//2192 821//2161
s 89
f 809/991/2193 824/1015/2165 826/1014/2164 817/992/2194
f 817/992/2194 826/1014/2164 828/1017/2167 818/998/2195
s 85
f 818/998/2143 828/1017/2171 830/1019/2170 835/1030/2196 836/1000/2144
s off
f 849/1031/2197 851/1032/2198 850/1033/2199
s 85
f 832/1024/2200 815/999/2142 816/1002/2146 838/1034/2201
s 87
f 834/1009/2155 814/993/2202 815/999/2203 832/1024/2176
f 821/1008/2154 808/990/2204 814/993/2202 834/1009/2155
s off
f 852/1035/2205 854/1036/2206 853/1037/2207
f 856/1038/2208 857/1039/2209 855/1040/2210
s 85
f 831/1023/2181 832/1024/2200 839/1021/2173
f 835/1030/2196 840/1022/2174 838/1034/2201 837/1001/2145
f 841/1004/2148 845/1025/2182 844/1020/2172 843/1029/2190
f 835/1030/2196 837/1001/2145 836/1000/2144
f 838/1034/2201 840/1022/2174 839/1021/2173 832/1024/2200
f 841/1004/2148 843/1029/2190 842/1005/2149
f 844/1020/2172 845/1025/2182 831/1023/2181 839/1021/2173
s off
f 844/1020/2211 846/1026/2212 847/1028/2213 843/1029/2214
f 843/1029/2215 847/1028/2216 848/1027/2217 829/1018/2218
f 829/1018/2219 848/1027/2220 846/1026/2221 844/1020/2222
f 835/1030/2223 849/1031/2224 850/1033/2225 840/1022/2226
f 840/1022/2227 850/1033/2228 851/1032/2229 830/1019/2230
f 830/1019/2231 851/1032/2232 849/1031/2233 835/1030/2234
f 838/1034/2235 852/1035/2236 853/1037/2237 837/1001/2238
f 837/1001/2239 853/1037/2240 854/1036/2241 816/1002/2242
f 816/1002/2243 854/1036/2244 852/1035/2245 838/1034/2246
f 811/1003/2247 856/1038/2248 855/1040/2249 841/1004/2250
f 841/1004/2251 855/1040/2252 857/1039/2253 845/1025/2254
f 845/1025/2255 857/1039/2256 856/1038/2257 811/1003/2258
s 90
f 858/1041/2259 859/1042/2260 861/1043/2261 860/1044/2262
s 91
f 862/1045/2263 863/1046/2264 865/1047/2265 864/1048/2266
s 92
f 866/1049/2267 867/1050/2268 872/1051/2269 873/1052/2270
s off
f 867/1053/2271 866/1054/2272 869/1055/2273 868/1056/2274
s 93
f 868/1057/2275 869/1058/2276 871/1059/2277 870/1060/2278
s 94
f 870/1060/2279 871/1059/2280 873/1052/2281 872/1051/2282
s 92
f 860/1044/2283 861/1043/2284 872/1051/2269 867/1050/2268
s 93
f 868/1057/2275 870/1060/2278 859/1042/2285 858/1041/2286
s 94
f 859/1042/2287 870/1060/2279 872/1051/2282 861/1043/2288
s off
f 875/1061/2289 874/1062/2290 876/1063/2291 877/1064/2292
f 878/1065/2293 879/1066/2294 880/1067/2295 881/1068/2296
s 93
f 864/1048/2297 865/1047/2298 871/1059/2277 869/1058/2276
s 94
f 873/1052/2281 871/1059/2280 865/1047/2299 863/1046/2300
s 92
f 866/1049/2267 873/1052/2270 863/1046/2301 862/1045/2302
s off
f 867/1053/2303 868/1056/2304 874/1069/2305 875/1070/2306
s 93
f 868/1057/2275 858/1041/2286 876/1063/2307 874/1062/2308
s 90
f 858/1041/2259 860/1044/2262 877/1064/2309 876/1063/2310
s off
f 883/1071/2311 882/1072/2312 884/1073/2313 885/1074/2314
s 93
f 864/1048/2297 869/1058/2276 879/1066/2315 878/1065/2316
s off
f 869/1055/2317 866/1054/2318 880/1075/2319 879/1076/2320
f 886/1077/2321 887/1078/2322 888/1079/2323 889/1080/2324
s 91
f 862/1045/2263 864/1048/2266 878/1065/2325 881/1068/2326
s off
f 860/1044/2327 867/1050/2328 882/1072/2329 883/1071/2330
f 867/1053/2331 875/1070/2332 884/1081/2333 882/1082/2334
f 875/1061/2335 877/1064/2336 885/1074/2337 884/1073/2338
f 877/1064/2339 860/1044/2340 883/1071/2341 885/1074/2342
f 866/1049/2343 862/1045/2344 887/1078/2345 886/1077/2346
f 862/1045/2347 881/1068/2348 888/1079/2349 887/1078/2350
f 881/1068/2351 880/1067/2352 889/1080/2353 888/1079/2354
f 880/1075/2355 866/1054/2356 886/1083/2357 889/1084/2358
s 95
f 890/1085/2359 893/1086/2360 894/1087/2361 891/1088/2362
s 96
f 891/1088/2363 894/1087/2364 892/1089/2365
s 97
f 897/1090/2366 898/1091/2367 899/1092/2368 900/1093/2369
s 98
f 891/1094/2370 892/1095/2371 898/1096/2372 897/1097/2373
s 99
f 896/1098/2374 895/1099/2375 900/1093/2376 899/1092/2377
s off
f 902/1100/2378 901/1101/2379 903/1102/2380 904/1103/2381
s 99
f 895/1099/2375 922/1104/2382 925/1105/2383 902/1100/2384
s 98
f 891/1094/2370 897/1097/2373 903/1106/2385 901/1107/2386
s 97
f 897/1090/2366 900/1093/2369 904/1103/2387 903/1102/2388
s 99
f 900/1093/2376 895/1099/2375 902/1100/2384 904/1103/2389
s 95
f 905/1108/2390 906/1109/2391 894/1087/2361 893/1086/2360
s 96
f 906/1109/2392 892/1089/2365 894/1087/2364
s 101
f 909/1110/2393 912/1111/2394 911/1112/2395 910/1113/2396
s 102
f 906/1114/2397 909/1115/2398 910/1116/2399 892/1117/2400
s 103
f 908/1118/2401 911/1112/2402 912/1111/2403 907/1119/2404
s off
f 914/1120/2405 916/1121/2406 915/1122/2407 913/1123/2408
s 103
f 907/1119/2404 914/1120/2409 931/1124/2410 928/1125/2411
s 102
f 906/1114/2397 913/1126/2412 915/1127/2413 909/1115/2398
s 101
f 909/1110/2393 915/1122/2414 916/1121/2415 912/1111/2394
s 103
f 912/1111/2403 916/1121/2416 914/1120/2409 907/1119/2404
s 104
f 896/1098/2417 899/1092/2418 917/1128/2419 918/1129/2420
f 918/1129/2420 917/1128/2419 911/1112/2421 908/1118/2422
s off
f 898/1091/2423 892/1130/2424 910/1113/2425 911/1112/2426 917/1128/2427 899/1092/2428
s 105
f 920/1131/2429 919/1132/2430 890/1085/2431 891/1088/2432
s 106
f 919/1133/2433 921/1134/2434 893/1135/2435 890/1136/2436
s 99
f 923/1137/2437 922/1104/2382 895/1099/2375 896/1098/2438
s 107
f 925/1105/2439 924/1138/2440 901/1101/2441 902/1100/2442
s 98
f 924/1139/2443 920/1140/2444 891/1094/2370 901/1107/2386
s 108
f 926/1141/2445 927/1142/2446 906/1109/2447 905/1108/2448
s 106
f 921/1134/2434 926/1143/2449 905/1144/2450 893/1135/2435
s 103
f 928/1125/2411 929/1145/2451 908/1118/2452 907/1119/2404
s 109
f 930/1146/2453 931/1124/2454 914/1120/2455 913/1123/2456
s 102
f 927/1147/2457 930/1148/2458 913/1126/2412 906/1114/2397
s 110
f 932/1149/2459 923/1137/2460 896/1098/2461 918/1129/2462
f 929/1145/2463 932/1149/2459 918/1129/2462 908/1118/2464
s 111
f 942/1150/2465 941/1151/2466 944/1152/2467 943/1153/2468
f 943/1153/2468 944/1152/2467 1025/1154/2469 1024/1155/2470 1009/1156/2471 1008/1157/2472
s 112
f 945/1158/2473 946/1159/2474 948/1160/2475 947/1161/2476
s 113
f 950/1162/2477 949/1163/2478 952/1164/2479 951/1165/2480
f 951/1165/2480 952/1164/2479 1033/1166/2481 1032/1167/2482 1016/1168/2483 1015/1169/2484
s 114
f 953/1170/2485 954/1171/2486 956/1172/2487 955/1173/2488
s off
f 958/1174/2489 957/1175/2490 959/1176/2491 960/1177/2492
s 111
f 934/1178/2493 942/1150/2465 943/1153/2468 938/1179/2494
s 113
f 935/1180/2495 950/1162/2477 951/1165/2480 939/1181/2496
s 112
f 945/1158/2473 947/1161/2476 935/1180/2497 939/1181/2498
s 114
f 953/1170/2485 955/1173/2488 936/1182/2499 940/1183/2500
s 111
f 944/1152/2467 941/1151/2466 933/1184/2501 937/1185/2502
s off
f 962/1186/2503 961/1187/2504 963/1188/2505 964/1189/2506
s 112
f 936/1182/2507 948/1160/2475 946/1159/2474 940/1183/2508
s 113
f 952/1164/2479 949/1163/2478 934/1178/2509 938/1179/2510
s off
f 966/1190/2511 965/1191/2512 967/1192/2513 968/1193/2514
f 969/1194/2515 970/1195/2516 971/1196/2517 972/1197/2518
s 114
f 933/1184/2519 956/1172/2487 954/1171/2486 937/1185/2520
f 1003/1198/2521 1002/1199/2522 1035/1200/2523 1034/1201/2524 954/1171/2486 953/1170/2485
s 112
f 1020/1202/2525 1019/1203/2526 1029/1204/2527 1028/1205/2528 946/1159/2474 945/1158/2473
s off
f 973/1206/2529 974/1207/2530 976/1208/2531 975/1209/2532
f 974/1207/2533 973/1206/2534 1026/1210/2535 1027/1211/2536
f 975/1209/2537 976/1208/2538 982/1212/2539 981/1213/2540
f 977/1214/2541 978/1215/2542 1012/1216/2543 1011/1217/2544
f 978/1215/2545 977/1214/2546 979/1218/2547 980/1219/2548
f 980/1219/2549 979/1218/2550 995/1220/2551 996/1221/2552
f 981/1213/2553 982/1212/2554 1027/1211/2555 1026/1210/2556
f 983/1222/2557 984/1223/2558 988/1224/2559 987/1225/2560
f 984/1223/2561 983/1222/2562 985/1226/2563 986/1227/2564
f 986/1227/2565 985/1226/2566 1004/1228/2567 1005/1229/2568
f 987/1225/2569 988/1224/2570 1005/1229/2571 1004/1228/2572
f 989/1230/2573 990/1231/2574 994/1232/2575 993/1233/2576
f 990/1231/2577 989/1230/2578 991/1234/2579 992/1235/2580
f 992/1235/2581 991/1234/2582 997/1236/2583 998/1237/2584
f 993/1233/2585 994/1232/2586 998/1237/2587 997/1236/2588
f 996/1221/2589 995/1220/2590 1011/1217/2591 1012/1216/2592
f 999/1238/2593 1000/1239/2594 1028/1205/2595 1030/1240/2596
f 1000/1239/2597 999/1238/2598 1001/1241/2599 1003/1198/2600
f 1006/1242/2601 1007/1243/2602 1031/1244/2603 1033/1166/2604
f 1007/1243/2605 1006/1242/2606 1008/1157/2607 1010/1245/2608
f 1013/1246/2609 1014/1247/2610 1018/1248/2611 1020/1202/2612
f 1014/1247/2613 1013/1246/2614 1015/1169/2615 1017/1249/2616
f 1021/1250/2617 1022/1251/2618 1034/1201/2619 1036/1252/2620
f 1022/1251/2621 1021/1250/2622 1023/1253/2623 1025/1154/2624
s 115
f 977/1214/2625 973/1206/2626 975/1209/2627 979/1218/2628
f 983/1222/2629 975/1209/2627 981/1213/2630 985/1226/2631
f 989/1230/2632 983/1222/2629 987/1225/2633 991/1234/2634
f 979/1218/2628 989/1230/2632 993/1233/2635 995/1220/2636
f 991/1234/2634 987/1225/2633 1030/1240/2637 1029/1204/2638 1019/1203/2639 1018/1248/2640
f 985/1226/2631 981/1213/2630 1036/1252/2641 1035/1200/2642 1002/1199/2643 1001/1241/2644
f 985/1226/2631 1001/1241/2644 999/1238/2645 1004/1228/2646
s 114
f 1000/1239/2647 1003/1198/2521 953/1170/2485 940/1183/2500
s 111
f 943/1153/2468 1008/1157/2472 1006/1242/2648 938/1179/2494
s 115
f 1007/1243/2649 1010/1245/2650 977/1214/2625 1011/1217/2651
s 113
f 951/1165/2480 1015/1169/2484 1013/1246/2652 939/1181/2496
s 115
f 1014/1247/2653 1017/1249/2654 993/1233/2635 997/1236/2655
s 112
f 939/1181/2498 1013/1246/2656 1020/1202/2525 945/1158/2473
s 115
f 1014/1247/2653 997/1236/2655 991/1234/2634 1018/1248/2640
s 111
f 937/1185/2502 1022/1251/2657 1025/1154/2469 944/1152/2467
s 115
f 1021/1250/2658 1026/1210/2659 973/1206/2626 1023/1253/2660
f 999/1238/2645 1030/1240/2637 987/1225/2633 1004/1228/2646
s 112
f 946/1159/2474 1028/1205/2528 1000/1239/2661 940/1183/2508
s 113
f 938/1179/2510 1006/1242/2662 1033/1166/2481 952/1164/2479
s 115
f 1007/1243/2649 1011/1217/2651 995/1220/2636 1031/1244/2663
f 1026/1210/2659 1021/1250/2658 1036/1252/2641 981/1213/2630
s 114
f 1022/1251/2664 937/1185/2520 954/1171/2486 1034/1201/2524
s 115
f 983/1222/2629 989/1230/2632 979/1218/2628 975/1209/2627
s off
f 994/1232/2665 990/1231/2666 957/1254/2667 958/1255/2668
f 990/1231/2669 992/1235/2670 959/1256/2671 957/1254/2672
f 992/1235/2673 998/1237/2674 960/1257/2675 959/1256/2676
f 998/1237/2677 994/1232/2678 958/1255/2679 960/1257/2680
f 984/1223/2681 986/1227/2682 961/1258/2683 962/1259/2684
f 986/1227/2685 1005/1229/2686 963/1260/2687 961/1258/2688
f 1005/1229/2689 988/1224/2690 964/1261/2691 963/1260/2692
f 988/1224/2693 984/1223/2694 962/1259/2695 964/1261/2696
f 978/1215/2697 980/1219/2698 965/1262/2699 966/1263/2700
f 980/1219/2701 996/1221/2702 967/1264/2703 965/1262/2704
f 996/1221/2705 1012/1216/2706 968/1265/2707 967/1264/2708
f 1012/1216/2709 978/1215/2710 966/1263/2711 968/1265/2712
f 1027/1211/2713 982/1212/2714 970/1266/2715 969/1267/2716
f 982/1212/2717 976/1208/2718 971/1268/2719 970/1266/2720
f 976/1208/2721 974/1207/2722 972/1269/2723 971/1268/2724
f 974/1207/2725 1027/1211/2726 969/1267/2727 972/1269/2728
s 115
f 1010/1245/2650 1009/1156/2729 1024/1155/2730 1023/1253/2660 973/1206/2626 977/1214/2625
f 1017/1249/2654 1016/1168/2731 1032/1167/2732 1031/1244/2663 995/1220/2636 993/1233/2635
s off
f 1001/1241/2733 1002/1199/2734 1003/1198/2735
f 1008/1157/2736 1009/1156/2737 1010/1245/2738
f 1015/1169/2739 1016/1168/2740 1017/1249/2741
f 1018/1248/2742 1019/1203/2743 1020/1202/2744
f 1023/1253/2745 1024/1155/2746 1025/1154/2747
f 1028/1205/2748 1029/1204/2749 1030/1240/2750
f 1031/1244/2751 1032/1167/2752 1033/1166/2753
f 1034/1201/2754 1035/1200/2755 1036/1252/2756
f 1037/1270/2757 1038/1271/2758 1040/1272/2759 1039/1273/2760
f 1039/1273/2761 1040/1272/2762 1042/1274/2763 1041/1275/2764
f 1041/1275/2765 1042/1274/2766 1044/1276/2767 1043/1277/2768
f 1043/1277/2769 1044/1276/2770 1038/1278/2771 1037/1279/2772
f 1038/1280/2773 1044/1281/2774 1042/1282/2775 1040/1283/2776
f 1043/1284/2777 1037/1285/2778 1039/1286/2779 1041/1287/2780
f 1045/1288/2781 1046/1289/2782 1048/1290/2783 1047/1291/2784
f 1047/1291/2785 1048/1290/2786 1050/1292/2787 1049/1293/2788
f 1049/1293/2789 1050/1292/2790 1052/1294/2791 1051/1295/2792
f 1051/1295/2793 1052/1294/2794 1046/1296/2795 1045/1297/2796
f 1046/1298/2797 1052/1299/2798 1050/1300/2799 1048/1301/2800
f 1051/1302/2801 1045/1303/2802 1047/1304/2803 1049/1305/2804
f 1053/1306/2805 1054/1307/2806 1056/1308/2807 1055/1309/2808
f 1055/1309/2809 1056/1308/2810 1058/1310/2811 1057/1311/2812
f 1057/1311/2813 1058/1310/2814 1060/1312/2815 1059/1313/2816
f 1059/1313/2817 1060/1312/2818 1054/1314/2819 1053/1315/2820
f 1054/1316/2821 1060/1317/2822 1058/1318/2823 1056/1319/2824
f 1059/1320/2825 1053/1321/2826 1055/1322/2827 1057/1323/2828
s 116
f 1070/1324/2829 1069/1325/2830 1072/1326/2831 1071/1327/2832
f 1071/1327/2832 1072/1326/2831 1153/1328/2833 1152/1329/2834 1137/1330/2835 1136/1331/2836
s 117
f 1073/1332/2837 1074/1333/2838 1076/1334/2839 1075/1335/2840
s 118
f 1078/1336/2841 1077/1337/2842 1080/1338/2843 1079/1339/2844
f 1079/1339/2844 1080/1338/2843 1161/1340/2845 1160/1341/2846 1144/1342/2847 1143/1343/2848
s 119
f 1081/1344/2849 1082/1345/2850 1084/1346/2851 1083/1347/2852
s off
f 1086/1348/2853 1085/1349/2854 1087/1350/2855 1088/1351/2856
s 116
f 1062/1352/2857 1070/1324/2829 1071/1327/2832 1066/1353/2858
s 118
f 1063/1354/2859 1078/1336/2841 1079/1339/2844 1067/1355/2860
s 117
f 1073/1332/2837 1075/1335/2840 1063/1354/2861 1067/1355/2862
s 119
f 1081/1344/2849 1083/1347/2852 1064/1356/2863 1068/1357/2864
s 116
f 1072/1326/2831 1069/1325/2830 1061/1358/2865 1065/1359/2866
s off
f 1090/1360/2867 1089/1361/2868 1091/1362/2869 1092/1363/2870
s 117
f 1064/1356/2871 1076/1334/2839 1074/1333/2838 1068/1357/2872
s 118
f 1080/1338/2843 1077/1337/2842 1062/1352/2873 1066/1353/2874
s off
f 1094/1364/2875 1093/1365/2876 1095/1366/2877 1096/1367/2878
f 1097/1368/2879 1098/1369/2880 1099/1370/2881 1100/1371/2882
s 119
f 1061/1358/2883 1084/1346/2851 1082/1345/2850 1065/1359/2884
f 1131/1372/2885 1130/1373/2886 1163/1374/2887 1162/1375/2888 1082/1345/2850 1081/1344/2849
s 117
f 1148/1376/2889 1147/1377/2890 1157/1378/2891 1156/1379/2892 1074/1333/2838 1073/1332/2837
s off
f 1101/1380/2893 1102/1381/2894 1104/1382/2895 1103/1383/2896
f 1102/1381/2897 1101/1380/2898 1154/1384/2899 1155/1385/2900
f 1103/1383/2901 1104/1382/2902 1110/1386/2903 1109/1387/2904
f 1105/1388/2905 1106/1389/2906 1140/1390/2907 1139/1391/2908
f 1106/1389/2909 1105/1388/2910 1107/1392/2911 1108/1393/2912
f 1108/1393/2913 1107/1392/2914 1123/1394/2915 1124/1395/2916
f 1109/1387/2917 1110/1386/2918 1155/1385/2919 1154/1384/2920
f 1111/1396/2921 1112/1397/2922 1116/1398/2923 1115/1399/2924
f 1112/1397/2925 1111/1396/2926 1113/1400/2927 1114/1401/2928
f 1114/1401/2929 1113/1400/2930 1132/1402/2931 1133/1403/2932
f 1115/1399/2933 1116/1398/2934 1133/1403/2935 1132/1402/2936
f 1117/1404/2937 1118/1405/2938 1122/1406/2939 1121/1407/2940
f 1118/1405/2941 1117/1404/2942 1119/1408/2943 1120/1409/2944
f 1120/1409/2945 1119/1408/2946 1125/1410/2947 1126/1411/2948
f 1121/1407/2949 1122/1406/2950 1126/1411/2951 1125/1410/2952
f 1124/1395/2953 1123/1394/2954 1139/1391/2955 1140/1390/2956
f 1127/1412/2957 1128/1413/2958 1156/1379/2959 1158/1414/2960
f 1128/1413/2961 1127/1412/2962 1129/1415/2963 1131/1372/2964
f 1134/1416/2965 1135/1417/2966 1159/1418/2967 1161/1340/2968
f 1135/1417/2969 1134/1416/2970 1136/1331/2971 1138/1419/2972
f 1141/1420/2973 1142/1421/2974 1146/1422/2975 1148/1376/2976
f 1142/1421/2977 1141/1420/2978 1143/1343/2979 1145/1423/2980
f 1149/1424/2981 1150/1425/2982 1162/1375/2983 1164/1426/2984
f 1150/1425/2985 1149/1424/2986 1151/1427/2987 1153/1328/2988
s 120
f 1105/1388/2989 1101/1380/2990 1103/1383/2991 1107/1392/2992
f 1111/1396/2993 1103/1383/2991 1109/1387/2994 1113/1400/2995
f 1117/1404/2996 1111/1396/2993 1115/1399/2997 1119/1408/2998
f 1107/1392/2992 1117/1404/2996 1121/1407/2999 1123/1394/3000
f 1119/1408/2998 1115/1399/2997 1158/1414/3001 1157/1378/3002 1147/1377/3003 1146/1422/3004
f 1113/1400/2995 1109/1387/2994 1164/1426/3005 1163/1374/3006 1130/1373/3007 1129/1415/3008
f 1113/1400/2995 1129/1415/3008 1127/1412/3009 1132/1402/3010
s 119
f 1128/1413/3011 1131/1372/2885 1081/1344/2849 1068/1357/2864
s 116
f 1071/1327/2832 1136/1331/2836 1134/1416/3012 1066/1353/2858
s 120
f 1135/1417/3013 1138/1419/3014 1105/1388/2989 1139/1391/3015
s 118
f 1079/1339/2844 1143/1343/2848 1141/1420/3016 1067/1355/2860
s 120
f 1142/1421/3017 1145/1423/3018 1121/1407/2999 1125/1410/3019
s 117
f 1067/1355/2862 1141/1420/3020 1148/1376/2889 1073/1332/2837
s 120
f 1142/1421/3017 1125/1410/3019 1119/1408/2998 1146/1422/3004
s 116
f 1065/1359/2866 1150/1425/3021 1153/1328/2833 1072/1326/2831
s 120
f 1149/1424/3022 1154/1384/3023 1101/1380/2990 1151/1427/3024
f 1127/1412/3009 1158/1414/3001 1115/1399/2997 1132/1402/3010
s 117
f 1074/1333/2838 1156/1379/2892 1128/1413/3025 1068/1357/2872
s 118
f 1066/1353/2874 1134/1416/3026 1161/1340/2845 1080/1338/2843
s 120
f 1135/1417/3013 1139/1391/3015 1123/1394/3000 1159/1418/3027
f 1154/1384/3023 1149/1424/3022 1164/1426/3005 1109/1387/2994
s 119
f 1150/1425/3028 1065/1359/2884 1082/1345/2850 1162/1375/2888
s 120
f 1111/1396/2993 1117/1404/2996 1107/1392/2992 1103/1383/2991
s off
f 1122/1406/3029 1118/1405/3030 1085/1428/3031 1086/1429/3032
f 1118/1405/3033 1120/1409/3034 1087/1430/3035 1085/1428/3036
f 1120/1409/3037 1126/1411/3038 1088/1431/3039 1087/1430/3040
f 1126/1411/3041 1122/1406/3042 1086/1429/3043 1088/1431/3044
f 1112/1397/3045 1114/1401/3046 1089/1432/3047 1090/1433/3048
f 1114/1401/3049 1133/1403/3050 1091/1434/3051 1089/1432/3052
f 1133/1403/3053 1116/1398/3054 1092/1435/3055 1091/1434/3056
f 1116/1398/3057 1112/1397/3058 1090/1433/3059 1092/1435/3060
f 1106/1389/3061 1108/1393/3062 1093/1436/3063 1094/1437/3064
f 1108/1393/3065 1124/1395/3066 1095/1438/3067 1093/1436/3068
f 1124/1395/3069 1140/1390/3070 1096/1439/3071 1095/1438/3072
f 1140/1390/3073 1106/1389/3074 1094/1437/3075 1096/1439/3076
f 1155/1385/3077 1110/1386/3078 1098/1440/3079 1097/1441/3080
f 1110/1386/3081 1104/1382/3082 1099/1442/3083 1098/1440/3084
f 1104/1382/3085 1102/1381/3086 1100/1443/3087 1099/1442/3088
f 1102/1381/3089 1155/1385/3090 1097/1441/3091 1100/1443/3092
s 120
f 1138/1419/3014 1137/1330/3093 1152/1329/3094 1151/1427/3024 1101/1380/2990 1105/1388/2989
f 1145/1423/3018 1144/1342/3095 1160/1341/3096 1159/1418/3027 1123/1394/3000 1121/1407/2999
s off
f 1129/1415/3097 1130/1373/3098 1131/1372/3099
f 1136/1331/3100 1137/1330/3101 1138/1419/3102
f 1143/1343/3103 1144/1342/3104 1145/1423/3105
f 1146/1422/3106 1147/1377/3107 1148/1376/3108
f 1151/1427/3109 1152/1329/3110 1153/1328/3111
f 1156/1379/3112 1157/1378/3113 1158/1414/3114
f 1159/1418/3115 1160/1341/3116 1161/1340/3117
f 1162/1375/3118 1163/1374/3119 1164/1426/3120
f 1165/1444/3121 1166/1445/3122 1168/1446/3123 1167/1447/3124
f 1167/1447/3125 1168/1446/3126 1170/1448/3127 1169/1449/3128
f 1169/1449/3129 1170/1448/3130 1172/1450/3131 1171/1451/3132
f 1171/1451/3133 1172/1450/3134 1166/1452/3135 1165/1453/3136
f 1166/1454/3137 1172/1455/3138 1170/1456/3139 1168/1457/3140
f 1171/1458/3141 1165/1459/3142 1167/1460/3143 1169/1461/3144
s 121
f 1174/1462/3145 1175/1463/3146 1183/1464/3147 1180/1465/3148
s 122
f 1176/1466/3149 1173/1467/3150 1179/1468/3151 1185/1469/3152
s 121
f 1180/1465/3148 1183/1464/3147 1184/1470/3153 1181/1471/3154
s 123
f 1181/1471/3155 1184/1470/3156 1202/1472/3157 1203/1473/3158 1182/1474/3159
f 1177/1475/3160 1207/1476/3161 1208/1477/3162 1186/1478/3163 1178/1479/3164
s 122
f 1178/1479/3165 1186/1478/3166 1185/1469/3152 1179/1468/3151
s 125
f 1187/1480/3167 1200/1481/3168 1199/1482/3169 1188/1483/3170
s 126
f 1188//3171 1189//3172 1190//3173 1187//3174
s 127
f 1189/1484/3175 1191/1485/3176 1192/1486/3177 1190/1487/3178
f 1191/1485/3176 1193/1488/3179 1194/1489/3180 1192/1486/3177
s 123
f 1193/1488/3181 1195/1490/3182 1196/1491/3183 1194/1489/3184
f 1195/1490/3182 1210/1492/3185 1205/1493/3186 1206/1494/3187 1196/1491/3183
s 125
f 1197/1495/3188 1199/1482/3169 1200/1481/3168 1198/1496/3189
s 126
f 1176//3190 1189//3172 1188//3171 1173//3191
s 125
f 1179/1468/3192 1199/1482/3169 1197/1495/3188 1178/1479/3193
s 123
f 1178/1479/3164 1197/1495/3194 1211/1497/3195 1177/1475/3160
s 125
f 1173/1467/3196 1188/1483/3170 1199/1482/3169 1179/1468/3192
s 127
f 1189/1484/3175 1176/1466/3197 1185/1469/3198 1191/1485/3176
s off
f 1212/1498/3199 1214/1499/3200 1213/1500/3201
s 127
f 1191/1485/3176 1185/1469/3198 1186/1478/3202 1193/1488/3179
s 123
f 1193/1488/3181 1186/1478/3163 1208/1477/3162 1209/1501/3203 1195/1490/3182
s 126
f 1190//3173 1175//3204 1174//3205 1187//3174
s 127
f 1175/1463/3206 1190/1487/3178 1192/1486/3177 1183/1464/3207
f 1183/1464/3207 1192/1486/3177 1194/1489/3180 1184/1470/3208
s 123
f 1184/1470/3156 1194/1489/3184 1196/1491/3183 1201/1502/3209 1202/1472/3157
s off
f 1215/1503/3210 1217/1504/3211 1216/1505/3212
s 123
f 1198/1496/3213 1181/1471/3155 1182/1474/3159 1204/1506/3214
s 125
f 1200/1481/3168 1180/1465/3215 1181/1471/3216 1198/1496/3189
f 1187/1480/3167 1174/1462/3217 1180/1465/3215 1200/1481/3168
s off
f 1218/1507/3218 1220/1508/3219 1219/1509/3220
f 1222/1510/3221 1223/1511/3222 1221/1512/3223
s 123
f 1197/1495/3194 1198/1496/3213 1205/1493/3186
f 1201/1502/3209 1206/1494/3187 1204/1506/3214 1203/1473/3158
f 1207/1476/3161 1211/1497/3195 1210/1492/3185 1209/1501/3203
f 1201/1502/3209 1203/1473/3158 1202/1472/3157
f 1204/1506/3214 1206/1494/3187 1205/1493/3186 1198/1496/3213
f 1207/1476/3161 1209/1501/3203 1208/1477/3162
f 1210/1492/3185 1211/1497/3195 1197/1495/3194 1205/1493/3186
s off
f 1210/1492/3224 1212/1498/3225 1213/1500/3226 1209/1501/3227
f 1209/1501/3228 1213/1500/3229 1214/1499/3230 1195/1490/3231
f 1195/1490/3232 1214/1499/3233 1212/1498/3234 1210/1492/3235
f 1201/1502/3236 1215/1503/3237 1216/1505/3238 1206/1494/3239
f 1206/1494/3240 1216/1505/3241 1217/1504/3242 1196/1491/3243
f 1196/1491/3244 1217/1504/3245 1215/1503/3246 1201/1502/3247
f 1204/1506/3248 1218/1507/3249 1219/1509/3250 1203/1473/3251
f 1203/1473/3252 1219/1509/3253 1220/1508/3254 1182/1474/3255
f 1182/1474/3256 1220/1508/3257 1218/1507/3258 1204/1506/3259
f 1177/1475/3260 1222/1510/3261 1221/1512/3262 1207/1476/3263
f 1207/1476/3264 1221/1512/3265 1223/1511/3266 1211/1497/3267
f 1211/1497/3268 1223/1511/3269 1222/1510/3270 1177/1475/3271
f 1224/1513/3272 1225/1514/3273 1227/1515/3274 1226/1516/3275
f 1226/1516/3276 1227/1515/3277 1229/1517/3278 1228/1518/3279
f 1228/1518/3280 1229/1517/3281 1231/1519/3282 1230/1520/3283
f 1230/1520/3284 1231/1519/3285 1225/1521/3286 1224/1522/3287
f 1225/1523/3288 1231/1524/3289 1229/1525/3290 1227/1526/3291
f 1230/1527/3292 1224/1528/3293 1226/1529/3294 1228/1530/3295
f 1232/1531/3296 1233/1532/3297 1235/1533/3298 1234/1534/3299
f 1234/1534/3300 1235/1533/3301 1237/1535/3302 1236/1536/3303
f 1236/1536/3304 1237/1535/3305 1239/1537/3306 1238/1538/3307
f 1238/1538/3308 1239/1537/3309 1233/1539/3310 1232/1540/3311
f 1233/1541/3312 1239/1542/3313 1237/1543/3314 1235/1544/3315
f 1238/1545/3316 1232/1546/3317 1234/1547/3318 1236/1548/3319
f 1240/1549/3320 1242/1552/3321 1243/1551/3322 1241/1550/3323
f 1242/1553/3324 1244/1556/3325 1245/1555/3326 1243/1554/3327
f 1244/1557/3328 1246/1560/3329 1247/1559/3330 1245/1558/3331
f 1246/1561/3332 1240/1564/3333 1241/1563/3334 1247/1562/3335
f 1241/1550/3336 1243/1551/3337 1245/1566/3338 1247/1565/3339
f 1246/1560/3340 1244/1557/3341 1242/1552/3342 1240/1549/3343
f 1248/1567/3344 1250/1570/3345 1251/1569/3346 1249/1568/3347
f 1250/1571/3348 1252/1574/3349 1253/1573/3350 1251/1572/3351
f 1252/1575/3352 1254/1578/3353 1255/1577/3354 1253/1576/3355
f 1254/1579/3356 1248/1582/3357 1249/1581/3358 1255/1580/3359
f 1249/1568/3360 1251/1569/3361 1253/1584/3362 1255/1583/3363
f 1254/1578/3364 1252/1575/3365 1250/1570/3366 1248/1567/3367
f 1256/1585/3368 1258/1588/3369 1259/1587/3370 1257/1586/3371
f 1258/1589/3372 1260/1592/3373 1261/1591/3374 1259/1590/3375
f 1260/1593/3376 1262/1596/3377 1263/1595/3378 1261/1594/3379
f 1262/1597/3380 1256/1600/3381 1257/1599/3382 1263/1598/3383
f 1257/1586/3384 1259/1587/3385 1261/1602/3386 1263/1601/3387
f 1262/1596/3388 1260/1593/3389 1258/1588/3390 1256/1585/3391
s 128
f 1273/1603/3392 1274/1606/3393 1275/1605/3394 1272/1604/3395
f 1274/1606/3393 1339/1610/3396 1340/1609/3397 1355/1608/3398 1356/1607/3399 1275/1605/3394
s 129
f 1276/1611/3400 1278/1614/3401 1279/1613/3402 1277/1612/3403
s 130
f 1281/1615/3404 1282/1618/3405 1283/1617/3406 1280/1616/3407
f 1282/1618/3405 1346/1622/3408 1347/1621/3409 1363/1620/3410 1364/1619/3411 1283/1617/3406
s 131
f 1284/1623/3412 1286/1626/3413 1287/1625/3414 1285/1624/3415
s off
f 1289/1627/3416 1291/1630/3417 1290/1629/3418 1288/1628/3419
s 128
f 1265/1631/3420 1269/1632/3421 1274/1606/3393 1273/1603/3392
s 130
f 1266/1633/3422 1270/1634/3423 1282/1618/3405 1281/1615/3404
s 129
f 1276/1611/3400 1270/1634/3424 1266/1633/3425 1278/1614/3401
s 131
f 1284/1623/3412 1271/1636/3426 1267/1635/3427 1286/1626/3413
s 128
f 1275/1605/3394 1268/1638/3428 1264/1637/3429 1272/1604/3395
s off
f 1293/1639/3430 1295/1642/3431 1294/1641/3432 1292/1640/3433
s 129
f 1267/1635/3434 1271/1636/3435 1277/1612/3403 1279/1613/3402
s 130
f 1283/1617/3406 1269/1632/3436 1265/1631/3437 1280/1616/3407
s off
f 1297/1643/3438 1299/1646/3439 1298/1645/3440 1296/1644/3441
f 1300/1647/3442 1303/1650/3443 1302/1649/3444 1301/1648/3445
s 131
f 1264/1637/3446 1268/1638/3447 1285/1624/3415 1287/1625/3414
f 1334/1651/3448 1284/1623/3412 1285/1624/3415 1365/1654/3449 1366/1653/3450 1333/1652/3451
s 129
f 1351/1655/3452 1276/1611/3400 1277/1612/3403 1359/1658/3453 1360/1657/3454 1350/1656/3455
s off
f 1304/1659/3456 1306/1662/3457 1307/1661/3458 1305/1660/3459
f 1305/1660/3460 1358/1664/3461 1357/1663/3462 1304/1659/3463
f 1306/1662/3464 1312/1666/3465 1313/1665/3466 1307/1661/3467
f 1308/1667/3468 1342/1670/3469 1343/1669/3470 1309/1668/3471
f 1309/1668/3472 1311/1672/3473 1310/1671/3474 1308/1667/3475
f 1311/1672/3476 1327/1674/3477 1326/1673/3478 1310/1671/3479
f 1312/1666/3480 1357/1663/3481 1358/1664/3482 1313/1665/3483
f 1314/1675/3484 1318/1678/3485 1319/1677/3486 1315/1676/3487
f 1315/1676/3488 1317/1680/3489 1316/1679/3490 1314/1675/3491
f 1317/1680/3492 1336/1682/3493 1335/1681/3494 1316/1679/3495
f 1318/1678/3496 1335/1681/3497 1336/1682/3498 1319/1677/3499
f 1320/1683/3500 1324/1686/3501 1325/1685/3502 1321/1684/3503
f 1321/1684/3504 1323/1688/3505 1322/1687/3506 1320/1683/3507
f 1323/1688/3508 1329/1690/3509 1328/1689/3510 1322/1687/3511
f 1324/1686/3512 1328/1689/3513 1329/1690/3514 1325/1685/3515
f 1327/1674/3516 1343/1669/3517 1342/1670/3518 1326/1673/3519
f 1330/1691/3520 1361/1693/3521 1359/1658/3522 1331/1692/3523
f 1331/1692/3524 1334/1651/3525 1332/1694/3526 1330/1691/3527
f 1337/1695/3528 1364/1619/3529 1362/1697/3530 1338/1696/3531
f 1338/1696/3532 1341/1698/3533 1339/1610/3534 1337/1695/3535
f 1344/1699/3536 1351/1655/3537 1349/1701/3538 1345/1700/3539
f 1345/1700/3540 1348/1702/3541 1346/1622/3542 1344/1699/3543
f 1352/1703/3544 1367/1705/3545 1365/1654/3546 1353/1704/3547
f 1353/1704/3548 1356/1607/3549 1354/1706/3550 1352/1703/3551
s 132
f 1308/1667/3552 1310/1671/3553 1306/1662/3554 1304/1659/3555
f 1314/1675/3556 1316/1679/3557 1312/1666/3558 1306/1662/3554
f 1320/1683/3559 1322/1687/3560 1318/1678/3561 1314/1675/3556
f 1310/1671/3553 1326/1673/3562 1324/1686/3563 1320/1683/3559
f 1322/1687/3560 1349/1701/3564 1350/1656/3565 1360/1657/3566 1361/1693/3567 1318/1678/3561
f 1316/1679/3557 1332/1694/3568 1333/1652/3569 1366/1653/3570 1367/1705/3571 1312/1666/3558
f 1316/1679/3557 1335/1681/3572 1330/1691/3573 1332/1694/3568
s 131
f 1331/1692/3574 1271/1636/3426 1284/1623/3412 1334/1651/3448
s 128
f 1274/1606/3393 1269/1632/3421 1337/1695/3575 1339/1610/3396
s 132
f 1338/1696/3576 1342/1670/3577 1308/1667/3552 1341/1698/3578
s 130
f 1282/1618/3405 1270/1634/3423 1344/1699/3579 1346/1622/3408
s 132
f 1345/1700/3580 1328/1689/3581 1324/1686/3563 1348/1702/3582
s 129
f 1270/1634/3424 1276/1611/3400 1351/1655/3452 1344/1699/3583
s 132
f 1345/1700/3580 1349/1701/3564 1322/1687/3560 1328/1689/3581
s 128
f 1268/1638/3428 1275/1605/3394 1356/1607/3399 1353/1704/3584
s 132
f 1352/1703/3585 1354/1706/3586 1304/1659/3555 1357/1663/3587
f 1330/1691/3573 1335/1681/3572 1318/1678/3561 1361/1693/3567
s 129
f 1277/1612/3403 1271/1636/3435 1331/1692/3588 1359/1658/3453
s 130
f 1269/1632/3436 1283/1617/3406 1364/1619/3411 1337/1695/3589
s 132
f 1338/1696/3576 1362/1697/3590 1326/1673/3562 1342/1670/3577
f 1357/1663/3587 1312/1666/3558 1367/1705/3571 1352/1703/3585
s 131
f 1353/1704/3591 1365/1654/3449 1285/1624/3415 1268/1638/3447
s 132
f 1314/1675/3556 1306/1662/3554 1310/1671/3553 1320/1683/3559
s off
f 1325/1685/3592 1289/1708/3593 1288/1707/3594 1321/1684/3595
f 1321/1684/3596 1288/1707/3597 1290/1709/3598 1323/1688/3599
f 1323/1688/3600 1290/1709/3601 1291/1710/3602 1329/1690/3603
f 1329/1690/3604 1291/1710/3605 1289/1708/3606 1325/1685/3607
f 1315/1676/3608 1293/1712/3609 1292/1711/3610 1317/1680/3611
f 1317/1680/3612 1292/1711/3613 1294/1713/3614 1336/1682/3615
f 1336/1682/3616 1294/1713/3617 1295/1714/3618 1319/1677/3619
f 1319/1677/3620 1295/1714/3621 1293/1712/3622 1315/1676/3623
f 1309/1668/3624 1297/1716/3625 1296/1715/3626 1311/1672/3627
f 1311/1672/3628 1296/1715/3629 1298/1717/3630 1327/1674/3631
f 1327/1674/3632 1298/1717/3633 1299/1718/3634 1343/1669/3635
f 1343/1669/3636 1299/1718/3637 1297/1716/3638 1309/1668/3639
f 1358/1664/3640 1300/1720/3641 1301/1719/3642 1313/1665/3643
f 1313/1665/3644 1301/1719/3645 1302/1721/3646 1307/1661/3647
f 1307/1661/3648 1302/1721/3649 1303/1722/3650 1305/1660/3651
f 1305/1660/3652 1303/1722/3653 1300/1720/3654 1358/1664/3655
s 132
f 1341/1698/3578 1308/1667/3552 1304/1659/3555 1354/1706/3586 1355/1608/3656 1340/1609/3657
f 1348/1702/3582 1324/1686/3563 1326/1673/3562 1362/1697/3590 1363/1620/3658 1347/1621/3659
s off
f 1332/1694/3660 1334/1651/3661 1333/1652/3662
f 1339/1610/3663 1341/1698/3664 1340/1609/3665
f 1346/1622/3666 1348/1702/3667 1347/1621/3668
f 1349/1701/3669 1351/1655/3670 1350/1656/3671
f 1354/1706/3672 1356/1607/3673 1355/1608/3674
f 1359/1658/3675 1361/1693/3676 1360/1657/3677
f 1362/1697/3678 1364/1619/3679 1363/1620/3680
f 1365/1654/3681 1367/1705/3682 1366/1653/3683
s 137
f 1369/1723/3684 1375/1726/3685 1378/1725/3686 1370/1724/3687
s 138
f 1371/1727/3688 1380/1730/3689 1374/1729/3690 1368/1728/3691
s 137
f 1375/1726/3685 1376/1732/3692 1379/1731/3693 1378/1725/3686
s 139
f 1376/1732/3694 1377/1735/3695 1398/1734/3696 1397/1733/3697 1379/1731/3698
f 1372/1736/3699 1373/1740/3700 1381/1739/3701 1403/1738/3702 1402/1737/3703
s 138
f 1373/1740/3704 1374/1729/3690 1380/1730/3689 1381/1739/3705
s 141
f 1382/1741/3706 1383/1744/3707 1394/1743/3708 1395/1742/3709
s 142
f 1383//3710 1382//3711 1385//3712 1384//3713
s 143
f 1384/1745/3714 1385/1748/3715 1387/1747/3716 1386/1746/3717
f 1386/1746/3717 1387/1747/3716 1389/1750/3718 1388/1749/3719
s 139
f 1388/1749/3720 1389/1750/3721 1391/1752/3722 1390/1751/3723
f 1390/1751/3723 1391/1752/3722 1401/1755/3724 1400/1754/3725 1405/1753/3726
s 141
f 1392/1756/3727 1393/1757/3728 1395/1742/3709 1394/1743/3708
s 142
f 1371//3729 1368//3730 1383//3710 1384//3713
s 141
f 1374/1729/3731 1373/1740/3732 1392/1756/3727 1394/1743/3708
s 139
f 1373/1740/3700 1372/1736/3699 1406/1758/3733 1392/1756/3734
s 141
f 1368/1728/3735 1374/1729/3731 1394/1743/3708 1383/1744/3707
s 143
f 1384/1745/3714 1386/1746/3717 1380/1730/3736 1371/1727/3737
s off
f 1407/1759/3738 1408/1761/3739 1409/1760/3740
s 143
f 1386/1746/3717 1388/1749/3719 1381/1739/3741 1380/1730/3736
s 139
f 1388/1749/3720 1390/1751/3723 1404/1762/3742 1403/1738/3702 1381/1739/3701
s 142
f 1385//3712 1382//3711 1369//3743 1370//3744
s 143
f 1370/1724/3745 1378/1725/3746 1387/1747/3716 1385/1748/3715
f 1378/1725/3746 1379/1731/3747 1389/1750/3718 1387/1747/3716
s 139
f 1379/1731/3698 1397/1733/3697 1396/1763/3748 1391/1752/3722 1389/1750/3721
s off
f 1410/1764/3749 1411/1766/3750 1412/1765/3751
s 139
f 1393/1757/3752 1399/1767/3753 1377/1735/3695 1376/1732/3694
s 141
f 1395/1742/3709 1393/1757/3728 1376/1732/3754 1375/1726/3755
f 1382/1741/3706 1395/1742/3709 1375/1726/3755 1369/1723/3756
s off
f 1413/1768/3757 1414/1770/3758 1415/1769/3759
f 1417/1771/3760 1416/1773/3761 1418/1772/3762
s 139
f 1392/1756/3734 1400/1754/3725 1393/1757/3752
f 1396/1763/3748 1398/1734/3696 1399/1767/3753 1401/1755/3724
f 1402/1737/3703 1404/1762/3742 1405/1753/3726 1406/1758/3733
f 1396/1763/3748 1397/1733/3697 1398/1734/3696
f 1399/1767/3753 1393/1757/3752 1400/1754/3725 1401/1755/3724
f 1402/1737/3703 1403/1738/3702 1404/1762/3742
f 1405/1753/3726 1400/1754/3725 1392/1756/3734 1406/1758/3733
s off
f 1405/1753/3763 1404/1762/3764 1408/1761/3765 1407/1759/3766
f 1404/1762/3767 1390/1751/3768 1409/1760/3769 1408/1761/3770
f 1390/1751/3771 1405/1753/3772 1407/1759/3773 1409/1760/3774
f 1396/1763/3775 1401/1755/3776 1411/1766/3777 1410/1764/3778
f 1401/1755/3779 1391/1752/3780 1412/1765/3781 1411/1766/3782
f 1391/1752/3783 1396/1763/3784 1410/1764/3785 1412/1765/3786
f 1399/1767/3787 1398/1734/3788 1414/1770/3789 1413/1768/3790
f 1398/1734/3791 1377/1735/3792 1415/1769/3793 1414/1770/3794
f 1377/1735/3795 1399/1767/3796 1413/1768/3797 1415/1769/3798
f 1372/1736/3799 1402/1737/3800 1416/1773/3801 1417/1771/3802
f 1402/1737/3803 1406/1758/3804 1418/1772/3805 1416/1773/3806
f 1406/1758/3807 1372/1736/3808 1417/1771/3809 1418/1772/3810
s 144
f 1420/1774/3811 1426/1777/3812 1429/1776/3813 1421/1775/3814
s 145
f 1422/1778/3815 1431/1781/3816 1425/1780/3817 1419/1779/3818
s 144
f 1426/1777/3812 1427/1783/3819 1430/1782/3820 1429/1776/3813
s 146
f 1427/1783/3821 1428/1786/3822 1449/1785/3823 1448/1784/3824 1430/1782/3825
f 1423/1787/3826 1424/1791/3827 1432/1790/3828 1454/1789/3829 1453/1788/3830
s 145
f 1424/1791/3831 1425/1780/3817 1431/1781/3816 1432/1790/3832
s 148
f 1433/1792/3833 1434/1795/3834 1445/1794/3835 1446/1793/3836
s 149
f 1434//3837 1433//3838 1436//3839 1435//3840
s 150
f 1435/1796/3841 1436/1799/3842 1438/1798/3843 1437/1797/3844
f 1437/1797/3844 1438/1798/3843 1440/1801/3845 1439/1800/3846
s 146
f 1439/1800/3847 1440/1801/3848 1442/1803/3849 1441/1802/3850
f 1441/1802/3850 1442/1803/3849 1452/1806/3851 1451/1805/3852 1456/1804/3853
s 148
f 1443/1807/3854 1444/1808/3855 1446/1793/3836 1445/1794/3835
s 149
f 1422//3856 1419//3857 1434//3837 1435//3840
s 148
f 1425/1780/3858 1424/1791/3859 1443/1807/3854 1445/1794/3835
s 146
f 1424/1791/3827 1423/1787/3826 1457/1809/3860 1443/1807/3861
s 148
f 1419/1779/3862 1425/1780/3858 1445/1794/3835 1434/1795/3834
s 150
f 1435/1796/3841 1437/1797/3844 1431/1781/3863 1422/1778/3864
s off
f 1458/1810/3865 1459/1812/3866 1460/1811/3867
s 150
f 1437/1797/3844 1439/1800/3846 1432/1790/3868 1431/1781/3863
s 146
f 1439/1800/3847 1441/1802/3850 1455/1813/3869 1454/1789/3829 1432/1790/3828
s 149
f 1436//3839 1433//3838 1420//3870 1421//3871
s 150
f 1421/1775/3872 1429/1776/3873 1438/1798/3843 1436/1799/3842
f 1429/1776/3873 1430/1782/3874 1440/1801/3845 1438/1798/3843
s 146
f 1430/1782/3825 1448/1784/3824 1447/1814/3875 1442/1803/3849 1440/1801/3848
s off
f 1461/1815/3876 1462/1817/3877 1463/1816/3878
s 146
f 1444/1808/3879 1450/1818/3880 1428/1786/3822 1427/1783/3821
s 148
f 1446/1793/3836 1444/1808/3855 1427/1783/3881 1426/1777/3882
f 1433/1792/3833 1446/1793/3836 1426/1777/3882 1420/1774/3883
s off
f 1464/1819/3884 1465/1821/3885 1466/1820/3886
f 1468/1822/3887 1467/1824/3888 1469/1823/3889
s 146
f 1443/1807/3861 1451/1805/3852 1444/1808/3879
f 1447/1814/3875 1449/1785/3823 1450/1818/3880 1452/1806/3851
f 1453/1788/3830 1455/1813/3869 1456/1804/3853 1457/1809/3860
f 1447/1814/3875 1448/1784/3824 1449/1785/3823
f 1450/1818/3880 1444/1808/3879 1451/1805/3852 1452/1806/3851
f 1453/1788/3830 1454/1789/3829 1455/1813/3869
f 1456/1804/3853 1451/1805/3852 1443/1807/3861 1457/1809/3860
s off
f 1456/1804/3890 1455/1813/3891 1459/1812/3892 1458/1810/3893
f 1455/1813/3894 1441/1802/3895 1460/1811/3896 1459/1812/3897
f 1441/1802/3898 1456/1804/3899 1458/1810/3900 1460/1811/3901
f 1447/1814/3902 1452/1806/3903 1462/1817/3904 1461/1815/3905
f 1452/1806/3906 1442/1803/3907 1463/1816/3908 1462/1817/3909
f 1442/1803/3910 1447/1814/3911 1461/1815/3912 1463/1816/3913
f 1450/1818/3914 1449/1785/3915 1465/1821/3916 1464/1819/3917
f 1449/1785/3918 1428/1786/3919 1466/1820/3920 1465/1821/3921
f 1428/1786/3922 1450/1818/3923 1464/1819/3924 1466/1820/3925
f 1423/1787/3926 1453/1788/3927 1467/1824/3928 1468/1822/3929
f 1453/1788/3930 1457/1809/3931 1469/1823/3932 1467/1824/3933
f 1457/1809/3934 1423/1787/3935 1468/1822/3936 1469/1823/3937
s 151
f 1479/1825/3938 1480/1828/3939 1481/1827/3940 1478/1826/3941
f 1480/1828/3939 1545/1832/3942 1546/1831/3943 1561/1830/3944 1562/1829/3945 1481/1827/3940
s 152
f 1482/1833/3946 1484/1836/3947 1485/1835/3948 1483/1834/3949
s 153
f 1487/1837/3950 1488/1840/3951 1489/1839/3952 1486/1838/3953
f 1488/1840/3951 1552/1844/3954 1553/1843/3955 1569/1842/3956 1570/1841/3957 1489/1839/3952
s 154
f 1490/1845/3958 1492/1848/3959 1493/1847/3960 1491/1846/3961
s off
f 1495/1849/3962 1497/1852/3963 1496/1851/3964 1494/1850/3965
s 151
f 1471/1853/3966 1475/1854/3967 1480/1828/3939 1479/1825/3938
s 153
f 1472/1855/3968 1476/1856/3969 1488/1840/3951 1487/1837/3950
s 152
f 1482/1833/3946 1476/1856/3970 1472/1855/3971 1484/1836/3947
s 154
f 1490/1845/3958 1477/1858/3972 1473/1857/3973 1492/1848/3959
s 151
f 1481/1827/3940 1474/1860/3974 1470/1859/3975 1478/1826/3941
s off
f 1499/1861/3976 1501/1864/3977 1500/1863/3978 1498/1862/3979
s 152
f 1473/1857/3980 1477/1858/3981 1483/1834/3949 1485/1835/3948
s 153
f 1489/1839/3952 1475/1854/3982 1471/1853/3983 1486/1838/3953
s off
f 1503/1865/3984 1505/1868/3985 1504/1867/3986 1502/1866/3987
f 1506/1869/3988 1509/1872/3989 1508/1871/3990 1507/1870/3991
s 154
f 1470/1859/3992 1474/1860/3993 1491/1846/3961 1493/1847/3960
f 1540/1873/3994 1490/1845/3958 1491/1846/3961 1571/1876/3995 1572/1875/3996 1539/1874/3997
s 152
f 1557/1877/3998 1482/1833/3946 1483/1834/3949 1565/1880/3999 1566/1879/4000 1556/1878/4001
s off
f 1510/1881/4002 1512/1884/4003 1513/1883/4004 1511/1882/4005
f 1511/1882/4006 1564/1886/4007 1563/1885/4008 1510/1881/4009
f 1512/1884/4010 1518/1888/4011 1519/1887/4012 1513/1883/4013
f 1514/1889/4014 1548/1892/4015 1549/1891/4016 1515/1890/4017
f 1515/1890/4018 1517/1894/4019 1516/1893/4020 1514/1889/4021
f 1517/1894/4022 1533/1896/4023 1532/1895/4024 1516/1893/4025
f 1518/1888/4026 1563/1885/4027 1564/1886/4028 1519/1887/4029
f 1520/1897/4030 1524/1900/4031 1525/1899/4032 1521/1898/4033
f 1521/1898/4034 1523/1902/4035 1522/1901/4036 1520/1897/4037
f 1523/1902/4038 1542/1904/4039 1541/1903/4040 1522/1901/4041
f 1524/1900/4042 1541/1903/4043 1542/1904/4044 1525/1899/4045
f 1526/1905/4046 1530/1908/4047 1531/1907/4048 1527/1906/4049
f 1527/1906/4050 1529/1910/4051 1528/1909/4052 1526/1905/4053
f 1529/1910/4054 1535/1912/4055 1534/1911/4056 1528/1909/4057
f 1530/1908/4058 1534/1911/4059 1535/1912/4060 1531/1907/4061
f 1533/1896/4062 1549/1891/4063 1548/1892/4064 1532/1895/4065
f 1536/1913/4066 1567/1915/4067 1565/1880/4068 1537/1914/4069
f 1537/1914/4070 1540/1873/4071 1538/1916/4072 1536/1913/4073
f 1543/1917/4074 1570/1841/4075 1568/1919/4076 1544/1918/4077
f 1544/1918/4078 1547/1920/4079 1545/1832/4080 1543/1917/4081
f 1550/1921/4082 1557/1877/4083 1555/1923/4084 1551/1922/4085
f 1551/1922/4086 1554/1924/4087 1552/1844/4088 1550/1921/4089
f 1558/1925/4090 1573/1927/4091 1571/1876/4092 1559/1926/4093
f 1559/1926/4094 1562/1829/4095 1560/1928/4096 1558/1925/4097
s 155
f 1514/1889/4098 1516/1893/4099 1512/1884/4100 1510/1881/4101
f 1520/1897/4102 1522/1901/4103 1518/1888/4104 1512/1884/4100
f 1526/1905/4105 1528/1909/4106 1524/1900/4107 1520/1897/4102
f 1516/1893/4099 1532/1895/4108 1530/1908/4109 1526/1905/4105
f 1528/1909/4106 1555/1923/4110 1556/1878/4111 1566/1879/4112 1567/1915/4113 1524/1900/4107
f 1522/1901/4103 1538/1916/4114 1539/1874/4115 1572/1875/4116 1573/1927/4117 1518/1888/4104
f 1522/1901/4103 1541/1903/4118 1536/1913/4119 1538/1916/4114
s 154
f 1537/1914/4120 1477/1858/3972 1490/1845/3958 1540/1873/3994
s 151
f 1480/1828/3939 1475/1854/3967 1543/1917/4121 1545/1832/3942
s 155
f 1544/1918/4122 1548/1892/4123 1514/1889/4098 1547/1920/4124
s 153
f 1488/1840/3951 1476/1856/3969 1550/1921/4125 1552/1844/3954
s 155
f 1551/1922/4126 1534/1911/4127 1530/1908/4109 1554/1924/4128
s 152
f 1476/1856/3970 1482/1833/3946 1557/1877/3998 1550/1921/4129
s 155
f 1551/1922/4126 1555/1923/4110 1528/1909/4106 1534/1911/4127
s 151
f 1474/1860/3974 1481/1827/3940 1562/1829/3945 1559/1926/4130
s 155
f 1558/1925/4131 1560/1928/4132 1510/1881/4101 1563/1885/4133
f 1536/1913/4119 1541/1903/4118 1524/1900/4107 1567/1915/4113
s 152
f 1483/1834/3949 1477/1858/3981 1537/1914/4134 1565/1880/3999
s 153
f 1475/1854/3982 1489/1839/3952 1570/1841/3957 1543/1917/4135
s 155
f 1544/1918/4122 1568/1919/4136 1532/1895/4108 1548/1892/4123
f 1563/1885/4133 1518/1888/4104 1573/1927/4117 1558/1925/4131
s 154
f 1559/1926/4137 1571/1876/3995 1491/1846/3961 1474/1860/3993
s 155
f 1520/1897/4102 1512/1884/4100 1516/1893/4099 1526/1905/4105
s off
f 1531/1907/4138 1495/1930/4139 1494/1929/4140 1527/1906/4141
f 1527/1906/4142 1494/1929/4143 1496/1931/4144 1529/1910/4145
f 1529/1910/4146 1496/1931/4147 1497/1932/4148 1535/1912/4149
f 1535/1912/4150 1497/1932/4151 1495/1930/4152 1531/1907/4153
f 1521/1898/4154 1499/1934/4155 1498/1933/4156 1523/1902/4157
f 1523/1902/4158 1498/1933/4159 1500/1935/4160 1542/1904/4161
f 1542/1904/4162 1500/1935/4163 1501/1936/4164 1525/1899/4165
f 1525/1899/4166 1501/1936/4167 1499/1934/4168 1521/1898/4169
f 1515/1890/4170 1503/1938/4171 1502/1937/4172 1517/1894/4173
f 1517/1894/4174 1502/1937/4175 1504/1939/4176 1533/1896/4177
f 1533/1896/4178 1504/1939/4179 1505/1940/4180 1549/1891/4181
f 1549/1891/4182 1505/1940/4183 1503/1938/4184 1515/1890/4185
f 1564/1886/4186 1506/1942/4187 1507/1941/4188 1519/1887/4189
f 1519/1887/4190 1507/1941/4191 1508/1943/4192 1513/1883/4193
f 1513/1883/4194 1508/1943/4195 1509/1944/4196 1511/1882/4197
f 1511/1882/4198 1509/1944/4199 1506/1942/4200 1564/1886/4201
s 155
f 1547/1920/4124 1514/1889/4098 1510/1881/4101 1560/1928/4132 1561/1830/4202 1546/1831/4203
f 1554/1924/4128 1530/1908/4109 1532/1895/4108 1568/1919/4136 1569/1842/4204 1553/1843/4205
s off
f 1538/1916/4206 1540/1873/4207 1539/1874/4208
f 1545/1832/4209 1547/1920/4210 1546/1831/4211
f 1552/1844/4212 1554/1924/4213 1553/1843/4214
f 1555/1923/4215 1557/1877/4216 1556/1878/4217
f 1560/1928/4218 1562/1829/4219 1561/1830/4220
f 1565/1880/4221 1567/1915/4222 1566/1879/4223
f 1568/1919/4224 1570/1841/4225 1569/1842/4226
f 1571/1876/4227 1573/1927/4228 1572/1875/4229
s 160
f 1583/1945/4230 1584/1948/4231 1585/1947/4232 1582/1946/4233
f 1584/1948/4231 1649/1952/4234 1650/1951/4235 1665/1950/4236 1666/1949/4237 1585/1947/4232
s 161
f 1586/1953/4238 1588/1956/4239 1589/1955/4240 1587/1954/4241
s 162
f 1591/1957/4242 1592/1960/4243 1593/1959/4244 1590/1958/4245
f 1592/1960/4243 1656/1964/4246 1657/1963/4247 1673/1962/4248 1674/1961/4249 1593/1959/4244
s 163
f 1594/1965/4250 1596/1968/4251 1597/1967/4252 1595/1966/4253
s off
f 1599/1969/4254 1601/1972/4255 1600/1971/4256 1598/1970/4257
s 160
f 1575/1973/4258 1579/1974/4259 1584/1948/4231 1583/1945/4230
s 162
f 1576/1975/4260 1580/1976/4261 1592/1960/4243 1591/1957/4242
s 161
f 1586/1953/4238 1580/1976/4262 1576/1975/4263 1588/1956/4239
s 163
f 1594/1965/4250 1581/1978/4264 1577/1977/4265 1596/1968/4251
s 160
f 1585/1947/4232 1578/1980/4266 1574/1979/4267 1582/1946/4233
s off
f 1603/1981/4268 1605/1984/4269 1604/1983/4270 1602/1982/4271
s 161
f 1577/1977/4272 1581/1978/4273 1587/1954/4241 1589/1955/4240
s 162
f 1593/1959/4244 1579/1974/4274 1575/1973/4275 1590/1958/4245
s off
f 1607/1985/4276 1609/1988/4277 1608/1987/4278 1606/1986/4279
f 1610/1989/4280 1613/1992/4281 1612/1991/4282 1611/1990/4283
s 163
f 1574/1979/4284 1578/1980/4285 1595/1966/4253 1597/1967/4252
f 1644/1993/4286 1594/1965/4250 1595/1966/4253 1675/1996/4287 1676/1995/4288 1643/1994/4289
s 161
f 1661/1997/4290 1586/1953/4238 1587/1954/4241 1669/2000/4291 1670/1999/4292 1660/1998/4293
s off
f 1614/2001/4294 1616/2004/4295 1617/2003/4296 1615/2002/4297
f 1615/2002/4298 1668/2006/4299 1667/2005/4300 1614/2001/4301
f 1616/2004/4302 1622/2008/4303 1623/2007/4304 1617/2003/4305
f 1618/2009/4306 1652/2012/4307 1653/2011/4308 1619/2010/4309
f 1619/2010/4310 1621/2014/4311 1620/2013/4312 1618/2009/4313
f 1621/2014/4314 1637/2016/4315 1636/2015/4316 1620/2013/4317
f 1622/2008/4318 1667/2005/4319 1668/2006/4320 1623/2007/4321
f 1624/2017/4322 1628/2020/4323 1629/2019/4324 1625/2018/4325
f 1625/2018/4326 1627/2022/4327 1626/2021/4328 1624/2017/4329
f 1627/2022/4330 1646/2024/4331 1645/2023/4332 1626/2021/4333
f 1628/2020/4334 1645/2023/4335 1646/2024/4336 1629/2019/4337
f 1630/2025/4338 1634/2028/4339 1635/2027/4340 1631/2026/4341
f 1631/2026/4342 1633/2030/4343 1632/2029/4344 1630/2025/4345
f 1633/2030/4346 1639/2032/4347 1638/2031/4348 1632/2029/4349
f 1634/2028/4350 1638/2031/4351 1639/2032/4352 1635/2027/4353
f 1637/2016/4354 1653/2011/4355 1652/2012/4356 1636/2015/4357
f 1640/2033/4358 1671/2035/4359 1669/2000/4360 1641/2034/4361
f 1641/2034/4362 1644/1993/4363 1642/2036/4364 1640/2033/4365
f 1647/2037/4366 1674/1961/4367 1672/2039/4368 1648/2038/4369
f 1648/2038/4370 1651/2040/4371 1649/1952/4372 1647/2037/4373
f 1654/2041/4374 1661/1997/4375 1659/2043/4376 1655/2042/4377
f 1655/2042/4378 1658/2044/4379 1656/1964/4380 1654/2041/4381
f 1662/2045/4382 1677/2047/4383 1675/1996/4384 1663/2046/4385
f 1663/2046/4386 1666/1949/4387 1664/2048/4388 1662/2045/4389
s 164
f 1618/2009/4390 1620/2013/4391 1616/2004/4392 1614/2001/4393
f 1624/2017/4394 1626/2021/4395 1622/2008/4396 1616/2004/4392
f 1630/2025/4397 1632/2029/4398 1628/2020/4399 1624/2017/4394
f 1620/2013/4391 1636/2015/4400 1634/2028/4401 1630/2025/4397
f 1632/2029/4398 1659/2043/4402 1660/1998/4403 1670/1999/4404 1671/2035/4405 1628/2020/4399
f 1626/2021/4395 1642/2036/4406 1643/1994/4407 1676/1995/4408 1677/2047/4409 1622/2008/4396
f 1626/2021/4395 1645/2023/4410 1640/2033/4411 1642/2036/4406
s 163
f 1641/2034/4412 1581/1978/4264 1594/1965/4250 1644/1993/4286
s 160
f 1584/1948/4231 1579/1974/4259 1647/2037/4413 1649/1952/4234
s 164
f 1648/2038/4414 1652/2012/4415 1618/2009/4390 1651/2040/4416
s 162
f 1592/1960/4243 1580/1976/4261 1654/2041/4417 1656/1964/4246
s 164
f 1655/2042/4418 1638/2031/4419 1634/2028/4401 1658/2044/4420
s 161
f 1580/1976/4262 1586/1953/4238 1661/1997/4290 1654/2041/4421
s 164
f 1655/2042/4418 1659/2043/4402 1632/2029/4398 1638/2031/4419
s 160
f 1578/1980/4266 1585/1947/4232 1666/1949/4237 1663/2046/4422
s 164
f 1662/2045/4423 1664/2048/4424 1614/2001/4393 1667/2005/4425
f 1640/2033/4411 1645/2023/4410 1628/2020/4399 1671/2035/4405
s 161
f 1587/1954/4241 1581/1978/4273 1641/2034/4426 1669/2000/4291
s 162
f 1579/1974/4274 1593/1959/4244 1674/1961/4249 1647/2037/4427
s 164
f 1648/2038/4414 1672/2039/4428 1636/2015/4400 1652/2012/4415
f 1667/2005/4425 1622/2008/4396 1677/2047/4409 1662/2045/4423
s 163
f 1663/2046/4429 1675/1996/4287 1595/1966/4253 1578/1980/4285
s 164
f 1624/2017/4394 1616/2004/4392 1620/2013/4391 1630/2025/4397
s off
f 1635/2027/4430 1599/2050/4431 1598/2049/4432 1631/2026/4433
f 1631/2026/4434 1598/2049/4435 1600/2051/4436 1633/2030/4437
f 1633/2030/4438 1600/2051/4439 1601/2052/4440 1639/2032/4441
f 1639/2032/4442 1601/2052/4443 1599/2050/4444 1635/2027/4445
f 1625/2018/4446 1603/2054/4447 1602/2053/4448 1627/2022/4449
f 1627/2022/4450 1602/2053/4451 1604/2055/4452 1646/2024/4453
f 1646/2024/4454 1604/2055/4455 1605/2056/4456 1629/2019/4457
f 1629/2019/4458 1605/2056/4459 1603/2054/4460 1625/2018/4461
f 1619/2010/4462 1607/2058/4463 1606/2057/4464 1621/2014/4465
f 1621/2014/4466 1606/2057/4467 1608/2059/4468 1637/2016/4469
f 1637/2016/4470 1608/2059/4471 1609/2060/4472 1653/2011/4473
f 1653/2011/4474 1609/2060/4475 1607/2058/4476 1619/2010/4477
f 1668/2006/4478 1610/2062/4479 1611/2061/4480 1623/2007/4481
f 1623/2007/4482 1611/2061/4483 1612/2063/4484 1617/2003/4485
f 1617/2003/4486 1612/2063/4487 1613/2064/4488 1615/2002/4489
f 1615/2002/4490 1613/2064/4491 1610/2062/4492 1668/2006/4493
s 164
f 1651/2040/4416 1618/2009/4390 1614/2001/4393 1664/2048/4424 1665/1950/4494 1650/1951/4495
f 1658/2044/4420 1634/2028/4401 1636/2015/4400 1672/2039/4428 1673/1962/4496 1657/1963/4497
s off
f 1642/2036/4498 1644/1993/4499 1643/1994/4500
f 1649/1952/4501 1651/2040/4502 1650/1951/4503
f 1656/1964/4504 1658/2044/4505 1657/1963/4506
f 1659/2043/4507 1661/1997/4508 1660/1998/4509
f 1664/2048/4510 1666/1949/4511 1665/1950/4512
f 1669/2000/4513 1671/2035/4514 1670/1999/4515
f 1672/2039/4516 1674/1961/4517 1673/1962/4518
f 1675/1996/4519 1677/2047/4520 1676/1995/4521
s 30
f 1678/2065/4522 1679/2068/4523 441/2067/1205 440/2066/1204
s 31
f 1681/2069/4524 445/2072/1210 444/2071/1209 1680/2070/4525
s off
f 1678/2065/4526 1681/2069/4527 1680/2070/4528 1679/2068/4529
f 1687/2073/4530 1686/2076/4531 1684/2075/4532 1685/2074/4533
s 169
f 1689/2077/4534 1688/2080/4535 1691/2079/4536 1690/2078/4537
s 170
f 1695/2081/4538 1694/2084/4539 1697/2083/4540 1696/2082/4541
s off
f 1683/2085/4542 1688/2080/4543 1689/2077/4544 1682/2086/4545
f 1692/2087/4546 1693/2088/4547 1686/2076/4548 1687/2073/4549
f 1690/2078/4550 1691/2079/4551 1694/2084/4552 1695/2081/4553
f 1696/2082/4554 1697/2083/4555 1693/2088/4556 1692/2087/4557
s 171
f 1703/2089/4558 1687/2073/4559 1685/2074/4560 1701/2090/4561
s 169
f 1705/2091/4562 1689/2077/4534 1690/2078/4537 1706/2092/4563
s 170
f 1711/2093/4564 1695/2081/4538 1696/2082/4541 1712/2094/4565
s off
f 1698/2095/4566 1682/2086/4567 1689/2077/4568 1705/2091/4569
s 171
f 1708/2096/4570 1692/2087/4571 1687/2073/4559 1703/2089/4558
s off
f 1706/2092/4572 1690/2078/4573 1695/2081/4574 1711/2093/4575
s 171
f 1712/2094/4576 1696/2082/4577 1692/2087/4571 1708/2096/4570
s off
f 1703/2089/4578 1701/2090/4579 1700/2098/4580 1702/2097/4581
f 1708/2096/4582 1703/2089/4583 1702/2097/4584 1709/2099/4585
f 1712/2094/4586 1708/2096/4587 1709/2099/4588 1713/2100/4589
s 170
f 1711/2093/4564 1712/2094/4565 1713/2100/4590 1710/2101/4591
s off
f 1706/2092/4592 1711/2093/4593 1710/2101/4594 1707/2102/4595
s 169
f 1705/2091/4562 1706/2092/4563 1707/2102/4596 1704/2103/4597
s off
f 1698/2095/4598 1705/2091/4599 1704/2103/4600 1699/2104/4601
f 1714/2105/4602 1682/2086/4603 1698/2095/4604 1715/2106/4605
s 35
f 1717/2107/4606 482/2109/1293 481/2108/1292
f 1716/2110/4607 485/2111/1295 482/2109/1293 1717/2107/4606
s 36
f 1718/2112/4608 489/2114/1298 487/2113/1297
f 1720/2115/4609 1719/2118/4610 488/2117/1301 486/2116/1300
f 1719/2118/4610 1718/2112/4608 487/2113/1297 488/2117/1301
s 38
f 1716/2110/4611 1721/2120/4612 494/2119/1305 485/2111/1304
s 172
f 1722/2121/4613 1741/2124/4614 1746/2123/4615 1730/2122/4616
s off
f 1734/2125/4617 1737/2128/4618 1736/2127/4619 1735/2126/4620
s 173
f 1742/2129/4621 1728/2132/4622 1733/2131/4623 1743/2130/4624
s off
f 1728/2132/4625 1722/2121/4626 1730/2122/4627 1733/2131/4628
f 1723/2133/4629 1745/2136/4630 1744/2135/4631 1729/2134/4632
s 174
f 1728/2132/4633 1742/2129/4634 1741/2124/4635 1722/2121/4636
s 172
f 1745/2136/4637 1723/2133/4638 1730/2138/4616 1746/2137/4615
s off
f 1732/2139/4639 1727/2142/4640 1725/2141/4641 1731/2140/4642
s 173
f 1733/2143/4623 1729/2134/4643 1744/2135/4644 1743/2144/4624
s off
f 1748/2145/4645 1750/2148/4646 1749/2147/4647 1747/2146/4648
f 1724/2149/4649 1738/2152/4650 1740/2151/4651 1731/2150/4652
f 1731/2150/4653 1740/2151/4654 1739/2154/4655 1732/2153/4656
f 1732/2153/4657 1739/2154/4658 1737/2156/4659 1726/2155/4660
s 175
f 1726/2155/4661 1737/2156/4662 1738/2152/4663 1724/2149/4664
f 1737/2156/4662 1734/2157/4665 1738/2152/4663
s off
f 1768/2158/4666 1770/2161/4667 1769/2160/4668 1767/2159/4669
f 1771/2162/4670 1772/2163/4671 1770/2161/4672 1768/2158/4673
f 1773/2164/4674 1774/2165/4675 1772/2163/4676 1771/2162/4677
s 174
f 1742/2129/4634 1726/2155/4678 1724/2149/4679 1741/2124/4635
s 173
f 1726/2155/4680 1742/2129/4621 1743/2130/4624 1732/2153/4681
s off
f 1776/2166/4682 1778/2169/4683 1777/2168/4684 1775/2167/4685
f 1779/2170/4686 1780/2171/4687 1778/2169/4688 1776/2166/4689
f 1782/2172/4690 1780/2171/4691 1779/2170/4692 1781/2173/4693
s 172
f 1741/2124/4614 1724/2149/4694 1731/2150/4695 1746/2123/4615
s off
f 1730/2122/4696 1748/2175/4697 1747/2174/4698 1733/2131/4699
f 1733/2143/4700 1747/2146/4701 1749/2147/4702 1729/2134/4703
f 1729/2134/4704 1749/2147/4705 1750/2148/4706 1723/2133/4707
f 1723/2133/4708 1750/2148/4709 1748/2145/4710 1730/2138/4711
f 1739/2154/4712 1752/2177/4713 1751/2176/4714 1737/2156/4715
f 1737/2156/4716 1751/2176/4717 1753/2178/4718
f 1737/2156/4719 1753/2178/4720 1754/2180/4721 1736/2179/4722
f 1740/2151/4723 1755/2181/4724 1752/2177/4725 1739/2154/4726
f 1736/2179/4727 1754/2180/4728 1756/2183/4729 1735/2182/4730
f 1738/2152/4731 1757/2184/4732 1755/2181/4733 1740/2151/4734
f 1735/2182/4735 1756/2183/4736 1758/2185/4737 1734/2157/4738
f 1734/2157/4739 1758/2185/4740 1757/2184/4741 1738/2152/4742
f 1744/2135/4743 1760/2187/4744 1759/2186/4745 1743/2144/4746
f 1743/2130/4747 1759/2189/4748 1761/2188/4749 1732/2153/4750
f 1732/2190/4751 1761/2193/4752 1762/2192/4753 1727/2191/4754
f 1745/2136/4755 1763/2194/4756 1760/2187/4757 1744/2135/4758
f 1727/2191/4759 1762/2192/4760 1764/2196/4761 1725/2195/4762
f 1731/2150/4763 1766/2198/4764 1765/2197/4765 1746/2123/4766
f 1746/2137/4767 1765/2199/4768 1763/2194/4769 1745/2136/4770
f 1725/2195/4771 1764/2196/4772 1766/2201/4773 1731/2200/4774
s 176
f 1752/2177/4775 1768/2203/4776 1767/2202/4777 1751/2176/4778
s off
f 1751/2176/4779 1767/2202/4780 1769/2204/4781 1753/2178/4782
s 177
f 1753/2205/4783 1769/2160/4784 1770/2161/4785 1754/2206/4786
s 176
f 1755/2181/4787 1771/2207/4788 1768/2203/4776 1752/2177/4775
s 177
f 1754/2206/4786 1770/2161/4785 1772/2163/4789 1756/2208/4790
s 176
f 1757/2184/4791 1773/2209/4792 1771/2207/4788 1755/2181/4787
s 177
f 1756/2208/4790 1772/2163/4789 1774/2165/4793 1758/2210/4794
s off
f 1758/2185/4795 1774/2211/4796 1773/2209/4797 1757/2184/4798
s 178
f 1760/2187/4799 1776/2213/4800 1775/2212/4801 1759/2186/4802
s off
f 1759/2214/4803 1775/2167/4804 1777/2168/4805 1761/2215/4806
s 179
f 1761/2215/4807 1777/2168/4808 1778/2169/4809 1762/2216/4810
s 178
f 1763/2194/4811 1779/2217/4812 1776/2213/4800 1760/2187/4799
s 179
f 1762/2216/4810 1778/2169/4809 1780/2171/4813 1764/2218/4814
s off
f 1766/2219/4815 1782/2172/4816 1781/2173/4817 1765/2220/4818
s 178
f 1765/2199/4819 1781/2221/4820 1779/2217/4812 1763/2194/4811
s 179
f 1764/2218/4814 1780/2171/4813 1782/2172/4821 1766/2219/4822
s 47
f 1783/2222/4823 1793/2225/4824 585/2224/1519 578/2223/1518
s 180
f 1784/2226/4825 1785/2229/4826 1786/2228/4827 1787/2227/4828
s 49
f 1788/2230/4829 581/2233/1528 586/2232/1527 1797/2231/4830
s 180
f 1789/2234/4831 1787/2227/4828 1786/2228/4827 1790/2235/4832
s 50
f 1788/2230/4833 1792/2237/4834 584/2236/1533 581/2233/1532
s 47
f 1793/2238/4824 1784/2226/4835 579/2240/1535 585/2239/1519
s off
f 1794/2241/4836 1785/2229/4837 1784/2226/4838 1793/2238/4839
s 181
f 1786/2228/4840 1785/2229/4841 1794/2241/4842 1795/2242/4843
f 1786/2228/4840 1795/2242/4843 1796/2243/4844 1790/2235/4845
s off
f 1797/2244/4846 1789/2234/4847 1790/2235/4848 1796/2243/4849
f 1783/2222/4850 1798/2246/4851 1799/2245/4852 1793/2225/4853
s 182
f 1793/2225/4854 1799/2245/4855 1800/2248/4856 1794/2247/4857
f 1794/2247/4857 1800/2248/4856 1801/2250/4858 1795/2249/4859
f 1796/2251/4860 1803/2253/4861 1804/2252/4862 1797/2231/4863
s off
f 1797/2231/4864 1804/2252/4865 1802/2254/4866 1788/2230/4867
s 182
f 1795/2249/4859 1801/2250/4858 1803/2253/4861 1796/2251/4860
s 53
f 579/2240/1569 1784/2226/4868 1787/2227/4869 580/2255/1570
f 580/2255/1570 1787/2227/4869 1789/2234/4870 582/2256/1573
s 54
f 583/2257/1575 1791/2258/4871 1783/2222/4872 578/2223/1576
s 49
f 582/2256/1579 1789/2234/4873 1797/2244/4830 586/2259/1527
s off
f 1805/2260/4874 1807/2263/4875 1808/2262/4876 1806/2261/4877
f 1807/2264/4878 1809/2267/4879 1810/2266/4880 1808/2265/4881
f 1809/2268/4882 1811/2271/4883 1812/2270/4884 1810/2269/4885
f 1811/2272/4886 1805/2275/4887 1806/2274/4888 1812/2273/4889
f 1806/2261/4890 1808/2262/4891 1810/2277/4892 1812/2276/4893
f 1811/2271/4894 1809/2268/4895 1807/2263/4896 1805/2260/4897
f 1820/2278/4898 1817/2281/4899 1822/2280/4900 1821/2279/4901
s 183
f 1815/2282/4902 1813/2285/4903 1827/2284/4904 1814/2283/4905
s 184
f 1822/2280/4906 1817/2281/4907 1818/2287/4908 1823/2286/4909
s off
f 1826/2288/4910 1825/2291/4911 1824/2290/4912 1819/2289/4913
s 183
f 1815/2282/4902 1814/2283/4905 1828/2293/4914 1816/2292/4915
s 184
f 1823/2286/4909 1818/2287/4908 1819/2289/4916 1824/2290/4917
s 183
f 1813/2285/4903 1817/2281/4918 1820/2278/4919 1827/2284/4904
f 1815/2282/4902 1818/2287/4920 1817/2281/4918 1813/2285/4903
f 1828/2293/4914 1826/2288/4921 1819/2289/4922 1816/2292/4915
f 1816/2292/4915 1819/2289/4922 1818/2287/4920 1815/2282/4902
s 185
f 1830/2294/4923 1832/2297/4924 1833/2296/4925 1831/2295/4926
s 58
f 1835/2298/4927 1838/2301/4928 1837/2300/4929 1836/2299/4930
f 1836/2299/4930 1839/2302/4931 1835/2298/4927
s off
f 1829/2303/4932 1836/2299/4933 1837/2300/4934 1831/2295/4935
f 1831/2295/4936 1837/2300/4937 1838/2301/4938 1830/2294/4939
s 185
f 1841/2304/4940 1842/2305/4941 1833/2296/4925 1832/2297/4924
s 59
f 1844/2306/4942 1845/2309/4943 1846/2308/4944 1847/2307/4945
f 1845/2309/4943 1844/2306/4942 1848/2310/4946
s off
f 1840/2311/4947 1842/2305/4948 1846/2308/4949 1845/2309/4950
f 1842/2305/4951 1841/2304/4952 1847/2307/4953 1846/2308/4954
f 1843/2312/4955 1840/2311/4956 1845/2309/4957 1848/2310/4958
s 58
f 633/2313/1666 1835/2298/4927 1839/2302/4931 632/2314/1667
s off
f 632/2314/4959 1839/2302/4960 1834/2316/4961 631/2315/4962
s 59
f 635/2317/1672 1848/2310/4946 1844/2306/4942 636/2318/1673
s off
f 634/2319/4963 1843/2312/4964 1848/2310/4965 635/2317/4966
f 1829/2303/4967 1834/2316/4968 1839/2302/4969 1836/2299/4970
s 188
f 1858/2320/4971 1859/2323/4972 1860/2322/4973 1857/2321/4974
f 1859/2323/4972 1924/2327/4975 1925/2326/4976 1940/2325/4977 1941/2324/4978 1860/2322/4973
s 189
f 1861/2328/4979 1863/2331/4980 1864/2330/4981 1862/2329/4982
s 190
f 1866/2332/4983 1867/2335/4984 1868/2334/4985 1865/2333/4986
f 1867/2335/4984 1931/2339/4987 1932/2338/4988 1948/2337/4989 1949/2336/4990 1868/2334/4985
s 191
f 1869/2340/4991 1871/2343/4992 1872/2342/4993 1870/2341/4994
s off
f 1874/2344/4995 1876/2347/4996 1875/2346/4997 1873/2345/4998
s 188
f 1850/2348/4999 1854/2349/5000 1859/2323/4972 1858/2320/4971
s 190
f 1851/2350/5001 1855/2351/5002 1867/2335/4984 1866/2332/4983
s 189
f 1861/2328/4979 1855/2351/5003 1851/2350/5004 1863/2331/4980
s 191
f 1869/2340/4991 1856/2353/5005 1852/2352/5006 1871/2343/4992
s 188
f 1860/2322/4973 1853/2355/5007 1849/2354/5008 1857/2321/4974
s off
f 1878/2356/5009 1880/2359/5010 1879/2358/5011 1877/2357/5012
s 189
f 1852/2352/5013 1856/2353/5014 1862/2329/4982 1864/2330/4981
s 190
f 1868/2334/4985 1854/2349/5015 1850/2348/5016 1865/2333/4986
s off
f 1882/2360/5017 1884/2363/5018 1883/2362/5019 1881/2361/5020
f 1885/2364/5021 1888/2367/5022 1887/2366/5023 1886/2365/5024
s 191
f 1849/2354/5025 1853/2355/5026 1870/2341/4994 1872/2342/4993
f 1919/2368/5027 1869/2340/4991 1870/2341/4994 1950/2371/5028 1951/2370/5029 1918/2369/5030
s 189
f 1936/2372/5031 1861/2328/4979 1862/2329/4982 1944/2375/5032 1945/2374/5033 1935/2373/5034
s off
f 1889/2376/5035 1891/2379/5036 1892/2378/5037 1890/2377/5038
f 1890/2377/5039 1943/2381/5040 1942/2380/5041 1889/2376/5042
f 1891/2379/5043 1897/2383/5044 1898/2382/5045 1892/2378/5046
f 1893/2384/5047 1927/2387/5048 1928/2386/5049 1894/2385/5050
f 1894/2385/5051 1896/2389/5052 1895/2388/5053 1893/2384/5054
f 1896/2389/5055 1912/2391/5056 1911/2390/5057 1895/2388/5058
f 1897/2383/5059 1942/2380/5060 1943/2381/5061 1898/2382/5062
f 1899/2392/5063 1903/2395/5064 1904/2394/5065 1900/2393/5066
f 1900/2393/5067 1902/2397/5068 1901/2396/5069 1899/2392/5070
f 1902/2397/5071 1921/2399/5072 1920/2398/5073 1901/2396/5074
f 1903/2395/5075 1920/2398/5076 1921/2399/5077 1904/2394/5078
f 1905/2400/5079 1909/2403/5080 1910/2402/5081 1906/2401/5082
f 1906/2401/5083 1908/2405/5084 1907/2404/5085 1905/2400/5086
f 1908/2405/5087 1914/2407/5088 1913/2406/5089 1907/2404/5090
f 1909/2403/5091 1913/2406/5092 1914/2407/5093 1910/2402/5094
f 1912/2391/5095 1928/2386/5096 1927/2387/5097 1911/2390/5098
f 1915/2408/5099 1946/2410/5100 1944/2375/5101 1916/2409/5102
f 1916/2409/5103 1919/2368/5104 1917/2411/5105 1915/2408/5106
f 1922/2412/5107 1949/2336/5108 1947/2414/5109 1923/2413/5110
f 1923/2413/5111 1926/2415/5112 1924/2327/5113 1922/2412/5114
f 1929/2416/5115 1936/2372/5116 1934/2418/5117 1930/2417/5118
f 1930/2417/5119 1933/2419/5120 1931/2339/5121 1929/2416/5122
f 1937/2420/5123 1952/2422/5124 1950/2371/5125 1938/2421/5126
f 1938/2421/5127 1941/2324/5128 1939/2423/5129 1937/2420/5130
s 192
f 1893/2384/5131 1895/2388/5132 1891/2379/5133 1889/2376/5134
f 1899/2392/5135 1901/2396/5136 1897/2383/5137 1891/2379/5133
f 1905/2400/5138 1907/2404/5139 1903/2395/5140 1899/2392/5135
f 1895/2388/5132 1911/2390/5141 1909/2403/5142 1905/2400/5138
f 1907/2404/5139 1934/2418/5143 1935/2373/5144 1945/2374/5145 1946/2410/5146 1903/2395/5140
f 1901/2396/5136 1917/2411/5147 1918/2369/5148 1951/2370/5149 1952/2422/5150 1897/2383/5137
f 1901/2396/5136 1920/2398/5151 1915/2408/5152 1917/2411/5147
s 191
f 1916/2409/5153 1856/2353/5005 1869/2340/4991 1919/2368/5027
s 188
f 1859/2323/4972 1854/2349/5000 1922/2412/5154 1924/2327/4975
s 192
f 1923/2413/5155 1927/2387/5156 1893/2384/5131 1926/2415/5157
s 190
f 1867/2335/4984 1855/2351/5002 1929/2416/5158 1931/2339/4987
s 192
f 1930/2417/5159 1913/2406/5160 1909/2403/5142 1933/2419/5161
s 189
f 1855/2351/5003 1861/2328/4979 1936/2372/5031 1929/2416/5162
s 192
f 1930/2417/5159 1934/2418/5143 1907/2404/5139 1913/2406/5160
s 188
f 1853/2355/5007 1860/2322/4973 1941/2324/4978 1938/2421/5163
s 192
f 1937/2420/5164 1939/2423/5165 1889/2376/5134 1942/2380/5166
f 1915/2408/5152 1920/2398/5151 1903/2395/5140 1946/2410/5146
s 189
f 1862/2329/4982 1856/2353/5014 1916/2409/5167 1944/2375/5032
s 190
f 1854/2349/5015 1868/2334/4985 1949/2336/4990 1922/2412/5168
s 192
f 1923/2413/5155 1947/2414/5169 1911/2390/5141 1927/2387/5156
f 1942/2380/5166 1897/2383/5137 1952/2422/5150 1937/2420/5164
s 191
f 1938/2421/5170 1950/2371/5028 1870/2341/4994 1853/2355/5026
s 192
f 1899/2392/5135 1891/2379/5133 1895/2388/5132 1905/2400/5138
s off
f 1910/2402/5171 1874/2425/5172 1873/2424/5173 1906/2401/5174
f 1906/2401/5175 1873/2424/5176 1875/2426/5177 1908/2405/5178
f 1908/2405/5179 1875/2426/5180 1876/2427/5181 1914/2407/5182
f 1914/2407/5183 1876/2427/5184 1874/2425/5185 1910/2402/5186
f 1900/2393/5187 1878/2429/5188 1877/2428/5189 1902/2397/5190
f 1902/2397/5191 1877/2428/5192 1879/2430/5193 1921/2399/5194
f 1921/2399/5195 1879/2430/5196 1880/2431/5197 1904/2394/5198
f 1904/2394/5199 1880/2431/5200 1878/2429/5201 1900/2393/5202
f 1894/2385/5203 1882/2433/5204 1881/2432/5205 1896/2389/5206
f 1896/2389/5207 1881/2432/5208 1883/2434/5209 1912/2391/5210
f 1912/2391/5211 1883/2434/5212 1884/2435/5213 1928/2386/5214
f 1928/2386/5215 1884/2435/5216 1882/2433/5217 1894/2385/5218
f 1943/2381/5219 1885/2437/5220 1886/2436/5221 1898/2382/5222
f 1898/2382/5223 1886/2436/5224 1887/2438/5225 1892/2378/5226
f 1892/2378/5227 1887/2438/5228 1888/2439/5229 1890/2377/5230
f 1890/2377/5231 1888/2439/5232 1885/2437/5233 1943/2381/5234
s 192
f 1926/2415/5157 1893/2384/5131 1889/2376/5134 1939/2423/5165 1940/2325/5235 1925/2326/5236
f 1933/2419/5161 1909/2403/5142 1911/2390/5141 1947/2414/5169 1948/2337/5237 1932/2338/5238
s off
f 1917/2411/5239 1919/2368/5240 1918/2369/5241
f 1924/2327/5242 1926/2415/5243 1925/2326/5244
f 1931/2339/5245 1933/2419/5246 1932/2338/5247
f 1934/2418/5248 1936/2372/5249 1935/2373/5250
f 1939/2423/5251 1941/2324/5252 1940/2325/5253
f 1944/2375/5254 1946/2410/5255 1945/2374/5256
f 1947/2414/5257 1949/2336/5258 1948/2337/5259
f 1950/2371/5260 1952/2422/5261 1951/2370/5262
s 197
f 1953/2440/5263 1954/2443/5264 1957/2442/5265 1956/2441/5266
s 198
f 1954/2443/5267 1955/2444/5268 1957/2442/5269
s 199
f 1960/2445/5270 1963/2448/5271 1962/2447/5272 1961/2446/5273
s 68
f 1954/2449/5274 1960/2452/5275 1961/2451/5276 1955/2450/5277
s 69
f 1959/2453/5278 1962/2447/5279 1963/2448/5280 1958/2454/5281
s off
f 1965/2455/5282 1967/2458/5283 1966/2457/5284 1964/2456/5285
s 69
f 1958/2454/5281 1965/2455/5286 776/2460/1998 773/2459/1997
s 68
f 1954/2449/5274 1964/2462/5287 1966/2461/5288 1960/2452/5275
s 199
f 1960/2445/5270 1966/2457/5289 1967/2458/5290 1963/2448/5271
s 69
f 1963/2448/5280 1967/2458/5291 1965/2455/5286 1958/2454/5281
s 197
f 1968/2463/5292 1956/2441/5266 1957/2442/5265 1969/2464/5293
s 198
f 1969/2464/5294 1957/2442/5269 1955/2444/5268
s 202
f 1972/2465/5295 1973/2468/5296 1974/2467/5297 1975/2466/5298
s 72
f 1969/2469/5299 1955/2472/5300 1973/2471/5301 1972/2470/5302
s 73
f 1971/2473/5303 1970/2474/5304 1975/2466/5305 1974/2467/5306
s off
f 1977/2475/5307 1976/2478/5308 1978/2477/5309 1979/2476/5310
s 73
f 1970/2474/5304 779/2480/2026 782/2479/2025 1977/2475/5311
s 72
f 1969/2469/5299 1972/2470/5302 1978/2482/5312 1976/2481/5313
s 202
f 1972/2465/5295 1975/2466/5298 1979/2476/5314 1978/2477/5315
s 73
f 1975/2466/5305 1970/2474/5304 1977/2475/5311 1979/2476/5316
s 205
f 1959/2453/5317 1981/2484/5318 1980/2483/5319 1962/2447/5320
f 1981/2484/5318 1971/2473/5321 1974/2467/5322 1980/2483/5319
s off
f 1961/2446/5323 1962/2447/5324 1980/2483/5325 1974/2467/5326 1973/2468/5327 1955/2485/5328
s 75
f 771/2486/2044 1954/2443/5329 1953/2440/5330 770/2487/2045
s 76
f 770/2488/2048 1953/2491/5331 1956/2490/5332 772/2489/2049
s 69
f 774/2492/2052 1959/2453/5333 1958/2454/5281 773/2459/1997
s 77
f 776/2460/2054 1965/2455/5334 1964/2456/5335 775/2493/2055
s 68
f 775/2494/2058 1964/2462/5287 1954/2449/5274 771/2495/2059
s 78
f 777/2496/2060 1968/2463/5336 1969/2464/5337 778/2497/2061
s 76
f 772/2489/2049 1956/2490/5332 1968/2499/5338 777/2498/2064
s 73
f 779/2480/2026 1970/2474/5304 1971/2473/5339 780/2500/2066
s 79
f 781/2501/2068 1976/2478/5340 1977/2475/5341 782/2479/2069
s 72
f 778/2502/2072 1969/2469/5299 1976/2481/5313 781/2503/2073
s 80
f 783/2504/2074 1981/2484/5342 1959/2453/5343 774/2492/2075
f 780/2500/2078 1971/2473/5344 1981/2484/5342 783/2504/2074
s off
f 1982/2505/5345 1984/2508/5346 1985/2507/5347 1983/2506/5348
f 1984/2508/5349 1986/2510/5350 1987/2509/5351 1985/2507/5352
f 1986/2510/5353 1988/2512/5354 1989/2511/5355 1987/2509/5356
f 1988/2512/5357 1982/2514/5358 1983/2513/5359 1989/2511/5360
f 1983/2515/5361 1985/2518/5362 1987/2517/5363 1989/2516/5364
f 1988/2519/5365 1986/2522/5366 1984/2521/5367 1982/2520/5368
s 206
f 1990/2523/5369 1991/2526/5370 796/2525/5371 795/2524/5372
s 207
f 1991/2526/5373 1990/2523/5374 1994/2528/5375 1993/2527/5376
s off
f 1993/2527/5377 1996/2530/5378 1995/2529/5379 1991/2526/5380
f 1991/2526/5381 1995/2529/5382 802/2531/5383 796/2525/5384
s 206
f 1990/2523/5369 795/2524/5372 797/2533/5385 1992/2532/5386
s 207
f 1992/2532/5387 1997/2534/5388 1994/2528/5375 1990/2523/5374
s off
f 1997/2534/5389 1992/2532/5390 1999/2536/5391 1998/2535/5392
f 1992/2532/5393 797/2533/5394 806/2537/5395 1999/2536/5396
s 208
f 2001/2538/5397 2007/2541/5398 2010/2540/5399 2002/2539/5400
s 209
f 2003/2542/5401 2012/2545/5402 2006/2544/5403 2000/2543/5404
s 208
f 2007/2541/5398 2008/2547/5405 2011/2546/5406 2010/2540/5399
s 210
f 2008/2547/5407 2009/2550/5408 2030/2549/5409 2029/2548/5410 2011/2546/5411
f 2004/2551/5412 2005/2555/5413 2013/2554/5414 2035/2553/5415 2034/2552/5416
s 209
f 2005/2555/5417 2006/2544/5403 2012/2545/5402 2013/2554/5418
s 212
f 2014/2556/5419 2015/2559/5420 2026/2558/5421 2027/2557/5422
s 213
f 2015//5423 2014//5424 2017//5425 2016//5426
s 214
f 2016/2560/5427 2017/2563/5428 2019/2562/5429 2018/2561/5430
f 2018/2561/5430 2019/2562/5429 2021/2565/5431 2020/2564/5432
s 210
f 2020/2564/5433 2021/2565/5434 2023/2567/5435 2022/2566/5436
f 2022/2566/5436 2023/2567/5435 2033/2570/5437 2032/2569/5438 2037/2568/5439
s 212
f 2024/2571/5440 2025/2572/5441 2027/2557/5422 2026/2558/5421
s 213
f 2003//5442 2000//5443 2015//5423 2016//5426
s 212
f 2006/2544/5444 2005/2555/5445 2024/2571/5440 2026/2558/5421
s 210
f 2005/2555/5413 2004/2551/5412 2038/2573/5446 2024/2571/5447
s 212
f 2000/2543/5448 2006/2544/5444 2026/2558/5421 2015/2559/5420
s 214
f 2016/2560/5427 2018/2561/5430 2012/2545/5449 2003/2542/5450
s off
f 2039/2574/5451 2040/2576/5452 2041/2575/5453
s 214
f 2018/2561/5430 2020/2564/5432 2013/2554/5454 2012/2545/5449
s 210
f 2020/2564/5433 2022/2566/5436 2036/2577/5455 2035/2553/5415 2013/2554/5414
s 213
f 2017//5425 2014//5424 2001//5456 2002//5457
s 214
f 2002/2539/5458 2010/2540/5459 2019/2562/5429 2017/2563/5428
f 2010/2540/5459 2011/2546/5460 2021/2565/5431 2019/2562/5429
s 210
f 2011/2546/5411 2029/2548/5410 2028/2578/5461 2023/2567/5435 2021/2565/5434
s off
f 2042/2579/5462 2043/2581/5463 2044/2580/5464
s 210
f 2025/2572/5465 2031/2582/5466 2009/2550/5408 2008/2547/5407
s 212
f 2027/2557/5422 2025/2572/5441 2008/2547/5467 2007/2541/5468
f 2014/2556/5419 2027/2557/5422 2007/2541/5468 2001/2538/5469
s off
f 2045/2583/5470 2046/2585/5471 2047/2584/5472
f 2049/2586/5473 2048/2588/5474 2050/2587/5475
s 210
f 2024/2571/5447 2032/2569/5438 2025/2572/5465
f 2028/2578/5461 2030/2549/5409 2031/2582/5466 2033/2570/5437
f 2034/2552/5416 2036/2577/5455 2037/2568/5439 2038/2573/5446
f 2028/2578/5461 2029/2548/5410 2030/2549/5409
f 2031/2582/5466 2025/2572/5465 2032/2569/5438 2033/2570/5437
f 2034/2552/5416 2035/2553/5415 2036/2577/5455
f 2037/2568/5439 2032/2569/5438 2024/2571/5447 2038/2573/5446
s off
f 2037/2568/5476 2036/2577/5477 2040/2576/5478 2039/2574/5479
f 2036/2577/5480 2022/2566/5481 2041/2575/5482 2040/2576/5483
f 2022/2566/5484 2037/2568/5485 2039/2574/5486 2041/2575/5487
f 2028/2578/5488 2033/2570/5489 2043/2581/5490 2042/2579/5491
f 2033/2570/5492 2023/2567/5493 2044/2580/5494 2043/2581/5495
f 2023/2567/5496 2028/2578/5497 2042/2579/5498 2044/2580/5499
f 2031/2582/5500 2030/2549/5501 2046/2585/5502 2045/2583/5503
f 2030/2549/5504 2009/2550/5505 2047/2584/5506 2046/2585/5507
f 2009/2550/5508 2031/2582/5509 2045/2583/5510 2047/2584/5511
f 2004/2551/5512 2034/2552/5513 2048/2588/5514 2049/2586/5515
f 2034/2552/5516 2038/2573/5517 2050/2587/5518 2048/2588/5519
f 2038/2573/5520 2004/2551/5521 2049/2586/5522 2050/2587/5523
s 215
f 2051/2589/5524 2053/2592/5525 2054/2591/5526 2052/2590/5527
s 216
f 2055/2593/5528 2057/2596/5529 2058/2595/5530 2056/2594/5531
s 217
f 2059/2597/5532 2066/2600/5533 2065/2599/5534 2060/2598/5535
s off
f 2060/2601/5536 2061/2604/5537 2062/2603/5538 2059/2602/5539
s 218
f 2061/2605/5540 2063/2608/5541 2064/2607/5542 2062/2606/5543
s 219
f 2063/2608/5544 2065/2599/5545 2066/2600/5546 2064/2607/5547
s 217
f 2053/2592/5548 2060/2598/5535 2065/2599/5534 2054/2591/5549
s 218
f 2061/2605/5540 2051/2589/5550 2052/2590/5551 2063/2608/5541
s 219
f 2052/2590/5552 2054/2591/5553 2065/2599/5545 2063/2608/5544
s off
f 2068/2609/5554 2070/2612/5555 2069/2611/5556 2067/2610/5557
f 2071/2613/5558 2074/2616/5559 2073/2615/5560 2072/2614/5561
s 218
f 2057/2596/5562 2062/2606/5543 2064/2607/5542 2058/2595/5563
s 219
f 2066/2600/5546 2056/2594/5564 2058/2595/5565 2064/2607/5547
s 217
f 2059/2597/5532 2055/2593/5566 2056/2594/5567 2066/2600/5533
s off
f 2060/2601/5568 2068/2618/5569 2067/2617/5570 2061/2604/5571
s 218
f 2061/2605/5540 2067/2610/5572 2069/2611/5573 2051/2589/5550
s 215
f 2051/2589/5524 2069/2611/5574 2070/2612/5575 2053/2592/5525
s off
f 2076/2619/5576 2078/2622/5577 2077/2621/5578 2075/2620/5579
s 218
f 2057/2596/5562 2071/2613/5580 2072/2614/5581 2062/2606/5543
s off
f 2062/2603/5582 2072/2624/5583 2073/2623/5584 2059/2602/5585
f 2079/2625/5586 2082/2628/5587 2081/2627/5588 2080/2626/5589
s 216
f 2055/2593/5528 2074/2616/5590 2071/2613/5591 2057/2596/5529
s off
f 2053/2592/5592 2076/2619/5593 2075/2620/5594 2060/2598/5595
f 2060/2601/5596 2075/2630/5597 2077/2629/5598 2068/2618/5599
f 2068/2609/5600 2077/2621/5601 2078/2622/5602 2070/2612/5603
f 2070/2612/5604 2078/2622/5605 2076/2619/5606 2053/2592/5607
f 2059/2597/5608 2079/2625/5609 2080/2626/5610 2055/2593/5611
f 2055/2593/5612 2080/2626/5613 2081/2627/5614 2074/2616/5615
f 2074/2616/5616 2081/2627/5617 2082/2628/5618 2073/2615/5619
f 2073/2623/5620 2082/2632/5621 2079/2631/5622 2059/2602/5623
s 220
f 2083/2633/5624 2084/2636/5625 2087/2635/5626 2086/2634/5627
s 221
f 2084/2636/5628 2085/2637/5629 2087/2635/5630
s 222
f 2090/2638/5631 2093/2641/5632 2092/2640/5633 2091/2639/5634
s 98
f 2084/2642/5635 2090/2645/5636 2091/2644/5637 2085/2643/5638
s 99
f 2089/2646/5639 2092/2640/5640 2093/2641/5641 2088/2647/5642
s off
f 2095/2648/5643 2097/2651/5644 2096/2650/5645 2094/2649/5646
s 99
f 2088/2647/5642 2095/2648/5647 925/2653/2383 922/2652/2382
s 98
f 2084/2642/5635 2094/2655/5648 2096/2654/5649 2090/2645/5636
s 222
f 2090/2638/5631 2096/2650/5650 2097/2651/5651 2093/2641/5632
s 99
f 2093/2641/5641 2097/2651/5652 2095/2648/5647 2088/2647/5642
s 220
f 2098/2656/5653 2086/2634/5627 2087/2635/5626 2099/2657/5654
s 221
f 2099/2657/5655 2087/2635/5630 2085/2637/5629
s 225
f 2102/2658/5656 2103/2661/5657 2104/2660/5658 2105/2659/5659
s 102
f 2099/2662/5660 2085/2665/5661 2103/2664/5662 2102/2663/5663
s 103
f 2101/2666/5664 2100/2667/5665 2105/2659/5666 2104/2660/5667
s off
f 2107/2668/5668 2106/2671/5669 2108/2670/5670 2109/2669/5671
s 103
f 2100/2667/5665 928/2673/2411 931/2672/2410 2107/2668/5672
s 102
f 2099/2662/5660 2102/2663/5663 2108/2675/5673 2106/2674/5674
s 225
f 2102/2658/5656 2105/2659/5659 2109/2669/5675 2108/2670/5676
s 103
f 2105/2659/5666 2100/2667/5665 2107/2668/5672 2109/2669/5677
s 228
f 2089/2646/5678 2111/2677/5679 2110/2676/5680 2092/2640/5681
f 2111/2677/5679 2101/2666/5682 2104/2660/5683 2110/2676/5680
s off
f 2091/2639/5684 2092/2640/5685 2110/2676/5686 2104/2660/5687 2103/2661/5688 2085/2678/5689
s 105
f 920/2679/2429 2084/2636/5690 2083/2633/5691 919/2680/2430
s 106
f 919/2681/2433 2083/2684/5692 2086/2683/5693 921/2682/2434
s 99
f 923/2685/2437 2089/2646/5694 2088/2647/5642 922/2652/2382
s 107
f 925/2653/2439 2095/2648/5695 2094/2649/5696 924/2686/2440
s 98
f 924/2687/2443 2094/2655/5648 2084/2642/5635 920/2688/2444
s 108
f 926/2689/2445 2098/2656/5697 2099/2657/5698 927/2690/2446
s 106
f 921/2682/2434 2086/2683/5693 2098/2692/5699 926/2691/2449
s 103
f 928/2673/2411 2100/2667/5665 2101/2666/5700 929/2693/2451
s 109
f 930/2694/2453 2106/2671/5701 2107/2668/5702 931/2672/2454
s 102
f 927/2695/2457 2099/2662/5660 2106/2674/5674 930/2696/2458
s 110
f 932/2697/2459 2111/2677/5703 2089/2646/5704 923/2685/2460
f 929/2693/2463 2101/2666/5705 2111/2677/5703 932/2697/2459
s 229
f 2121/2698/5706 2122/2701/5707 2123/2700/5708 2120/2699/5709
f 2122/2701/5707 2187/2705/5710 2188/2704/5711 2203/2703/5712 2204/2702/5713 2123/2700/5708
s 230
f 2124/2706/5714 2126/2709/5715 2127/2708/5716 2125/2707/5717
s 231
f 2129/2710/5718 2130/2713/5719 2131/2712/5720 2128/2711/5721
f 2130/2713/5719 2194/2717/5722 2195/2716/5723 2211/2715/5724 2212/2714/5725 2131/2712/5720
s 232
f 2132/2718/5726 2134/2721/5727 2135/2720/5728 2133/2719/5729
s off
f 2137/2722/5730 2139/2725/5731 2138/2724/5732 2136/2723/5733
s 229
f 2113/2726/5734 2117/2727/5735 2122/2701/5707 2121/2698/5706
s 231
f 2114/2728/5736 2118/2729/5737 2130/2713/5719 2129/2710/5718
s 230
f 2124/2706/5714 2118/2729/5738 2114/2728/5739 2126/2709/5715
s 232
f 2132/2718/5726 2119/2731/5740 2115/2730/5741 2134/2721/5727
s 229
f 2123/2700/5708 2116/2733/5742 2112/2732/5743 2120/2699/5709
s off
f 2141/2734/5744 2143/2737/5745 2142/2736/5746 2140/2735/5747
s 230
f 2115/2730/5748 2119/2731/5749 2125/2707/5717 2127/2708/5716
s 231
f 2131/2712/5720 2117/2727/5750 2113/2726/5751 2128/2711/5721
s off
f 2145/2738/5752 2147/2741/5753 2146/2740/5754 2144/2739/5755
f 2148/2742/5756 2151/2745/5757 2150/2744/5758 2149/2743/5759
s 232
f 2112/2732/5760 2116/2733/5761 2133/2719/5729 2135/2720/5728
f 2182/2746/5762 2132/2718/5726 2133/2719/5729 2213/2749/5763 2214/2748/5764 2181/2747/5765
s 230
f 2199/2750/5766 2124/2706/5714 2125/2707/5717 2207/2753/5767 2208/2752/5768 2198/2751/5769
s off
f 2152/2754/5770 2154/2757/5771 2155/2756/5772 2153/2755/5773
f 2153/2755/5774 2206/2759/5775 2205/2758/5776 2152/2754/5777
f 2154/2757/5778 2160/2761/5779 2161/2760/5780 2155/2756/5781
f 2156/2762/5782 2190/2765/5783 2191/2764/5784 2157/2763/5785
f 2157/2763/5786 2159/2767/5787 2158/2766/5788 2156/2762/5789
f 2159/2767/5790 2175/2769/5791 2174/2768/5792 2158/2766/5793
f 2160/2761/5794 2205/2758/5795 2206/2759/5796 2161/2760/5797
f 2162/2770/5798 2166/2773/5799 2167/2772/5800 2163/2771/5801
f 2163/2771/5802 2165/2775/5803 2164/2774/5804 2162/2770/5805
f 2165/2775/5806 2184/2777/5807 2183/2776/5808 2164/2774/5809
f 2166/2773/5810 2183/2776/5811 2184/2777/5812 2167/2772/5813
f 2168/2778/5814 2172/2781/5815 2173/2780/5816 2169/2779/5817
f 2169/2779/5818 2171/2783/5819 2170/2782/5820 2168/2778/5821
f 2171/2783/5822 2177/2785/5823 2176/2784/5824 2170/2782/5825
f 2172/2781/5826 2176/2784/5827 2177/2785/5828 2173/2780/5829
f 2175/2769/5830 2191/2764/5831 2190/2765/5832 2174/2768/5833
f 2178/2786/5834 2209/2788/5835 2207/2753/5836 2179/2787/5837
f 2179/2787/5838 2182/2746/5839 2180/2789/5840 2178/2786/5841
f 2185/2790/5842 2212/2714/5843 2210/2792/5844 2186/2791/5845
f 2186/2791/5846 2189/2793/5847 2187/2705/5848 2185/2790/5849
f 2192/2794/5850 2199/2750/5851 2197/2796/5852 2193/2795/5853
f 2193/2795/5854 2196/2797/5855 2194/2717/5856 2192/2794/5857
f 2200/2798/5858 2215/2800/5859 2213/2749/5860 2201/2799/5861
f 2201/2799/5862 2204/2702/5863 2202/2801/5864 2200/2798/5865
s 233
f 2156/2762/5866 2158/2766/5867 2154/2757/5868 2152/2754/5869
f 2162/2770/5870 2164/2774/5871 2160/2761/5872 2154/2757/5868
f 2168/2778/5873 2170/2782/5874 2166/2773/5875 2162/2770/5870
f 2158/2766/5867 2174/2768/5876 2172/2781/5877 2168/2778/5873
f 2170/2782/5874 2197/2796/5878 2198/2751/5879 2208/2752/5880 2209/2788/5881 2166/2773/5875
f 2164/2774/5871 2180/2789/5882 2181/2747/5883 2214/2748/5884 2215/2800/5885 2160/2761/5872
f 2164/2774/5871 2183/2776/5886 2178/2786/5887 2180/2789/5882
s 232
f 2179/2787/5888 2119/2731/5740 2132/2718/5726 2182/2746/5762
s 229
f 2122/2701/5707 2117/2727/5735 2185/2790/5889 2187/2705/5710
s 233
f 2186/2791/5890 2190/2765/5891 2156/2762/5866 2189/2793/5892
s 231
f 2130/2713/5719 2118/2729/5737 2192/2794/5893 2194/2717/5722
s 233
f 2193/2795/5894 2176/2784/5895 2172/2781/5877 2196/2797/5896
s 230
f 2118/2729/5738 2124/2706/5714 2199/2750/5766 2192/2794/5897
s 233
f 2193/2795/5894 2197/2796/5878 2170/2782/5874 2176/2784/5895
s 229
f 2116/2733/5742 2123/2700/5708 2204/2702/5713 2201/2799/5898
s 233
f 2200/2798/5899 2202/2801/5900 2152/2754/5869 2205/2758/5901
f 2178/2786/5887 2183/2776/5886 2166/2773/5875 2209/2788/5881
s 230
f 2125/2707/5717 2119/2731/5749 2179/2787/5902 2207/2753/5767
s 231
f 2117/2727/5750 2131/2712/5720 2212/2714/5725 2185/2790/5903
s 233
f 2186/2791/5890 2210/2792/5904 2174/2768/5876 2190/2765/5891
f 2205/2758/5901 2160/2761/5872 2215/2800/5885 2200/2798/5899
s 232
f 2201/2799/5905 2213/2749/5763 2133/2719/5729 2116/2733/5761
s 233
f 2162/2770/5870 2154/2757/5868 2158/2766/5867 2168/2778/5873
s off
f 2173/2780/5906 2137/2803/5907 2136/2802/5908 2169/2779/5909
f 2169/2779/5910 2136/2802/5911 2138/2804/5912 2171/2783/5913
f 2171/2783/5914 2138/2804/5915 2139/2805/5916 2177/2785/5917
f 2177/2785/5918 2139/2805/5919 2137/2803/5920 2173/2780/5921
f 2163/2771/5922 2141/2807/5923 2140/2806/5924 2165/2775/5925
f 2165/2775/5926 2140/2806/5927 2142/2808/5928 2184/2777/5929
f 2184/2777/5930 2142/2808/5931 2143/2809/5932 2167/2772/5933
f 2167/2772/5934 2143/2809/5935 2141/2807/5936 2163/2771/5937
f 2157/2763/5938 2145/2811/5939 2144/2810/5940 2159/2767/5941
f 2159/2767/5942 2144/2810/5943 2146/2812/5944 2175/2769/5945
f 2175/2769/5946 2146/2812/5947 2147/2813/5948 2191/2764/5949
f 2191/2764/5950 2147/2813/5951 2145/2811/5952 2157/2763/5953
f 2206/2759/5954 2148/2815/5955 2149/2814/5956 2161/2760/5957
f 2161/2760/5958 2149/2814/5959 2150/2816/5960 2155/2756/5961
f 2155/2756/5962 2150/2816/5963 2151/2817/5964 2153/2755/5965
f 2153/2755/5966 2151/2817/5967 2148/2815/5968 2206/2759/5969
s 233
f 2189/2793/5892 2156/2762/5866 2152/2754/5869 2202/2801/5900 2203/2703/5970 2188/2704/5971
f 2196/2797/5896 2172/2781/5877 2174/2768/5876 2210/2792/5904 2211/2715/5972 2195/2716/5973
s off
f 2180/2789/5974 2182/2746/5975 2181/2747/5976
f 2187/2705/5977 2189/2793/5978 2188/2704/5979
f 2194/2717/5980 2196/2797/5981 2195/2716/5982
f 2197/2796/5983 2199/2750/5984 2198/2751/5985
f 2202/2801/5986 2204/2702/5987 2203/2703/5988
f 2207/2753/5989 2209/2788/5990 2208/2752/5991
f 2210/2792/5992 2212/2714/5993 2211/2715/5994
f 2213/2749/5995 2215/2800/5996 2214/2748/5997
f 2216/2818/5998 2218/2821/5999 2219/2820/6000 2217/2819/6001
f 2218/2821/6002 2220/2823/6003 2221/2822/6004 2219/2820/6005
f 2220/2823/6006 2222/2825/6007 2223/2824/6008 2221/2822/6009
f 2222/2825/6010 2216/2827/6011 2217/2826/6012 2223/2824/6013
f 2217/2828/6014 2219/2831/6015 2221/2830/6016 2223/2829/6017
f 2222/2832/6018 2220/2835/6019 2218/2834/6020 2216/2833/6021
f 2224/2836/6022 2226/2839/6023 2227/2838/6024 2225/2837/6025
f 2226/2839/6026 2228/2841/6027 2229/2840/6028 2227/2838/6029
f 2228/2841/6030 2230/2843/6031 2231/2842/6032 2229/2840/6033
f 2230/2843/6034 2224/2845/6035 2225/2844/6036 2231/2842/6037
f 2225/2846/6038 2227/2849/6039 2229/2848/6040 2231/2847/6041
f 2230/2850/6042 2228/2853/6043 2226/2852/6044 2224/2851/6045
f 2232/2854/6046 2234/2857/6047 2235/2856/6048 2233/2855/6049
f 2234/2857/6050 2236/2859/6051 2237/2858/6052 2235/2856/6053
f 2236/2859/6054 2238/2861/6055 2239/2860/6056 2237/2858/6057
f 2238/2861/6058 2232/2863/6059 2233/2862/6060 2239/2860/6061
f 2233/2864/6062 2235/2867/6063 2237/2866/6064 2239/2865/6065
f 2238/2868/6066 2236/2871/6067 2234/2870/6068 2232/2869/6069
s 238
f 2249/2872/6070 2250/2875/6071 2251/2874/6072 2248/2873/6073
f 2250/2875/6071 2315/2879/6074 2316/2878/6075 2331/2877/6076 2332/2876/6077 2251/2874/6072
s 239
f 2252/2880/6078 2254/2883/6079 2255/2882/6080 2253/2881/6081
s 240
f 2257/2884/6082 2258/2887/6083 2259/2886/6084 2256/2885/6085
f 2258/2887/6083 2322/2891/6086 2323/2890/6087 2339/2889/6088 2340/2888/6089 2259/2886/6084
s 241
f 2260/2892/6090 2262/2895/6091 2263/2894/6092 2261/2893/6093
s off
f 2265/2896/6094 2267/2899/6095 2266/2898/6096 2264/2897/6097
s 238
f 2241/2900/6098 2245/2901/6099 2250/2875/6071 2249/2872/6070
s 240
f 2242/2902/6100 2246/2903/6101 2258/2887/6083 2257/2884/6082
s 239
f 2252/2880/6078 2246/2903/6102 2242/2902/6103 2254/2883/6079
s 241
f 2260/2892/6090 2247/2905/6104 2243/2904/6105 2262/2895/6091
s 238
f 2251/2874/6072 2244/2907/6106 2240/2906/6107 2248/2873/6073
s off
f 2269/2908/6108 2271/2911/6109 2270/2910/6110 2268/2909/6111
s 239
f 2243/2904/6112 2247/2905/6113 2253/2881/6081 2255/2882/6080
s 240
f 2259/2886/6084 2245/2901/6114 2241/2900/6115 2256/2885/6085
s off
f 2273/2912/6116 2275/2915/6117 2274/2914/6118 2272/2913/6119
f 2276/2916/6120 2279/2919/6121 2278/2918/6122 2277/2917/6123
s 241
f 2240/2906/6124 2244/2907/6125 2261/2893/6093 2263/2894/6092
f 2310/2920/6126 2260/2892/6090 2261/2893/6093 2341/2923/6127 2342/2922/6128 2309/2921/6129
s 239
f 2327/2924/6130 2252/2880/6078 2253/2881/6081 2335/2927/6131 2336/2926/6132 2326/2925/6133
s off
f 2280/2928/6134 2282/2931/6135 2283/2930/6136 2281/2929/6137
f 2281/2929/6138 2334/2933/6139 2333/2932/6140 2280/2928/6141
f 2282/2931/6142 2288/2935/6143 2289/2934/6144 2283/2930/6145
f 2284/2936/6146 2318/2939/6147 2319/2938/6148 2285/2937/6149
f 2285/2937/6150 2287/2941/6151 2286/2940/6152 2284/2936/6153
f 2287/2941/6154 2303/2943/6155 2302/2942/6156 2286/2940/6157
f 2288/2935/6158 2333/2932/6159 2334/2933/6160 2289/2934/6161
f 2290/2944/6162 2294/2947/6163 2295/2946/6164 2291/2945/6165
f 2291/2945/6166 2293/2949/6167 2292/2948/6168 2290/2944/6169
f 2293/2949/6170 2312/2951/6171 2311/2950/6172 2292/2948/6173
f 2294/2947/6174 2311/2950/6175 2312/2951/6176 2295/2946/6177
f 2296/2952/6178 2300/2955/6179 2301/2954/6180 2297/2953/6181
f 2297/2953/6182 2299/2957/6183 2298/2956/6184 2296/2952/6185
f 2299/2957/6186 2305/2959/6187 2304/2958/6188 2298/2956/6189
f 2300/2955/6190 2304/2958/6191 2305/2959/6192 2301/2954/6193
f 2303/2943/6194 2319/2938/6195 2318/2939/6196 2302/2942/6197
f 2306/2960/6198 2337/2962/6199 2335/2927/6200 2307/2961/6201
f 2307/2961/6202 2310/2920/6203 2308/2963/6204 2306/2960/6205
f 2313/2964/6206 2340/2888/6207 2338/2966/6208 2314/2965/6209
f 2314/2965/6210 2317/2967/6211 2315/2879/6212 2313/2964/6213
f 2320/2968/6214 2327/2924/6215 2325/2970/6216 2321/2969/6217
f 2321/2969/6218 2324/2971/6219 2322/2891/6220 2320/2968/6221
f 2328/2972/6222 2343/2974/6223 2341/2923/6224 2329/2973/6225
f 2329/2973/6226 2332/2876/6227 2330/2975/6228 2328/2972/6229
s 242
f 2284/2936/6230 2286/2940/6231 2282/2931/6232 2280/2928/6233
f 2290/2944/6234 2292/2948/6235 2288/2935/6236 2282/2931/6232
f 2296/2952/6237 2298/2956/6238 2294/2947/6239 2290/2944/6234
f 2286/2940/6231 2302/2942/6240 2300/2955/6241 2296/2952/6237
f 2298/2956/6238 2325/2970/6242 2326/2925/6243 2336/2926/6244 2337/2962/6245 2294/2947/6239
f 2292/2948/6235 2308/2963/6246 2309/2921/6247 2342/2922/6248 2343/2974/6249 2288/2935/6236
f 2292/2948/6235 2311/2950/6250 2306/2960/6251 2308/2963/6246
s 241
f 2307/2961/6252 2247/2905/6104 2260/2892/6090 2310/2920/6126
s 238
f 2250/2875/6071 2245/2901/6099 2313/2964/6253 2315/2879/6074
s 242
f 2314/2965/6254 2318/2939/6255 2284/2936/6230 2317/2967/6256
s 240
f 2258/2887/6083 2246/2903/6101 2320/2968/6257 2322/2891/6086
s 242
f 2321/2969/6258 2304/2958/6259 2300/2955/6241 2324/2971/6260
s 239
f 2246/2903/6102 2252/2880/6078 2327/2924/6130 2320/2968/6261
s 242
f 2321/2969/6258 2325/2970/6242 2298/2956/6238 2304/2958/6259
s 238
f 2244/2907/6106 2251/2874/6072 2332/2876/6077 2329/2973/6262
s 242
f 2328/2972/6263 2330/2975/6264 2280/2928/6233 2333/2932/6265
f 2306/2960/6251 2311/2950/6250 2294/2947/6239 2337/2962/6245
s 239
f 2253/2881/6081 2247/2905/6113 2307/2961/6266 2335/2927/6131
s 240
f 2245/2901/6114 2259/2886/6084 2340/2888/6089 2313/2964/6267
s 242
f 2314/2965/6254 2338/2966/6268 2302/2942/6240 2318/2939/6255
f 2333/2932/6265 2288/2935/6236 2343/2974/6249 2328/2972/6263
s 241
f 2329/2973/6269 2341/2923/6127 2261/2893/6093 2244/2907/6125
s 242
f 2290/2944/6234 2282/2931/6232 2286/2940/6231 2296/2952/6237
s off
f 2301/2954/6270 2265/2977/6271 2264/2976/6272 2297/2953/6273
f 2297/2953/6274 2264/2976/6275 2266/2978/6276 2299/2957/6277
f 2299/2957/6278 2266/2978/6279 2267/2979/6280 2305/2959/6281
f 2305/2959/6282 2267/2979/6283 2265/2977/6284 2301/2954/6285
f 2291/2945/6286 2269/2981/6287 2268/2980/6288 2293/2949/6289
f 2293/2949/6290 2268/2980/6291 2270/2982/6292 2312/2951/6293
f 2312/2951/6294 2270/2982/6295 2271/2983/6296 2295/2946/6297
f 2295/2946/6298 2271/2983/6299 2269/2981/6300 2291/2945/6301
f 2285/2937/6302 2273/2985/6303 2272/2984/6304 2287/2941/6305
f 2287/2941/6306 2272/2984/6307 2274/2986/6308 2303/2943/6309
f 2303/2943/6310 2274/2986/6311 2275/2987/6312 2319/2938/6313
f 2319/2938/6314 2275/2987/6315 2273/2985/6316 2285/2937/6317
f 2334/2933/6318 2276/2989/6319 2277/2988/6320 2289/2934/6321
f 2289/2934/6322 2277/2988/6323 2278/2990/6324 2283/2930/6325
f 2283/2930/6326 2278/2990/6327 2279/2991/6328 2281/2929/6329
f 2281/2929/6330 2279/2991/6331 2276/2989/6332 2334/2933/6333
s 242
f 2317/2967/6256 2284/2936/6230 2280/2928/6233 2330/2975/6264 2331/2877/6334 2316/2878/6335
f 2324/2971/6260 2300/2955/6241 2302/2942/6240 2338/2966/6268 2339/2889/6336 2323/2890/6337
s off
f 2308/2963/6338 2310/2920/6339 2309/2921/6340
f 2315/2879/6341 2317/2967/6342 2316/2878/6343
f 2322/2891/6344 2324/2971/6345 2323/2890/6346
f 2325/2970/6347 2327/2924/6348 2326/2925/6349
f 2330/2975/6350 2332/2876/6351 2331/2877/6352
f 2335/2927/6353 2337/2962/6354 2336/2926/6355
f 2338/2966/6356 2340/2888/6357 2339/2889/6358
f 2341/2923/6359 2343/2974/6360 2342/2922/6361
f 2344/2992/6362 2346/2995/6363 2347/2994/6364 2345/2993/6365
f 2346/2995/6366 2348/2997/6367 2349/2996/6368 2347/2994/6369
f 2348/2997/6370 2350/2999/6371 2351/2998/6372 2349/2996/6373
f 2350/2999/6374 2344/3001/6375 2345/3000/6376 2351/2998/6377
f 2345/3002/6378 2347/3005/6379 2349/3004/6380 2351/3003/6381
f 2350/3006/6382 2348/3009/6383 2346/3008/6384 2344/3007/6385
s 247
f 2353/3010/6386 2359/3013/6387 2362/3012/6388 2354/3011/6389
s 248
f 2355/3014/6390 2364/3017/6391 2358/3016/6392 2352/3015/6393
s 247
f 2359/3013/6387 2360/3019/6394 2363/3018/6395 2362/3012/6388
s 249
f 2360/3019/6396 2361/3022/6397 2382/3021/6398 2381/3020/6399 2363/3018/6400
f 2356/3023/6401 2357/3027/6402 2365/3026/6403 2387/3025/6404 2386/3024/6405
s 248
f 2357/3027/6406 2358/3016/6392 2364/3017/6391 2365/3026/6407
s 251
f 2366/3028/6408 2367/3031/6409 2378/3030/6410 2379/3029/6411
s 252
f 2367//6412 2366//6413 2369//6414 2368//6415
s 253
f 2368/3032/6416 2369/3035/6417 2371/3034/6418 2370/3033/6419
f 2370/3033/6419 2371/3034/6418 2373/3037/6420 2372/3036/6421
s 249
f 2372/3036/6422 2373/3037/6423 2375/3039/6424 2374/3038/6425
f 2374/3038/6425 2375/3039/6424 2385/3042/6426 2384/3041/6427 2389/3040/6428
s 251
f 2376/3043/6429 2377/3044/6430 2379/3029/6411 2378/3030/6410
s 252
f 2355//6431 2352//6432 2367//6412 2368//6415
s 251
f 2358/3016/6433 2357/3027/6434 2376/3043/6429 2378/3030/6410
s 249
f 2357/3027/6402 2356/3023/6401 2390/3045/6435 2376/3043/6436
s 251
f 2352/3015/6437 2358/3016/6433 2378/3030/6410 2367/3031/6409
s 253
f 2368/3032/6416 2370/3033/6419 2364/3017/6438 2355/3014/6439
s off
f 2391/3046/6440 2392/3048/6441 2393/3047/6442
s 253
f 2370/3033/6419 2372/3036/6421 2365/3026/6443 2364/3017/6438
s 249
f 2372/3036/6422 2374/3038/6425 2388/3049/6444 2387/3025/6404 2365/3026/6403
s 252
f 2369//6414 2366//6413 2353//6445 2354//6446
s 253
f 2354/3011/6447 2362/3012/6448 2371/3034/6418 2369/3035/6417
f 2362/3012/6448 2363/3018/6449 2373/3037/6420 2371/3034/6418
s 249
f 2363/3018/6400 2381/3020/6399 2380/3050/6450 2375/3039/6424 2373/3037/6423
s off
f 2394/3051/6451 2395/3053/6452 2396/3052/6453
s 249
f 2377/3044/6454 2383/3054/6455 2361/3022/6397 2360/3019/6396
s 251
f 2379/3029/6411 2377/3044/6430 2360/3019/6456 2359/3013/6457
f 2366/3028/6408 2379/3029/6411 2359/3013/6457 2353/3010/6458
s off
f 2397/3055/6459 2398/3057/6460 2399/3056/6461
f 2401/3058/6462 2400/3060/6463 2402/3059/6464
s 249
f 2376/3043/6436 2384/3041/6427 2377/3044/6454
f 2380/3050/6450 2382/3021/6398 2383/3054/6455 2385/3042/6426
f 2386/3024/6405 2388/3049/6444 2389/3040/6428 2390/3045/6435
f 2380/3050/6450 2381/3020/6399 2382/3021/6398
f 2383/3054/6455 2377/3044/6454 2384/3041/6427 2385/3042/6426
f 2386/3024/6405 2387/3025/6404 2388/3049/6444
f 2389/3040/6428 2384/3041/6427 2376/3043/6436 2390/3045/6435
s off
f 2389/3040/6465 2388/3049/6466 2392/3048/6467 2391/3046/6468
f 2388/3049/6469 2374/3038/6470 2393/3047/6471 2392/3048/6472
f 2374/3038/6473 2389/3040/6474 2391/3046/6475 2393/3047/6476
f 2380/3050/6477 2385/3042/6478 2395/3053/6479 2394/3051/6480
f 2385/3042/6481 2375/3039/6482 2396/3052/6483 2395/3053/6484
f 2375/3039/6485 2380/3050/6486 2394/3051/6487 2396/3052/6488
f 2383/3054/6489 2382/3021/6490 2398/3057/6491 2397/3055/6492
f 2382/3021/6493 2361/3022/6494 2399/3056/6495 2398/3057/6496
f 2361/3022/6497 2383/3054/6498 2397/3055/6499 2399/3056/6500
f 2356/3023/6501 2386/3024/6502 2400/3060/6503 2401/3058/6504
f 2386/3024/6505 2390/3045/6506 2402/3059/6507 2400/3060/6508
f 2390/3045/6509 2356/3023/6510 2401/3058/6511 2402/3059/6512
f 2403/3061/6513 2405/3064/6514 2406/3063/6515 2404/3062/6516
f 2405/3064/6517 2407/3066/6518 2408/3065/6519 2406/3063/6520
f 2407/3066/6521 2409/3068/6522 2410/3067/6523 2408/3065/6524
f 2409/3068/6525 2403/3070/6526 2404/3069/6527 2410/3067/6528
f 2404/3071/6529 2406/3074/6530 2408/3073/6531 2410/3072/6532
f 2409/3075/6533 2407/3078/6534 2405/3077/6535 2403/3076/6536
f 2411/3079/6537 2413/3082/6538 2414/3081/6539 2412/3080/6540
f 2413/3082/6541 2415/3084/6542 2416/3083/6543 2414/3081/6544
f 2415/3084/6545 2417/3086/6546 2418/3085/6547 2416/3083/6548
f 2417/3086/6549 2411/3088/6550 2412/3087/6551 2418/3085/6552
f 2412/3089/6553 2414/3092/6554 2416/3091/6555 2418/3090/6556
f 2417/3093/6557 2415/3096/6558 2413/3095/6559 2411/3094/6560
